sentence_id,text,consensus_label
Z000162,"有人物,然後有性命之名,而仁義禮智之理。",C
Z000164,"所謂學者,求得夫此理而已。",C
Z000166,"之定序,次之以羣經,所以明此理者也,次之以孔、孟、周。",C
Z000167,"程、朱子所以傳此理者也,乃繼之以斥異端,異端所以",C
Z000170,此即理之行於天地設。,A
Z000174,"葢文以載道,理明意達則辭。",C
Z000177,"然其學既非,其理不明。",C
Z000179,末而理為本也。,C
Z000181,"複及今而觀之,則夫理一而名殊,問同而答異者淺。",C
Z000272,"處亦何嘗不以類哉?天下之理,同歸而殊塗,一致而百。",C
Z000282,"為之說曰:""理有可以類通,而非可以類止,是其然必有。",C
Z000283,"所以然學者,因其類以䆒極朱子之全書,使此理融會。",C
Z000354,非譚經論事明理之言也。,N
Z000356,"賢之域,則理有不明,心無實得,豈善學哉?惟其不善學。",C
Z000358,"是以性汨於氣,私勝而理微,注措云為,鮮有不戾道。",C
Z000390,"問:""太極不是未有天地之先,有箇渾成之物,是天地萬物之理總名否?""曰:""太極只是天地萬物之理。",C
Z000392,"未有天地之先,畢竟是先有此理。",C
Z000399,"問:""昨謂未有天地之先,畢竟是先有理如何?""曰:""未有天地之先,畢竟也只是理。",C
Z000400,"有此理,便有此天地,若無此理,便亦無天地,無人無物,都無該載了。",C
Z000401,"有理便有氣流行,發育萬物。",A
Z000402,"""曰:""發育是理,發育之否?""曰:""有此理,便有此氣,流行發育,理無形體。",B
Z000406,太極只是一箇理字。,C
Z000407,有是理後生是氣。,C
Z000409,"天下未有無理之氣,亦未有無氣之理。",C
Z000412,"先有箇天理了,却有氣,氣積為質而性具焉。",C
Z000414,"""曰:""理一分殊,合天地萬物而言,只是一箇理,及在人,則又各自有一箇理。",C
Z000415,"問理與氣曰:""有是理,便有是氣。",C
Z000416,"但理是本,而今且從理上說氣。",C
Z000427,"""又問""元亨利貞,是備箇動静隂陽之理,而《易》只謂乾有之。",C
Z000431,"""又問:""有是理而後有是氣,未有人時,此理何在?""曰:""也只在這裏。",C
Z000434,"問先有理,抑先有氣?""曰:""理未嘗離乎氣。",C
Z000435,"然理形而上者,氣形而下者,自形而上下言,豈無先後?理無形氣,便粗有渣滓。",C
Z000436,"或問:""必有是理,然後有是氣,如何?""曰:""此本無先後之可言,然必欲推其所從來,則須說先有是理。",C
Z000437,"然理又非别為一物,即存乎是氣之中。",C
Z000438,無是氣則是理亦無掛搭處。,B
Z000439,"氣則為金木水火,理則為仁義禮智。",C
Z000440,"或問理在先氣在後曰:""理與氣,本無先後之可言,但推上去時,却如理在先氣在後相似。",C
Z000441,"""又問:""理在氣中發見處如何?""曰:""如隂陽五行,錯綜不失條緒,便是理。",C
Z000442,"若氣不結聚時,理亦無所附著。",B
Z000445,"或問先有理後有氣之說曰:""不消如此說,而今知得他合下是先有理後有氣邪,後有理先有氣邪,皆不可得而推䆒。",C
Z000446,"然以意度之,則疑此氣是依傍這理行,及此氣之聚,則理亦在焉。",B
Z000447,"盖氣則能凝結造作,理却無情意,無計度、無造作,只此氣凝聚處,理便在其中。",B
Z000449,"若理則只是箇浄潔空濶底世界,無形迹,他却不會造作,氣則能醖釀凝聚生物也。",B
Z000451,"問有是理,便有是氣,似不可分先後。",C
Z000452,"""曰:""要之也先有理,只不可說是。",C
Z000453,"今日有是理,明日却有是氣也,須有先後。",C
Z000454,"且如萬一山河,天地都陷了,畢竟理却只在這裏。",C
Z000455,"徐問:""天地未判時,下面許多,都已有否?""曰:""只是都有此理。",C
Z000460,"問:""天地之心,天地之理。",U
Z000480,"凡此等類,是蒼蒼在上者,真有主宰如是邪?抑天無心,只是推原其理如此。",C
Z000481,"""曰:""此三段,只一意,這箇也只是理如此。",C
Z000484,"邵堯夫《經世吟》有云:""羲·軒·堯·舜·湯·武·桓·文,皇王·帝霸,父子·君臣四者之道理,陷於秦,降及兩漢,又歴三分,東西俶擾,南北紛紜,五胡十姓,天紀幾棼,非唐不濟,非宋不存,千世萬世　有人。",N
Z000490,有説蒼蒼者也有)(説主宰者也/有單訓理時),U
Z000562,"隂陽五行之理,須常常看得,在目前,則自然牢固矣。",C
Z000570,"""又曰:'同者理也,不同者氣也。",C
Z000571,"'又曰:'他所以道五行之生,各一其性節復問:""這箇莫是木自是木,火自是火,而其理則一。",C
Z000575,"所以為金木、水火土者是神,在人則為理,所以為仁義禮智信者是也。",C
Z000576,"金、木、水、火、土,雖曰五行,各一其性,然一物又各具五行之理,不可不知。",C
Z000590,"邵伯温載伊川言曰:'向惟見周茂叔語及此,然不及先生之有條理也。",N
Z000662,"(《義剛錄》/云前漢)(《厯志》説道理處少/不及《東漢志》較詳)淳問月令》䟽地冬上騰,夏下降是否?""曰:""未便理㑹到此,且看大綱,識得後,此處用度筭方知。",N
Z000789,"'如此則氣不和時,便無月,恐無此理。",C
Z000790,"其云三五而盈,三五而闕彼必不曾以理推之。",C
Z000791,"若以理推之,則無有盈闕也。",C
Z000812,㸔來理或有之。,C
Z000892,"張子云:'其來也,幾㣲易簡;其䆒也廣大堅固即此理也。",C
Z000900,"伊川説:""世間人説雹是蜥蜴做,初恐無是理,看來亦有之,只謂之全是蜥蜴做,則不可耳。",N
Z000952,"或問季通厯法未是,曰:""這都未理㑹得,而今須是也㑹布筭,也學得似他了,把去推測,方見得他是與不是。",N
Z000953,"而今某自不曾理㑹得,如何説得他是與不是?這也是康節説,恁地若錯時,也是康節錯了。",N
Z000996,"舊見明州人説,月加子午,則潮長,自有此理。",C
Z001034,"要作地理圖三箇様子,一寫州名,一寫縣名,一寫山川名。",N
Z001070,"因説鬼神曰:""鬼神事,自是第二着,那箇無形影,是難理會底,未消去理會。",N
Z001073,此便是合理㑹底。,N
Z001074,"理㑹得将間,鬼神自有見處。",N
Z001075,"若合理㑹底,不理㑹,只管去理㑹,沒𦂳要底,將間都沒理㑹了。",N
Z001077,今且須去理㑹眼前事。,N
Z001078,"那箇鬼神事,無形無影,莫要枉費心力,理㑹得。",N
Z001082,"如《易》便自難理㑹了,而今只據我恁地推測,不知是與不是,亦須逐一去㸔,然到極處,不過只是這箇。",N
Z001083,"或問鬼神有無曰:""此豈卒乍可説便説?公亦豈能信得?及?湏於衆理㸔得漸明,則此惑自解。",N
Z001085,"人且理㑹合當理㑹底事,其理㑹未得底,且推向一邊,待日用常行處,理㑹得透,則鬼神之理,將自見得,乃所以爲知也。",N
Z001112,"此等處,且莫要理㑹。",N
Z001114,"理有明未盡處,如何得意誠且如鬼神事,今是有是無。",C
Z001117,"""先生曰:""只是公不曾見,畢竟其理如何?南軒亦只是硬不信,有時戱説一二。",C
Z001125,"此理又不知如何造化,若用此物爲雹,則造化亦小矣。",C
Z001145,"""鄭景望遂以薛氏所見爲實理,不知此特虹霓之類耳。",N
Z001156,"""又問:""精氣凝時,此理便附在氣上否?"")曰:""天道流行,發育萬物,有理而後有氣。",A
Z001171,"若理則只泊在氣上,初不是凝結,自爲一物。",B
Z001172,"但人分上所合當然者,便是理,不可以聚散言也。",C
Z001173,"然人死雖終歸於散,然亦未便散盡,故祭祀有感格之理。",C
Z001174,"先祖世次遠者,氣之有無,不可知,然奉祭祀者,既是他子孫,畢竟只是一氣,所以有感通之理。",C
Z001185,"但人所常見,故不之怪,忽聞鬼嘯·鬼火之屬,則便以爲怪,不知此亦造化之迹,但不是正理,故爲怪異。",C
Z001187,"'皆是氣之雜揉乖戾所生,亦非理之所無也。",C
Z001189,"如冬寒夏熱,此理之正也。",C
Z001192,"○閎祖○賜)(録》云:""問:""民受天地之中以生,中是氣否?""曰:""中是理,理/便是仁義禮智,曷嘗有形象來?凡無形者,謂之理若)(氣則謂之生也。",C
Z001197,"知生則便知死,只是此理。",C
Z001201,"然人之祀祖先,却有所謂(來)(假來享,此理如何?""曰:""若是誠心感格,彼之魂氣,未盡/散,豈不來享?""又問:""如周以后稷爲始祖,以帝嚳爲所)(自出之帝子孫,相去未遠,尚可感格,至於成康以後/千有餘年,豈復有未散者而來享之乎?""曰:""夫聚散者)(氣也。",C
Z001202,"若理則只泊在氣上,初不是凝結爲一物,而爲/性也。",B
Z001204,"人死,氣亦未便散得盡,故祭祖先,有/感格之理。",C
Z001207,"若能極/其誠敬,則亦有感通之理。",C
Z001209,"""曰:""然則羊叔子識環之事)(非邪曰:""史傳此等事極多,要之不足信,便有也,不是/正理。",N
Z001210,"""又問:""世之見鬼神者甚多,不審有無如何?""曰世)(間人見者極多,豈可謂無?但非正理耳。",N
Z001239,"""盖他來則俱來,如祭祀報魂報魄,求之四方,上下便是皆有感格之理用之。",C
Z001360,"老氏惟見此理,一向自私其身。",C
Z001376,"人死則氣散,理之常也。",C
Z001429,"問:""性即是理,不可以聚散言。",C
Z001434,"然其氣雖已散,這箇天地隂陽之理,生生而不窮,祖考之精神魂魄雖已散,而子孫之精神魂魄,自有些小相屬,故祭祀之禮,盡其誠敬,便可以致得祖考之魂魄。",A
Z001435,"這箇自是難説,㸔既散後,一似都無了,能盡其誠敬,便有感格,亦縁是理常只在這裡也。",C
Z001436,"問:""鬼神以祭祀而言,天地、山川之屬,分明是一氣流通,而兼以理言之。",C
Z001437,"人之先祖,則大概以理為主,而亦兼以氣魄言之。",C
Z001438,"若上古聖賢,則只是專以理言之否?""曰:""有是理,必有是氣,不可分説都是理、都是氣,那箇不是理,那箇不是氣。",C
Z001440,"此身在天地間,便是理與氣凝聚底。",C
Z001472,"""曰:""既有此理,便有此氣。",C
Z001475,"這事又㣲妙難説,要人自㸔得世間道理,有正當易見者,又有變化無常,不可窺測者。",N
Z001477,"又如云""文王陟降,在帝左右如今若説文王真箇在上帝之左右,真箇有箇上帝,如世間所塑之像,固不可,然聖人如此説,便是有此理。",C
Z001488,"他止是要代武王之死爾用之問先生答廖子晦書云:""氣之已散者,既化而無有矣,而根於理而日生者,則固浩然而無窮也。",A
Z001490,"問""根於理而日生者,浩然而無窮此是説天地氣化之氣否?""曰:""此氣只一般周禮》所謂天神、地示、人鬼,雖有三様,其實只一般。",C
Z001496,"然聖人制禮,惟繼其國者,則合祭之,非在其國者,便不當祭,便是理合如此道理合如此,便有此氣。",C
Z001498,"又如晋侯夢黄熊入寢門,以為鯀之神,亦是此類,不成説有子孫底,方有感格之理,便使其無子孫,其氣亦未嘗亡也。",C
Z001501,"所以説洋洋乎如在其上,如在其左右,虚空偪塞,無非此理。",C
Z001519,"問:""祭祀之理,還是有其誠則有其神,無其誠則無其神否?""曰:""鬼神之理,即是此心之理。",C
Z001537,"若相奪予享事,如伊川所謂,别是一理否?""曰:""他夢如此,不知是如何。",C
Z001551,"司命、中霤、竈與門行,人之所用者,有動有靜,有作有止,故亦有隂陽鬼神之理。",C
Z001559,"今人祭祀,從何而求之?""曰:""如子祭祖先,以氣類而求,以我之氣感召,便是祖先之氣,故(想之如在,此感通之理也。",C
Z001567,"今塑像髙髙在上,而設器皿於地,甚無義理。",N
Z001633,"問:""道理有正則有邪,有是則有非,鬼神之事亦然。",N
Z001638,"'此其理行正當,事人自不作怪棄常。",A
Z001658,"先生答黄商伯書,有云:""論萬物之一原,則理同而氣異;觀萬物之異體,則氣猶相近,而理絶不同。",C
Z001660,"下句是就萬物已得之後説,以其雖有清濁之不同,而同此二五之氣,故氣相近;以其昏明開塞之甚逺,故理絶不同中庸》是論其方付之初集注》是看其已得之後曰:""氣相近。",C
Z001661,"如知寒煖識饑飽,好生惡死,趨利避害,人與物都一般,理不同。",C
Z001668,"問:""人物皆禀天地之理以為性,皆受天地之氣以為形。",C
Z001670,"若在物言之,不知是所禀之理,便有不全耶?亦是縁氣禀之昏蔽,故如此耶?""曰:""惟其所受之氣,只有許多,故其理亦只有許多如犬馬。",C
Z001672,"""又問:""物物具一太極,則是理無不全也。",C
Z001674,"以理言之,則無不全,以氣言之,則不能無偏。",C
Z001678,然在人則蔽塞有可通之理。,C
Z001692,"人物之生,天賦之以此理未嘗不同,但人物之禀受,自有異耳。",C
Z001694,"至於一桶一缸,各自隨器量不同,故理亦隨以異。",C
Z001695,"問人則能推,物則不能推曰:""謂物無此理不得。",C
Z001702,"同者其理也,異者,其氣也。",C
Z001703,"必得是理而後,有以為人物之性,則其所謂同然者,固不得而異也;必得是氣而後,有以為人物之形,則所謂異者,亦不得而同也。",C
Z001704,"是以先生於《大學或問》,因謂以其理而言之,則萬物一原,固無一物貴賤之殊,以其氣而言之,則得其正者,通者為人,得其偏且塞者為物。",C
Z001706,"然其氣雖有不齊,而得之以有生者,在人物莫不皆有理。",C
Z001707,"雖有所謂同,而得之以為性者,人則獨異於物,故為知覺為運動者,此氣也;為仁義為禮智者,此理也。",C
Z001708,"知覺運動,人能之,物亦能之,而仁義禮智,則物固有之,而豈能全之乎?今告子乃欲指其氣而遺其理,梏於其同者,而不知其所謂異者,此所以見闢於《孟子》,而先生於《集註》則亦以為以氣言之,則知覺運動,人物若不異,以理言之,則仁義禮智之禀,非物之所能全也。",C
Z001709,"於此則言氣同而理異者,所以見人之為貴,非物之所能並;於彼則言理同而氣異者,所以見太極之無虧欠,而非有我之所得為也。",C
Z001718,"問:""虎狼之父子,蜂蟻之君臣,豺獺之報本,睢鳩之有别,物雖得其一偏,然徹頭徹尾,得義理之正。",C
Z001719,"人合下具此天命之全體,乃為物欲氣禀所昏,反不能如物之能通其一處而全盡,何也?""曰:""物只有這一處,通便却專,人卻事事理㑹得些,便却泛泛,所以易昏。",N
Z001736,"性即是理,有性即有氣。",C
Z001737,"是他禀得許多氣,故亦只有許多理。",C
Z001743,"問:""枯槁之物,亦有性是如何?""曰:""是他合下有此理,故云天下無性外之物。",C
Z001744,"'因行街云:""階磚便有磚之理,因坐云""竹椅便有竹椅之理。",C
Z001745,"枯槁之物,謂之無生意則可,謂之無生理則不可。",C
Z001747,"然燒甚麽木,則是甚麽氣?亦各不同,這是理元如此。",C
Z001748,"問:""枯槁有理否?""曰:""才有物便有理。",C
Z001749,"天不曾生箇筆,人把兔毫來做筆,才有筆便有理。",C
Z001751,"問:""理是人物同得於天者,如物之無情者,亦有理否?""曰:""固是有理。",C
Z001786,然這箇亦只是理如此。,C
Z001787,"天下莫尊於理,故以帝名之。",C
Z001793,"語厚之昨晩說""造化為性,不是造化,已是形而下,所以造化之理,是形而上。",C
Z001794,"蜚卿問""純亦不已,是理是氣?""曰:""是理。",C
Z001795,"天命之謂性,亦是理。",C
Z001797,"""某問""天命之謂性,只是主理言,纔説命,則氣亦在其間矣。",C
Z001802,""")程子""性即理也此説最好。",C
Z001803,"今且以理言之,畢竟却無形影,只是這一箇道理在人。",C
Z001805,然四者有何形狀?亦只是有如此道理。,C
Z001806,"有如此道理,便做得許多事出來,所以能惻隠、羞惡、辭遜、是非也。",A
Z001811,"盖性中所有道理,只是仁義禮智,便是實理。",C
Z001818,"""又曰:""只管説出語言,理㑹得,只見事多,却不如都不理㑹得底。",N
Z001819,"""又曰:""然亦不可含糊,亦要理㑹得箇名義著落。",N
Z001828,"若無此氣,則此理如何頓放?(《必大録》此云:""有氣/質之性,無天命之)(性亦做人不得;有天命之性/無氣質之性,亦做人不得"")天命之性,本未嘗偏,但氣質所禀,却有偏處。",B
Z001829,"氣有昏明厚薄之不同,然仁義禮智,亦無闕一之理。",C
Z001841,"既不論性,便却將此理來昏了。",C
Z001847,"人之所以生,理與氣合而已。",C
Z001848,"天理固浩浩不窮,然非是氣,則雖有是理而無所湊泊,故必二氣交感,凝結生聚,然後是理有所附著。",B
Z001868,"性只是理,然無那天氣地質,則此理沒安頓處。",B
Z001869,"但得氣之清明,則不蔽錮,此理順發出來。",A
Z001870,"蔽錮少者,發出來,天理勝,蔽錮多者,則私欲勝,便見得本原之性,無有不善。",A
Z001879,"大抵此理,有未分曉處。",C
Z001883,"如果能曉得此理,如何不與大家知?",C
Z001884,"性只是理,氣質之性,亦只是這裡出。",C
Z001887,"論天地之性,則專指理言;論氣質之性,則以理與氣雜而言之。",C
Z001890,"至論其徧體於物,無處不在,則又不論氣之精粗,莫不有是理人。",C
Z001901,"當然之理,無有不善者,故孟子之言性,指性之本而言。",C
Z001904,"天地間只是一箇道理,性便是理。",C
Z001911,"問天理變易無窮,由一隂一陽,生生不窮。",A
Z001912,"繼之者善,全是天理,安得不善?孟子言性之本體以為善者是也。",C
Z001917,"""曰:""既謂之大本,只是理善而已。",C
Z001919,"問:""理無不善,則氣胡為有清濁之殊?""曰:""才説著氣,便自有寒有熱,有香有臭。",C
Z001923,"氣升降無時止息,理只附氣。",B
Z001969,"若不論那氣,這道理便不周匝,所以不備。",C
Z001970,"若只論氣禀,這箇善、這箇惡,却不論那一原處,只是這箇道理,又却不明。",C
Z001972,"謙之問:""天地之氣,當其昏明駁雜之時,則其理亦隨而昏明駁雜否?""曰:""理却只恁地,只是氣自如此。",B
Z001973,"""又問:""若氣如此,理不如此,則是理與氣相離矣。",C
Z001977,"有那村知縣,硬自捉縛,須要他納縁被他近了,更自呌,上面不應,便見得那氣粗而理㣲。",C
Z001984,"將性對氣字看,性即是此理。",C
Z001985,"理無不善者,因堕在形氣中,故有不同。",C
Z001987,"但氣禀偏,則理亦欠闕了。",C
Z001991,"""又問""性命於氣,是性命都由氣,則性不能全其本然,命不能順其自然;性命於徳,是性命都由徳,則性能全天性,命能順天理否?""曰:""固是。",C
Z001996,"性便是理,氣便是氣,是未分别説,其實理無氣,亦無所附。",B
Z001997,"""又問""人生氣禀,理有善惡云云,善固性也,然惡亦不可不謂之性也。",C
Z002008,"""曰:""它這是合理氣一滚説到孟子説性,便是從中間斡出好底説,故謂。",N
Z002017,"""又問""此理,天命也。",C
Z002018,"它這處方提起以此理説,則是純指上面天理而言,不雜氣説。",C
Z002020,"""又曰:""理離氣不得,而今講學用心著力,却是用這氣去尋箇道理。",B
Z002031,"有是理而後有是氣,有是氣則必有是理。",C
Z002034,"物亦有是理,又如寳珠落在至汙濁處,然其所禀,亦間有些明處,就上面便自不昧。",C
Z002036,"理在氣中,如一箇明珠在水裡。",C
Z002037,"理在清底氣中,如珠在那清底水裡面,透底都明;理在濁底氣中,如珠在那濁底水裡面,外面更不見光明處。",C
Z002051,"今人有聰明事事曉者,其氣清矣,而所為未必皆中於理,則是其氣不醇也;有謹厚忠信者,其氣醇矣,而所知未必皆達於理,則是其氣不清也。",C
Z002061,"若功夫未到,則氣質之性,不得不重;若功夫至,則氣質豈得不聽命於義理也?須著如此説方盡。",C
Z002085,"""曰:""如才不足人明得理,可為否?""曰:""若明得盡,豈不可為?所謂克念作聖是也。",C
Z002089,"今以五行枝榦,推筭人命,與夫地理家推擇山林向背,皆是此理。",C
Z002103,"問氣禀云云曰:""天理明則彼如何著得?""",C
Z002105,"'此是兼氣質與所禀之理而言否?""曰:""然。",C
Z002106,"問指屋柱云:""此理也。",C
Z002118,"安卿問:""命字,有專以理言者,有專以氣言者,曰:""也都相離不得。",C
Z002120,"問:""先生説命有兩種,一種是貧富、貴賤、死生、壽夭,一種是清濁偏正、智愚、賢不肖,一種屬氣,一種屬理。",C
Z002124,性則命之理而已。,C
Z002125,"問:""性分、命分,何以别?""曰:""性分是以理言之,命分是兼氣言之。",C
Z002126,"命分有多寡厚薄之不同,若性分則又都一般,此理聖愚賢否皆同。",C
Z002127,"命之一字,如天命謂性之命,是言所禀之理也性也;有命焉之命,是言所禀之分,有多寡厚薄之不同也。",C
Z002129,"天命謂性之命,是純乎理言之。",C
Z002131,"但《中庸》此句,乃是以理言之孟子謂'性也有命焉此性是兼氣禀食色言之,命也有性焉此命是帶氣言之。",C
Z002134,"禀得精英之氣,便為聖為賢,便是得理之全,得理之正。",C
Z002137,"""又曰:""天之所命,固是均一,到氣禀處,便有不齊,看其禀得來如何,禀得厚道理也。",C
Z002140,"(别本云:""道/理只一般)氣禀譬如俸給,貴如官髙者,賤如官卑者,富如俸厚者,貧如俸薄者,夀如三兩年一任又再任者,夭者。",C
Z002161,"""因問:""如今數家之學,如康節之説,謂皆一定而不可易,如何?""曰:""也只是隂陽盛衰消長之理,大數可見。",C
Z002165,"夫此命是天理本然之命否?""曰:""此只是氣禀之命。",C
Z002173,"知天命,謂知其理之所自來。",C
Z002199,"""底事多,其理只一般。",C
Z002200,"敬子問自然之數曰:""有人禀得氣厚者則福厚,氣薄者則福薄,禀得氣之華美者則富盛,衰颯者則卑賤,氣長者則壽,氣短者則夭折,此必然之理。",C
Z002201,"""問:""神仙之説,有之乎?""曰:""誰人説無?誠有此理,只是他那工夫,大段難做。",C
Z002223,"問:""天與命、性與理四者之别,天則就其自然者言之,命則就其流行而賦於物者言之;性則就其全體而萬物所得以為生者言之,理則就其事事物物各有其則者言之。",C
Z002224,"到得合而言之,則天即理也,命即性也,性即埋也。",C
Z002228,"理者,天之體,命者理之用。",C
Z002236,"在心唤做性,在事唤做理。",C
Z002238,性只是此理。,C
Z002241,"性則天生,成許多道理。",A
Z002242,"性是許多理,散在處為性。",C
Z002243,"問:""性既無形,復言以理,理又不可見。",C
Z002244,"""曰:""父子有父子之理,君臣有君臣之理。",C
Z002245,"性是實理,仁義禮智皆具。",C
Z002246,"問:""性固是理,然性之徳,還是就人生禀得言之否?""曰:""繼之者善,成之者性。",C
Z002247,"這箇理在天地間時只是善,無有不善者。",C
Z002249,"要之這理在天則曰命,在人則曰性。",C
Z002251,"其惻隠便是仁之善,羞惡便是義之善,到動極復靜處,依舊只是理。",C
Z002264,"看來心有動靜,其體則謂之易,其理則謂之道,其用則謂之神。",C
Z002269,'這説心是合理説。,N
Z002270,"如説顔子其心三月不違仁是心為主而不違乎理,就地頭看始得。",C
Z002273,"盖太極是理,形而上者;隂陽是氣,形而下者。",C
Z002281,"心之理是太極,心之動靜是隂陽。",C
Z002283,"問靈處是心,抑是性?""曰:""靈處只是心,不是性,性只是理。",C
Z002284,"問:""知覺是心之靈,固如此,抑氣之為邪?""曰:""不專是氣,是先有知覺之理。",A
Z002288,"所知覺者是理,理不離知覺,知覺不離理。",C
Z002289,"問:""心是知覺,性是理,心與理,如何得貫通為一?""曰:""不須去著貫通。",C
Z002290,"本來貫通,如何本來貫通?""曰:""理無心則無著處。",B
Z002291,"所覺者,心之理也;能覺者,氣之靈也。",C
Z002300,"心與理一,不是理在前面為一物,理便在心之中,心包蓄不住,隨事而發。",C
Z002304,"問:""心之為物,衆理具足,所發之善,固出於心,至所發不善,皆氣禀物欲之私,亦出於心否?""曰:""固非心之本體,然亦是出於心也。",C
Z002334,"""問:""如此則心之理,乃是形而上否?""曰:""心比性則㣲有迹,比氣則自然又靈。",C
Z002361,"性雖虚,都是實理。",C
Z002362,"心雖是一物,却虚,故能包含萬理。",C
Z002364,"""(學䝉○《方子録》云:""性/本是無,却是實理心)(似乎有影象/,然其體却虚)",C
Z002366,"性便是心之所有之理,心便是理之所㑹之地。",C
Z002367,"性是理,心是包含該載敷施發用底。",C
Z002370,"盖心之所以具是理者,以有性故也。",C
Z002376,"心性理,拈著一箇,則都貫穿,惟觀其所指處,輕重如何。",C
Z002378,"存雖指理言,然心自在其中,操則存此存雖指心言,然理自在其中。",C
Z002384,"嘗曰:""性者,心之理;情者,性之動,心者,性情之主。",C
Z002391,"四端,情也,性則理也,發者,情也,其本則性也,如見影知形之意。",C
Z002399,"四者之萌,皆出於心,而其所以然者,則是此性之理所在也。",C
Z002413,"或問靜是性,動是情曰:""大抵都主於心,性字從心從生,情字從心從青,性是有此理。",C
Z002438,"""盖性即心之理,情即性之用。",C
Z002448,程子云:'性即理也此言極無病。,C
Z002452,"如今人全不曾理㑹,才見一庸人妄説,便從他去。",N
Z002461,"性是理之總名,仁義、禮智,皆性中一理之名。",C
Z002470,"因一事研磨一理,乆乆自然光明,如一鏡然。",C
Z002476,"有一人入潭州城裡説,人便靡然從之,此是何道理?學問只理㑹箇是與不是,不要添許多無益説話。",N
Z002477,"今人為學,多是為名,又去安排討名,全不顧義理説苑》載證父者,以為直及加刑,又請代受以。",N
Z002493,"伊川""性即理也,横渠""心統性情""二句,顛撲不破。",C
Z002506,"性以理言,情乃發用處。",C
Z002514,"心之全體,湛然虚明,萬理具足,無一毫私欲之間。",C
Z002519,"""曰:""虚明不昧,便是心,此理具足於中,無少欠闕,便是性;感物而動,便是情。",C
Z002524,"問心、性、情之辨曰:""程子云:'心譬如榖種,其中具生之理是性;陽氣發生處是情。",C
Z002530,"性主具有許多道理,昭昭然者,屬性未發理具已發,理應則屬心,動發則情,所以存其心則養其性,心該備通貫主宰運用。",C
Z002539,"心意猶有痕跡,如性則全無兆朕,只是許多道理在這理。",C
Z002548,"未動而能動者,理也;未動而欲動者,意也。",A
Z002549,"性者,即天理也。",C
Z002550,"萬物禀而受之,無一理之不具。",C
Z002562,"心兼體用而言,性是心之理,情是心之用。",C
Z002569,"心譬水也,性,水之理也。",C
Z002577,"但看明道云:'其體則謂之易,其理則謂之道,其用則謂之神易,心也,道,性也,神,情也。",C
Z002579,"性者,心之理,情者,心之動。",C
Z002585,"形而上者,全是天理,形而下者,只是那渣滓,至於形,又是渣滓至濁者也。",C
Z002607,"道是統名,理是細目。",C
Z002612,"理是有條瓣,逐一路子,以各有條謂之理,人所共由謂之道。",C
Z002617,"問萬物粲然,還同不同,曰:""理只是這一箇道,理則同,其分不同。",C
Z002618,"君臣有君臣之理,父子有父子之理。",C
Z002620,"問:""既是一理,又謂五常,何也?""曰:""謂之一理亦可,五理亦可。",C
Z002623,"只是這箇理,分做四段,又分做八段,又細碎分將去。",C
Z002627,"理只是一箇理理,舉著全無欠闕。",C
Z002629,"只為只是這箇道理,自然血脉貫通。",C
Z002637,有心便存得許多理。,C
Z002638,"季通云:""理有流行,有對待,先有流行,後有對待。",A
Z002641,"先生與人書中曰:""至㣲之理、至著之事,一以貫之。",C
Z002642,理無事則無所依附。,B
Z002653,"存之於中為理,得之於心為徳,發見於行事為百行。",C
Z002668,"體是這箇道理,用是他用處。",C
Z002669,"如耳聽目視,自然如此,是理也。",C
Z002681,"問:""去嵗聞先生曰:""只是一箇道理,其分不同。",C
Z002682,"所謂分者,莫只是理一,而其用不同。",C
Z002685,"""問:""體用皆異?""曰:""如這片板,只是一箇道理,這一路子恁地去,那一路子恁地去,如一所屋,只是一箇道理,有㕔有堂,如草木,只是一箇道理,有桃有李,如這衆人,只是一箇道理,有張三有李四,李四不可為張三,張三不可為李四。",C
Z002686,如隂陽西銘》言理一分殊亦是如此。,C
Z002687,"""又曰:""分得愈見不同,愈見得理大。",C
Z002688,誠者實有此理。,C
Z002690,又云誠是理。,C
Z002691,"""(一作'只是/理○去偽)",U
Z002696,"性是理底名,誠是好處底名。",C
Z002716,"誠者,實有之理,自然如此。",C
Z002722,"或問:""誠是體,仁是用否?""曰:""理一也。",C
Z002727,"或問:""誠是渾然不動,仁是此理流出否?""曰:""自性言之,仁亦未是流出。",C
Z002728,"但其生動之理,包得四者。",A
Z002731,"誠是實有此理,中是狀物之體段,浩然之氣,只是為氣而言。",C
Z002732,"問:""仁義禮智誠中庸》,不知如何看?""曰:""仁義禮智,乃未發之性,所謂誠中庸》,皆已發之理。",C
Z002735,"大而天地萬物,小而起居食息,皆太極隂陽之理也。",C
Z002743,"大抵天地間只一理,隨其到處,分許多名字出來。",C
Z002744,"四者於五行各有配,惟信配土,以見仁義禮智實有此理,不是虚説。",C
Z002753,"嘗言仁義禮智,而以手指畫扇中心曰:""只是一箇道理,分為兩箇。",C
Z002789,"""曰:""先有是生理,三者,由此推之。",C
Z002806,"性無形影,可以摸索,只是有這理耳。",C
Z002825,"問:""仁、義、禮智四者皆一理。",C
Z002828,"然統言之,只是發明智字,故知理只是一理,聖人特於盛處發明之爾。",C
Z002829,"""曰:""理固是一貫,謂之一理,則又不必疑其多。",C
Z002830,"自一理散為萬事,則燦然有條而不可亂。",A
Z002831,"逐事自有一理,逐物自有一名,各有攸當。",C
Z002857,"體仁足以長人,以仁為體,而温厚慈愛之理,由此發出也。",A
Z002896,"人之所以為人,其理則天地之理,其氣則天地之氣,理無迹不可見,故於氣觀之,要識仁之意思,是一箇渾然温和之氣,其氣則天地陽春之氣,其理則天地生物之心。",C
Z002924,"若見得此理,則聖人言仁處,或就人上説,或就事上説,皆是這一箇道理。",C
Z002926,"""又曰:""若曉得此理,便見得克己復禮,私欲盡去,便純是温和沖粹之氣,乃天地生物之心。",C
Z002929,"""趙致道云:""李先生云仁是天理之統體先生曰:""是。",C
Z002986,"盖此是萬理之原,萬事之本,且要先識認得,先存養得,方有下手立脚處耳。",C
Z002989,"○將愛之理,在自家心上,自體認思量,便見得仁。",C
Z003024,"仁是愛底道理,公是仁底道理,故公則仁,仁則愛。",C
Z003030,"""又曰:""仁是本有之理,公是克己工夫極至處,故惟仁然後能公。",C
Z003036,"做到私欲淨盡,天理流行,便是仁。",A
Z003038,"""曰:""只是一箇渾然天理。",C
Z003067,"仁是天理,公是天理。",C
Z003115,"若説時,只是形容箇黑白道理,更不得犯。",N
Z003169,"就知識處看,用著知識者是知,就理上看,所以為是為非者,亦知也。",C
Z003170,"一屬理,一屬情。",C
Z003198,"自十六七入大學,然後教之以理,如致知、格物及所以為忠信、孝弟者。",C
Z003209,"但須莊敬誠實,立其基本,逐事逐物,理㑹道理,待此通透,意誠心正了,就切身處理㑹,旋旋去理㑹。",N
Z003211,"如禮樂、射、書數,也是合當理㑹底,皆是切用。",N
Z003212,"但不先就切身處,理㑹得道理,便教考究得些禮文制度,又干自家身己甚事?",N
Z003217,"今人既無本領,只去理㑹許多閒骨董,百方措置思索,反以害心。",N
Z003218,"問大學》與《小學》,不是截然為二小學》是學其事大學》是窮其理,以盡其事否?""曰:""只是一箇事小學》是學事親,學事長,且直理㑹那事大學》是就上面委曲詳究那理,其所以事親是何如,所以事長是何如?古人於《小學》,存養已熟,根基已深厚,到《大學》,只就上面,㸃化出些精彩。",N
Z003232,"教小兒只説箇義理,大概只眼前事。",N
Z003236,"先生初令義剛訓二三小子,見教曰:""授書莫限長短,但文理斷處便住。",N
Z003259,"或問:""某今看《大學》,如《小學》中有未曉處,亦要理㑹。",N
Z003261,"學者於文為度數,不可存終理㑹不得之心。",N
Z003262,"須立箇大規模,都要理㑹得。",N
Z003306,"常人之學,多是偏於一理,主於一説,故不見四旁,以起爭辯。",C
Z003324,"須就源頭看教大底道理透濶,開基廣開址。",N
Z003326,"縁這道理本同,甲有許多,乙也有許多,丙也有許多。",N
Z003327,學須先理㑹那大底。,N
Z003328,"理㑹得大底了,將來那裏面小底,自然通透。",N
Z003329,"今人却是理㑹那大底不得,只去搜尋裏面小小節目。",N
Z003331,"若能於一處大處攻得破,見那許多零碎,只是這一箇道理,方是快活。",N
Z003332,"然零碎底,非是不當理㑹,但大處攻不破,縱零碎理㑹得些少,終不快活。",N
Z003335,學只要理㑹得這一箇道理。,N
Z003338,"要緊只是看教大底道理分明,偏處自見得。",N
Z003341,"若見得大底道理分明,有病痛處,也自㑹變移,不自知不消得費力。",N
Z003346,"學者貪髙慕逺,不肯從近處做去,如何理㑹得大頭項底?而今也有不曽從裏做得底,外面也做得好。",N
Z003350,"古人於《小學》小事中,便皆存箇《大學》大事底道理。",N
Z003351,"在《大學》只是推將開濶去,向來小時做底道理存其中,正似一箇坯素相似。",N
Z003356,"惟既識得箇入頭,却事事須著理㑹。",N
Z003359,"既識得路頭許多事,都自是合著如此,不如此不得,自是天理,合下當然。",C
Z003391,"孟子道性善,言必稱堯、舜,此是真實道理。",N
Z003393,"這些道理,更無走作,只是一箇性善,可至堯、舜,别没去處了。",N
Z003399,"或掇拾言語,綴緝時文,如此為學,却於自家身上,有何交涉?這裏須用著意理㑹。",N
Z003411,"如今學者,只是立得志定,講究得義理分明。",N
Z003419,"就此理㑹得透,自可超凡入聖。",N
Z003431,"道不能安坐,等其自至,只待别人理㑹來,放自家口裏。",N
Z003436,"盖道理縝宻,去那裏捉摸,若不下工夫,如何㑹了得?",N
Z003446,"且理㑹去,未須計其得。",N
Z003477,"須磨礪精神,去理㑹天下事,非燕安暇豫之可得。",N
Z003495,"學者只是不為己,故日間此心,安頓在義理上時少,安頓在閑事上時多,於義理却生,於閒事却熟。",N
Z003497,"要緊是為己為人之際,為己者直拔要理㑹這箇物事,欲自家理㑹得,不是漫恁地理㑹,且恁地理㑹做好看。",N
Z003498,"教人説道自家也曽理㑹來,這假饒理㑹得十分是當,也都不闗自身己事。",N
Z003499,"要須先理㑹這箇路頭,若分别得了,方可理㑹文字。",N
Z003502,"又言:""此間學者多好髙,只是將義理,略從肚裏過,却飜出許多説話。",N
Z003512,"為學須是切實為己,則安靜篤實,承載得許多道理。",N
Z003514,"入道之門,是將自家身己,入那道理中去,漸漸相親,乆之與己為一,而今人道理在這裏,自家身在外面,全不曽相干涉。",N
Z003516,"聖賢千言萬語,儘自多了,前輩説得分曉了,如何不切己去理㑹?如今看文字,且要以前賢程先生等所解為主,看它所説如何,聖賢言語如何,將己來聽命於它切己,思量體察,就日用常行中,著衣喫飯,事親從兄,盡是問學。",N
Z003521,"此事自有大綱,亦有節目常存,大綱在我,至於節目之間,無非此理,體認省察,一毫不可放過。",C
Z003522,"理明學至,件件是自家物事,然亦須各有倫序。",C
Z003524,"此一件為先,此一件為後,此一件為大,此一件為小,隨人所為,先其易,闕其難者,將來難者,亦自可理㑹。",N
Z003526,"且放下,未要理㑹亦得。",N
Z003527,"如《詩書》,直是不可不先理㑹。",N
Z003528,"又如《詩》之名數書》之《盤誥》,恐難理㑹。",N
Z003529,"且先讀《典謨之書、雅頌之詩,何嘗一言一句不説道理,何嘗深潜諦玩,無有滋味?只是人不曽子細看。",N
Z003532,"事中自有一箇平平當當道理,只是人討不出,只隨事滚將去,亦做得,却有掣肘不中節處,亦縁鹵莽了。",N
Z003534,"佛家一向撤去,許多事,只理㑹自身已。",N
Z003535,"其教雖不是,其意思却是要自理㑹。",N
Z003537,"今世儒者,能守經者,理㑹講解而已,看史傳者,計較利害而已。",N
Z003538,"那人直是要理㑹身已,從自家身己做去,不理㑹自身己,説甚别人長短?明道曰:""不立己後,雖向好事,猶為化物,不得,以天下萬物撓已。",N
Z003549,"天台教專理㑹講解,慈恩教亦只是講解。",N
Z003550,"吾儒家若見得道理透,就自家身心上,理㑹得本領,便自兼得禪底講説辨訂,便自兼得教底動由規矩,便自兼得律底事事,是自家合理㑹。",N
Z003551,"顔淵問""為邦,看它陋巷簞瓢如此,又却問""為邦之事,只是合當理㑹,看得是合做底事。",N
Z003552,"若理㑹得入頭,意思一齊都轉,若不理㑹得入頭,少間百事皆差錯,若差了路頭底,亦多端。",N
Z003557,"吾儒惟專一於道理,則自有得。",N
Z003560,"人白睚不得,要將聖賢道理扶持。",N
Z003569,"譬如登山,人多要至髙處,不知自底處,不理㑹,終無至髙處之理。",N
Z003579,"若一畨理㑹不了,又作一畨理㑹,終不濟事。",N
Z003586,"徹上徹下,無精粗本末,只是一理。",C
Z003588,學問不只於一事一路上理㑹。,N
Z003602,"學問須嚴宻理㑹,銖分毫析。",N
Z003619,"虚心順理,學者當守此四字。",C
Z003620,"聖人與理為一,是恰好。",C
Z003621,"其它以心處這理,却是未熟,要將此心處理。",C
Z003632,"又有讀書見義理,釋書義理不見,亦可慮。",N
Z003650,"為學者,須從窮理上做工夫。",N
Z003656,"看得道理熟後,只除了這道理,是真實法外見世間萬事,顛倒迷妄,耽嗜戀著,無一不是戱劇,真不堪著眼也。",N
Z003657,"又答人書云:""世間萬事,須㬰變滅,皆不足置胸中,惟有窮理脩身,為究竟法耳。",N
Z003658,"大凡人只合講明道理而謹守之,以順全於天之所與者。",N
Z003660,"因説索麪曰:""今人於飲食動使之物,日極其精巧,到得義理,却不理㑹,漸漸昏蔽了,都不知。",N
Z003670,"問南軒云:'致知力行,互相發曰:""未須理㑹相發。",N
Z003671,"且各項做将去,若知有未至,則就知上理㑹;行有未至,則就行上理㑹,少間自是互相發。",N
Z003740,"學者喫緊,是要理㑹這一個心,那紙上説底,全然靠不得。",N
Z003742,"""?""先生曰:""又不可一向去無形迹處尋更宜於日用事物,經書指意、史傳得失上做工夫,即精粗表裏,融㑹貫通,而無一理之不盡矣。",N
Z003752,"痛理㑹一畨,如血戰相似,然後涵養將去。",N
Z003753,"因自云:""某如今雖便静坐,道理自見得,未能識得涵養個甚。",N
Z003754,"有人專要理㑹躬行,此亦是孤。",N
Z003755,"王子充問:""某在湖南見一先生,只敎人踐履,曰:'義理不明,如何踐履?'曰:""它説行得便見得。",N
Z003757,"自有一般資質好底人,便不須窮理、格物致知。",N
Z003759,"若講得道理明時,自是事親不得不孝,事兄不得不弟,交朋友不得不信。",N
Z003761,"若不見這個理,心是如何地治,身是如何地修?若如此説,資質好底,便養得成,只是個無能底人,資質不好,便都執縛不住了。",C
Z003763,"""古訓何消讀它做甚?盖聖賢説出道理都在裏,必學乎此而後,可以有得。",N
Z003778,"學者須常存此心,漸將義理,只管去灌溉。",N
Z003797,"所以説窮理,便只要理㑹這些子。",N
Z003798,"這個道理,與生俱生。",C
Z003799,"今人只安頓放那空處,都不理㑹,浮生浪老,也甚可惜。",N
Z003800,"要之理㑹出來,亦不是差異底事,不知如何理㑹個得恁少看它,自是甘於無知了。",N
Z003801,"今既要理㑹,也須理㑹取透,莫要半青半黄,下梢都不濟事。",N
Z003803,"一心具萬理,能存心而後,可以窮理。",C
Z003804,"心包萬理,萬理具于一心。",C
Z003805,"不能存得心,不能窮得理;不能窮得理,不能盡得心。",C
Z003806,"窮理,以虛心静慮為本。",C
Z003808,"或問:""而今看道理不出,只是心不虛静否?""曰:""也是不曾去看㑹看底,就看處自虛静,這個互相發。",N
Z003809,"而今看道理不見,不是不知,只是為物塞了。",N
Z003811,"張子云:""義理有疑,則濯去舊見,以來新意。",N
Z003813,"理不是在面前,别為一物,即在吾心。",C
Z003817,"曹問:""有可一底道理否?""曰:""多見後自然貫。",N
Z003819,"但心安後,便是義理。",N
Z003820,"器逺問:""窮事物之理,還當窮究個總㑹處如何?""曰:""不消説總㑹。",N
Z003823,"凡看道理,要見得大頭腦處分明,下面節節,只是此理㪚為萬殊。",C
Z003824,"如孔子敎人,只是逐件逐事説個道理,未嘗説出大頭腦處。",N
Z003829,"若今看得太極處分明,則必能見得天下許多道理條件,皆自此出,事事物物上,皆有個道理,元無虧欠也。",C
Z003831,"雖聖人不作,這天理自在天地間。",C
Z003833,"天地間只是這個道理,流行周徧,不應説道。",A
Z003834,"聖人不言這道理,便不在這道理,自是長在天地間,只借聖人來説一遍過。",C
Z003835,且如《易》只是一個隂陽之理而已。,C
Z003840,"且如《書》載堯、舜、禹許多事業與夫都俞吁咈之言,無非是至理。",C
Z003841,"這道理,若見得到,只是合當如此。",C
Z003845,"如穿牛鼻、絡馬首,這也是天理合當如此,若絡牛首、穿馬鼻,定是不得。",C
Z003846,"如適來説克已,伊川只説個敬,今人也知道敬,只是不常如此,常常如此,少間自見得是非道理分明。",N
Z003849,"這便著將前聖所説道理所做様子,看,教心下是非分明。",N
Z003850,"人看得義理熟時,自然好。",N
Z003851,"心熟後,自然有見理處。",N
Z003852,"熟則心精微不見理,只縁是心粗辭達而已矣。",N
Z003854,"學者理㑹道理,當深沈潜思。",N
Z003855,"義理儘無窮,前人恁地説,亦未必盡。",N
Z003857,"道理既知縫罅,但當窮而又窮,不可安于小成而遽止也。",N
Z003858,今只是要理㑹道理。,N
Z003859,"若理㑹得一分,便有一分受用;理㑹得二分,便有二分受用。",N
Z003863,"道理無窮,你要去做,又做不辦,極力做得三五件,又倦了。",N
Z003865,"大凡義理,積得多後,貫通了,自然見效。",N
Z003866,"不是今日理㑹得一件,便要做一件用。",N
Z003874,"理㑹道理,到衆説紛然處却好,定著精神看一看。",N
Z003876,"道理有面前底道理,平易自在,説出来底便好,説得出來﨑嶇底便不好。",N
Z003879,"看道理,須是見得實,方是有功效處。",N
Z003881,"理只要理㑹透徹,更不理㑹文辭,恐未達而便欲已也。",N
Z003882,"或問:""如何是反身窮理?""曰:""反身是著實之謂,向自家體分上求。",N
Z003884,"道理只平看,意思自見,不須先立説。",N
Z003885,"便是看義理難,又要寛著心,又要𦂳著心。",N
Z003886,"這心不寛,則不足以見其規模之大,不𦂳則不足以察其文理之細宻。",N
Z003889,"人多以私見,自去窮理,只是你自家所見,去聖賢之心尚逺在。",N
Z003895,"不可去名上理㑹,須求其所以然。",N
Z003904,但知虛而不知虛中有理存焉。,C
Z003905,此《大學》所以貴窮理也。,N
Z003908,"若曰須待見得個道理,然後做去,則利而行之,勉强而行之,工夫皆為無用矣。",N
Z003913,"盖人生道理,合下完具,所以要讀書者,盖是未曽經歴見許多聖人。",N
Z003915,"而今讀書,只是要見得許多道理,及理㑹得了,又皆是自家合下元有底,不是外面旋添得來。",N
Z003916,"學問,就自家身已上切要處理㑹,方是那讀書底,已是第二義。",N
Z003917,"自家身上道理都具,不曾外面添得來。",N
Z003918,"然聖人教人,須要讀這書時,盖為自家雖有這道理,須是經歴過方得。",N
Z003920,"學問無賢愚、無小大、無貴賤,自是人合理㑹底事。",N
Z003921,"且如聖賢不生,無許多書册,無許多發明,不成不去理㑹也,只當理㑹。",N
Z003925,"大抵學者讀書,務要窮究道問學是大事,要識得道理,去做人。",N
Z003926,"大凡看書,要看了又看,逐段逐句,逐字理㑹,仍參諸解傳,説教通透,使道理與自家心相肯,方得。",N
Z003927,"讀書要自家道理,浹洽透徹。",N
Z003928,"杜元凱云:""優而柔之,使自得之;厭而飫之,使自趨之,若江海之浸、膏澤之潤,渙然氷釋,怡然理順,然後為得也。",N
Z003937,"讀書,須是看著它那縫罅處,方尋得道理透徹。",N
Z003940,"文字大節目,痛理㑹三五處後,當迎刄而解。",N
Z003944,"讀書,須是窮究道理徹底,如人之食,嚼得爛,方可嚥下,然後有補。",N
Z003963,"若是讀此書,未曉道理,雖不可急迫,亦不放下猶可也。",N
Z003970,"若只恁地等閒看過了,有甚滋味?大凡文字,有未曉處,須下死工夫,直要見得道理是自家底方住。",N
Z003975,"讀書看義理,須是胸次放開,磊落明快,恁地去。",N
Z003979,"今且放置閒事,不要閒思量,只專心去玩味義理,便㑹心精,心精便㑹熟。",N
Z003980,"讀書放寛著心,道理自㑹出來。",N
Z003981,"若憂愁迫切,道理終無縁得出來。",N
Z003992,"大凡看文字,少看熟讀,一也;不要鑚研立説,但要反覆體驗,二也;埋頭理㑹,不要求效,三也。",N
Z003999,"讀書,只逐段逐些子細理㑹。",N
Z004002,"假饒讀得十遍,是讀得十遍,不曾理㑹得底書耳。",N
Z004006,"如㑹讀得二百字,只讀得一百字,却於百字中,猛施工夫理㑹,子細讀誦,教熟。",N
Z004007,"如此不㑹記性人自記得,無識性人亦理㑹得。",N
Z004034,"某最不要人摘撮看文字,須是逐一段一句理㑹。",N
Z004036,"今且須逐段子細玩味,反來覆去,或一日或兩日,只看一段,則這一段便是我底脚踏,這一段了,又看第二段,如此逐旋捱去,捱得多後,却見頭頭道理都到這工夫,須用行思坐想,或将已曉得者,再三思省,却自有一個曉悟處出,不容安排也書之句法義理,須只是如此解説。",N
Z004062,"讀這一句,且理㑹這一句;讀這一章,且理㑹這一章。",N
Z004092,"讀書理㑹,一件便要精,這一件看得不精,其他文字,便亦都草草看了,一件看得精,其它亦易看山谷帖説讀書法甚好。",N
Z004093,"學者貪做工夫,便看得義理不精。",N
Z004096,"非無可疑,理㑹未到,不知有疑爾。",N
Z004099,"再去理㑹,須沈潜玩索,䆒極至處可也。",N
Z004102,"既有著落,雖不再讀,自然道理浹洽,省記不忘。",N
Z004117,"若讀得熟,而又思得精,自然心與理一,永逺不忘。",C
Z004122,"若移此心與這様資質,去講究義理,那裡及得來是知。",N
Z004138,"講論一篇書,須是理㑹得透,把這一篇書,與自家滚作一片,方是去了本子,都在心中,皆説得去方好。",N
Z004146,"看文字,於理㑹得了處,更能看過尤妙。",N
Z004161,"為學讀書,須是耐煩細意去理㑹,切不可粗心。",N
Z004163,"未見道理時,恰如數重物色,包裹在裏許,無縁可以便見得。",N
Z004165,"觀書初得味,即坐在此處,不復精研,故㸔義理,則汗漫而不别白,遇事接物,則頽然而無精神。",N
Z004166,"讀書,只要將理㑹得處,反覆又㸔。",N
Z004173,"看書,非止看一處,便見道理。",N
Z004175,"讀書著意玩味,方見得義理從文字中迸出。",N
Z004176,"讀得通貫後,義理自出。",N
Z004182,"况於義理,前輩説得恁地,雖是易曉,但亦未解便得其意。",N
Z004192,"今之始學者,不知此理,初時甚鋭,漸漸懶去,終至都不理㑹了。",N
Z004208,"某記舅氏云:""當新經行時,有一先生教人,極有條理。",N
Z004210,"初入學,只看一書,讀了理會得多了,方看第二件,毎件須要貫穿,從頭到尾,皆有次第。",N
Z004212,"如刑名度數也,各理㑹得些;天文地理也,曉得些;五運六氣也,曉得些;如《素問》等書也,畧理㑹得。",N
Z004222,"纔把書來讀,便先立箇意思,要討新竒,都不理㑹他本意著實,纔討得新竒,便準擬作時文,使下梢㺯得熟。",N
Z004231,"中年以後之人,讀書不要多,只少少玩索,自見道理。",N
Z004233,"大槩路脈如此,若邊旁四畔也,未易理㑹得。",N
Z004236,"讀書窮理,當體之於身。",C
Z004242,"某要得人只就讀書上,體認義理,日間常讀書,則此心不走作,或只去事物中滚,則此心易得汨沒。",N
Z004243,"知得如此,便就讀書上體認義理,便可喚轉來。",N
Z004244,"本心陷溺之久,義理浸灌未透,且宜讀書窮理,常不間斷,則物欲之心,自不能勝,而本心之義理,自安且固矣。",N
Z004251,"故學者且於静處,收拾敎意思在裏,然後虚心去看,則其義理未有不明者也。",N
Z004254,"學者讀書,多緣心不在,故不見道理。",N
Z004257,"心不定,故見理不得。",N
Z004262,"讀書須是要身心都入在這一段裏靣,更不問外靣有何事,方見得一段道理出。",N
Z004263,"如博學而篤志,切問而近思,如何却説個仁在其中?盖自家能常常存得此心,莫教走作,則理自然在其中。",C
Z004267,"不若先涵養夲原,且將已熟底義理玩味,待其浃洽,然後去看書,便自知只是如此。",N
Z004272,"凡人看文字,初看時,心尚要走作道理,尚見得未定,猶沒柰他何?到看得定時,方入規矩,又只是在印板上靣説,相似都不活,不活則受用不得。",N
Z004277,"讀書閒暇,且静坐,教他心平氣定,見得道理,漸次分曉。",N
Z004278,"(《季札錄》云:""庶幾心平/氣和,可以思索義理。",N
Z004281,"人只是一箇心做本,須存得在這裏,識得他條理脉絡,自有貫通處。",N
Z004286,口中讀則心中閒而義理自出。,N
Z004296,"""虚心則見道理明切已,自然體認得出。",N
Z004304,"盖既不得正理,又枉費心力,不若虚心静看,即涵養究索之功,一舉而兩得之也。",N
Z004305,"大抵義理,須是且虚心,随他本文正意看。",N
Z004309,"""再問所説尋求義理,仍須虚心觀之,不知如何是虚心?""曰:""須退一歩思量。",N
Z004319,"如觧説聖經,一向都不有,自家身已全然虚心,只把他道理,自看其是非,恁地看文字,猶更自有牽於舊習,失㸃檢處,全然把一已私意,去看聖賢,　如何看得出?",N
Z004336,"讀書不可只專就紙上求理義,須反來就自家身上,(推究。",N
Z004337,"秦、漢以後,無人説到此,亦只是一向去書册上求,不就自家身上理㑹。",N
Z004341,"但古人讀書,將以求道,不然,讀作何用?今人不去這上理㑹道理,皆以渉獵該博為能,所以有道學、俗學之别。",N
Z004348,"如世上一等人説道,不須就書册上理㑹。",N
Z004350,"然一向就書册上理㑹,不曾體認著自家身,已,也不濟事。",N
Z004354,"如世上一等説話,謂不消得讀書,不消理㑹,别自有箇覺處,有箇悟處,這箇是不得。",N
Z004355,"若只恁地讀書,只恁地理㑹,又何益?""",N
Z004358,"讀書之法,有大本大原處,有大綱大目處,又有逐事上理㑹處,又其次則觧釋文義。",N
Z004360,"或問讀書未知統要曰:""統要》如何便㑹知得?近來學者有一種,則舎去册子,却欲於一言半句上,便要見道理,又有一種,則一向汎濫,不知歸著處,此皆非知。",N
Z004361,"學者須要熟看熟思,久久之間,自然見箇道理,四停八當,而所謂統要者,自在其中矣。",N
Z004363,"今日之看,所以為他日之用,須思量所以看者何為,非只是空就言語上,理㑹得多而已也。",N
Z004369,"若得一書,須便讀便思、便行,豈可又安排停待而後下手?且如得一片紙,便來一片紙上道理,行之可也。",N
Z004373,"讀書而講究其義理,判别其是非,臨事即此理。",N
Z004374,"真理㑹得底,便道真理㑹得;真理㑹不得底,便道真理㑹不得。",N
Z004375,"真理㑹得底,固不可忘。",N
Z004376,"真理㑹不得底,須看那處有礙,須記那緊要處,常勿忘。",N
Z004381,"但却又添了一重事,不若且依文看,逐處各自見箇道理,久之自然貫通,不須如此費力也。",N
Z004382,"學者理㑹文義,只是要先理㑹難底,遂至於易者,亦不能曉學記》曰:""善問者,如攻堅木,先其易者,後其節目。",N
Z004383,"""所謂""攻瑕則堅者瑕,攻堅則瑕者堅不知道理好處,又却多在平易處。",N
Z004413,"凡讀書,先須曉得他底言詞了,然後看其説於理當否。",N
Z004414,"當於理則是,背於理則非。",C
Z004427,"且漸漸思量,若一下便要理㑹得,也,無此理。",N
Z004441,"到理㑹不得處,便當濯去舊見,以來新意,仍且只就本文看之。",N
Z004480,"須依次序,如法理㑹,一經通熟,他書亦易看。",N
Z004481,"聖人千言萬語,只是説箇當然之理,恐人不曉,又筆之于書。",C
Z004486,"讀六經時,只如未有六經,只就自家身上討道理,其理便易曉。",C
Z004487,"讀書只就一直道理看,剖析自分曉,不必去偏曲處看易》有箇隂陽詩》有箇邪正書》有箇治亂,皆是一直路逕,可見别無嶢﨑。",C
Z004504,"人做功課,若不專一,東看西看,則此心先已散漫了,如何看得道理出?須是看《論語》,專只看《論語》,看《孟子》,專只看《孟子》,讀這一章,更不看後章;讀這一句,更不得看後句;這一字理㑹未得,更不得看下字。",N
Z004509,"且如一章三句,先理㑹上一句,待通透,次理㑹第二句、第三句,待分曉,然後將全章反覆納繹玩味,如未通透,却看前軰講觧,更第二畨讀過,須見得身分上有長進處,方為有益。",N
Z004525,"六經是三代以上之書,曽經聖人手,全是天理。",C
Z004526,"三代以下文字,有得失,然而天理却在這邊自若也。",C
Z004528,"向時有一截學者,貪多務得,要讀《周禮》諸史,本朝典故,一向盡要理㑹得許多沒緊要底工夫,少刻身已,都自恁地,顛顛倒倒,沒頭放處,如喫物事相似,將甚麽雜物事,不是時節,一頓都喫了,便被他撐腸拄肚,沒柰何他?",N
Z004533,"讀書理㑹道理,只是將勤苦捱將去,不觧得不成。",N
Z004540,"向時不理㑹得《孟子》,以其章長故也。",N
Z004553,"""久之又曰:""須是將本文熟讀,字字咀嚼,教有味,若有理㑹不得處,深思之又不得,然後却將註觧看,方有意味。",N
Z004567,"若學者未曾子細理㑹,便與他如此説,豈不誤他?""某聞之悚然,始知前日空言無實不濟事。",N
Z004570,"凡人讀書,若窮得到道理透處,心中也替他快活。",N
Z004622,"所謂""聖雖學作兮,所貴者資便儇皎厲兮,去道逺而盖此理醲厚,非便儇皎厲不克負荷者所能當。",C
Z004625,"横渠謂""義理深沉,方有造,非淺易輕浮所可得也此語最佳。",C
Z004643,"又有一般人,都不曾讀書,便言我已悟得道理,如此便是惻隠之心,如此便是羞惡之心,如此便是是非之心,渾是一箇私意,如近時祧廟可見。",N
Z004663,"""又問致堂管見》,初得之甚喜,後見《南軒集》中云'病敗不可言又以為專為檜設,豈有言天下之理,而專為一人者?""曰:""儘有好處,但好惡不相掩爾。",N
Z004668,"讀史,當觀大倫理、大機㑹、大治亂得失。",N
Z004670,"觀其是,求其不是,觀其不是,求其是,然後便見得義理。",N
Z004671,"史且如此看讀去,待知首尾稍熟後,却下手理㑹,讀書皆然。",N
Z004674,"問《觀史》曰:""只是以自家義理斷之。",N
Z004759,"為學且要專一理㑹這一件,便只且理㑹這一件。",N
Z004770,"若收斂都在義理上安頓,無許多胡思亂想,則乆乆自於物欲上輕,于義理上重。",N
Z004771,"須是較義理心重於物欲如秤,令有低昻,即見得義理自端的,自有欲罷不能之意,其於物欲,自無暇及之矣。",N
Z004773,"今於日用間空閒時,收得此心在這裏截然,這便是喜怒哀樂未發之中,便是渾然天理。",C
Z004774,"事物之來,随其是非,便自見得分曉,是底便是天理,非底便是逆天理。",C
Z004776,"人若要洗刷舊習都浄了,却去理㑹此道理者,無是理。",N
Z004777,"只是收放心,把持在這裏,便須有箇真心發見,從此便去窮理。",N
Z004797,"韓愈論孟子之後,不得其傳,只為後世學者,不去心上理㑹。",N
Z004802,"天地之理,固是抑遏隂氣,勿使常勝。",A
Z004838,"只須常恁地執持,待到急廹時,又旋理㑹。",N
Z004849,"人心本明,只被物事在上盖蔽了,不曾得露頭靣,故燭理難。",C
Z004860,"人心無不思慮之理,若當思而思,自不當苦苦排抑,反成不静。",C
Z004861,"異端之學,以性自私,固為大病,然又不察氣質情欲之偏,率意妄行,便謂無非至理,此尤害事。",N
Z004875,"收拾得自家精神在此,方看得道理盡。",N
Z004876,"看道理不盡,只是不曽專一。",N
Z004892,"若只恁看,似乎参錯不齊,千頭萬緒,其實只一理。",C
Z004893,"道夫曰:""泛泛于文字間,祗覺得異,實下工夫,則貫通之理始見。",C
Z004906,"問:""二程專教人持敬,持敬在主一,浩熟思之,若能每事加敬,則起居語嘿,在規矩之内,久久精熟,有從心所欲不踰矩之理。",C
Z004926,"好惡無節於内,知誘于外,不能反躬,天理滅矣。",A
Z004930,"且將箇敬字,收斂箇身心,放在摸匣子裏靣,不走作了,然後逐事逐物看道理。",N
Z004936,"心地光明,則此事有此理,此物有此理,自然見得。",C
Z004950,"而今只是理㑹個敬,一日則有一日之效,一月則有一月之效。",N
Z004957,今人皆不肯於根本上理㑹。,N
Z004963,敬則萬理具在。,C
Z004969,"敬則天理常明,自然人欲懲窒消治。",C
Z004970,"人能存得敬,則吾心湛然,天理粲然,無一分著力處,亦無一分不著力處。",C
Z004998,"或問:""持敬患不能久,當如何下功夫?""曰:""某舊時亦曾如此思量,要得一箇直截道理。",N
Z005005,"若無事物時不成,須去求箇事物來理㑹。",N
Z005027,"方曰:""敬中有誠立明通道理。",N
Z005033,"或於物慾中,打一覺悟,是時私慾全無,天理盡見,即此便是仁之全體否?""曰:""便是不如此。",C
Z005041,"但恐一旦發作,又却無理㑹。",N
Z005053,"然此只是自家見理不透,做主不定,所以如此大學》曰:""物格而后知至,知至而后意誠。",N
Z005063,"大凡學者,須先理㑹敬字,敬是立脚去處。",N
Z005126,"若不做這工夫,却要讀書看義理,恰似要立屋無基地,且無安頓屋柱處。",N
Z005127,"今且説到營營底心,㑹與道理相入否?㑹與聖賢之心相契否?今求此心,正為要立箇基址,得此心光明,有箇存主處,然後為學使有歸著不錯。",N
Z005129,"人也有静坐無思念底時節,也有思量道理底時節,豈可畫為兩途説?静坐時與讀書時,工夫逈然不同。",N
Z005130,"當静坐涵養時,正要體察思繹道理,只此便是涵養,不是説喚醒提撕,將道理去却那邪思妄念。",N
Z005131,"只自家思量道理時,自然邪念不作,言忠信、行篤敬,立則見其参于前,在輿則見其倚于衡。",N
Z005141,"動時也有静,順理而應,則雖動亦静也。",C
Z005143,"'事物之來,若不順理而應,則雖塊然不交於物以求静,心亦不能得静。",C
Z005186,"大凡這个,都是一屈一信,一消一息,一徃一來,一闔一闢,大底有大底闔闢消息,小底有小底闔闢消息,皆只是這道理。",C
Z005194,"○應物,物與我心中之理,夲是一物,兩無少欠,但要我應之爾。",C
Z005195,"(方謂沖漠無/朕一章通此)物心共此理,定是靜,應者是動。",C
Z005220,"古人只是日夜皇皇,汲汲去理㑹這箇身心,到得做事業時,只随自家分量以應之。",N
Z005224,"人於道理不能行,只是在我之道理,有未盡耳。",C
Z005235,"某此間講説時少,踐履時多,事事都用你自去理㑹,自去體察,自去涵養,書用你自去讀,道理用你自去究索。",N
Z005237,"書冊中説義理,只説得一靣。",N
Z005243,"若不去實踏過,却懸空妄想,便和最下底層,不曾理㑹得。",N
Z005246,"有箇天理,便有箇人欲。",C
Z005247,"盖緣這箇天理,須有箇安頓處,才安頓得不恰好,便有人欲出來。",C
Z005248,(夔孫○以下理欲/義利是非之辨),U
Z005249,"天理、人欲,分數有多少。",C
Z005250,"天理本多,人欲便也是天理裏靣做出來。",C
Z005251,"雖是人欲,人欲中自有天理。",C
Z005252,"問:""莫是本來全是天理否?""曰:""人生都是天理,人欲却是後來沒巴鼻生底。",C
Z005253,"人之一心,天理存則人欲亡,人欲勝則天理滅,未有天理、人欲夾雜者。",C
Z005273,"只此一心,但看天理私欲之消長如何爾。",C
Z005278,"學者須是革盡人欲,復盡天理,方始是學。",C
Z005281,"而今只是分别人欲與天理,此長彼必短,此短彼必長。",C
Z005283,"既知學問,則天理自然發見,而人欲漸漸消去者,固是好矣。",A
Z005285,"凡一事便有兩端,是底即天理之公,非底乃人欲之私。",C
Z005303,"問:""此善惡分處,只是天理之公、人欲之私耳。",C
Z005305,"要須驗之此心真知得如何是天理,如何是人欲,幾微間極索理㑹,此心常常要惺覺,莫令頃刻悠悠憒憒大雅》云:""此只是持敬為要。",N
Z005312,"看道理,須要就那箇大處看,須要前靣䦕濶,不要就那壁角裏去。",N
Z005314,"若不去那大壇場上行,理㑹得一句透,只是一句道理小了。",N
Z005315,"人貴剖判心下,令其分明,善理明之,惡念去之,若義利、若善惡、若是非,母使混殽,不别於其心。",N
Z005327,"且須先做了本子,本子既成,便是就這夲子上理㑹。",N
Z005328,"不然,只是懸空説易器之問:""義利之分,臨事如何辨?""曰:""此須是工夫到義理精方曉,然未能至此。",N
Z005333,"將天下正大底道理,去處置事便公,以自家私意,去處之便私。",N
Z005335,"只是理㑹箇是與不是,便了。",N
Z005336,"又曰:""是便是理。",C
Z005352,"聖人恐人未悟,故如此説,又如彼説,這裏既説,那裏又説,學者可不知所擇哉?今讀書而不能盡知其理,只是心粗意廣。",C
Z005374,"這箇道理,雖人所固有,若非聖人,如何得如此光明盛大?你不曉得底,我説在這裏,教你曉得;你不㑹做底,我做下様子,在此與你做,只是要扶持這箇道理,教它常立在世間,上拄天下拄地,常如此端正,才一日無人維持,便傾倒了,少間脚拄天、頭拄地,顛倒錯亂,便都壊了。",A
Z005376,"""天只生得你,付得這道理,你做與不做,却在你。",C
Z005385,"'聖人亦是為一大事,出現於世,上至天下至地,中間是人,塞於兩間者,無非此理。",C
Z005386,"須是聖人出來,左提右挈,原始要終,無非欲人有以全此理,而不失其夲然之性。",C
Z005387,"天佑下民,作之君,作之師,只是為此道理,所以作箇君師,以輔相裁成,左右民,使各全其秉彞之良,而不失其夲然之善而已。",C
Z005388,"故聖人以其先得諸身者,與民共之,只是為這一箇道理。",C
Z005390,"'它也窺見這箇道理,只是它説得驚天動地。",C
Z005391,"聖人之學,則其作用處,與它全不同,聖人之學,則至虚而實實,至無而實有,有此物則有此理。",C
Z005395,"道者,古今共由之理,如父之慈、子之孝,君仁臣忠,是一箇公共底道理。",C
Z005398,"自天地以先,羲·黄以降,都即是這一箇道理,亘古今未嘗有異。",C
Z005409,"天下之理,至虚之中,有至實者存;至無之中,有至有者存。",C
Z005410,"夫理者,寓於至有之中,而不可以目擊而指數也。",C
Z005411,"然而舉天下之事,莫不有理。",C
Z005412,"且臣之事君,便有忠之理;子之事父,便有孝之理,目之視,便有明之理;耳之聽,便有聰之理;貌之動,便有恭之理,言之發,便有忠之理。",C
Z005421,"此天理人欲之間,正當審決。",C
Z005426,"魯當莊、僖之際也,得箇季友,整理一畨,其後季氏遂執其權,歴三四世,魯君之勢全無了,但有一季氏而已。",N
Z005431,"用之問:""忠只是實心,人倫日用,皆當用之,何獨只於事君上説忠字?""曰:""父子、兄弟、夫婦,皆是天理自然,人皆莫不自知。",C
Z005432,"愛敬君臣,雖亦是天理,然是義合,世之人便自易得苟且,故須於此説。",C
Z005453,"卿問目以孝弟,推説君臣等事,不須如此得否?""曰:""惟有此理,固當有此事。",C
Z005478,"説道理底,盡説錯了。",N
Z005492,"有是理,方有這物事。",C
Z005505,"今人扵無義理底言語,儘説了,無義理底事,儘做了,是扵麤底根脚猶未立,却求深微,縱理㑹得,干已甚事?",N
Z005509,"若今便只就第四五著,理㑹下梢如何?",N
Z005514,"這一邊道理熟,那一邊俗見之類自破。",N
Z005525,"問:""學者講明義理之外,亦須理㑹時政。",N
Z005527,"""曰:""學者若得胸中義理明,從此去量度事物,自然泛應曲當。",N
Z005529,"若要一一理㑹,則事變無窮,難以逆料,随機應變,不可預定。",N
Z005530,"今世文人才士,開口便説國家利害,把筆便述時政得失,終濟得甚事?只是講明義理,以淑人心,使世間識義理之人夕夕,則何患政治之不舉耶?""",N
Z005553,"胡兄説它見它兄讓它,所以如此友重曰:""不是如此,自是它裏靣有這箇道理得,它兄感動發出來,得一箇物事,承接得在耳。",N
Z005624,"如此則方寸之間,全是天理,雖遇大困厄,有致命遂志而已,亦不知有人之是非向背,惟其是而已。",C
Z005634,"天下事,安可必同,安可必異?且如為子須孝,為臣須忠,我又如何異於人?若是不好事,又安可必同?只是有理在。",C
Z005639,"若大段以為恨也,是不順理否?""曰:""也是如此。",N
Z005643,"""問:""如何是著中底道理?""曰:""不得不悔,但不可留滯。",N
Z005651,"今來專去理㑹時文,少間身已全做不是。",N
Z005653,"又有一項人,不理㑹時文,去理㑹道理,少間所做底事,却與所學不相闗。",N
Z005657,"義理,人心之所同然,人去講求,却易為力。",N
Z005677,"告或人曰:""看今人心下,自成兩様,如何却專向功名利祿底心去?却全背了這箇心,不向道理邊求公今赴科舉是幾年,公文字想不為不精。",N
Z005678,"以公之專一理㑹做時文,宜若一舉便中高科,登顯仕都了,到今又却不得,亦可自見得失,不可必如此。",N
Z005680,"若將這箇自在一邉,須要去理㑹道理是要緊,待去取功名,却未必不得。",N
Z005685,"自道義理是好也,聽人説也受人説,只是我做不得,任你如何,只是我做不得。",N
Z005688,"'拒之以不信,只是説道沒這道理,絶之以不為,是知有道理,自割斷了,不肯做。",N
Z005695,"人扵此事,從來只是强勉,不能捨命去做,正似今人强勉來學義理。",N
Z005696,"然某平生窮理,惟不敢自以為是。",N
Z005706,"某看來,才着心去理㑹道理,少間於那邊,便自沒緊要,不知是如何。",N
Z005721,"以得失為心,理㑹文字,意思都别了。",N
Z005735,"只是把它格式,櫽括自家道理,都無那追逐時好回避忌諱底意思,便好。",N
Z005740,"若説踐履涵養,舉業儘無相妨,只是精神昬了,不得講究思索義理然也,怎奈之何?""",N
Z005761,"有道理,殺得他時,即殺之。",N
Z005769,"如《大學中庸語孟》四書,道理粲然,人只是不去看。",N
Z005770,"若理㑹得此四書,何書不可讀,何理不可究,何事不可處?",N
Z005775,"書只是明得道理,却要人做出書中所説聖賢工夫來。",N
Z005784,且就實處理㑹却好。,N
Z005785,不消得專去無形影處理㑹。,N
Z005796,"只此一箇道理,明此以南靣堯之為君也,明此以北靣舜之為臣也。",N
Z005801,"若只把在手裏,翻來覆去,欲望之燕之越,豈有是理?",N
Z005808,"大學》一字不胡亂下,亦是古人見得這道理熟,信口所説,便都是這裏。",N
Z005809,"大學》搃説了,又逐段更説許多道理。",N
Z005815,"須是知新,日日看得新方得,却不是道理解新。",N
Z005818,"""又問《小學大學》如何?""曰小學》涵養此性大學》則所以實其理也。",C
Z005830,"古人《小學》時,都曾理㑹來,不成《小學》,全不曾知得。",N
Z005836,"人多教踐履,皆是自立標置去,教人自有一般資質好底人,便不須窮理格物。",N
Z005839,大學》教人先要理㑹得箇道理。,N
Z005840,"若不理㑹得,見聖人許多言語,都是硬將人制縛,剰許多工夫。",N
Z005841,"若見得了,見得許多道理,都是天生自然鐡定底道理,更移易分毫不得,而今讀《大學》,須是句句就自家身上看過,少間自理㑹得,不待解説。",N
Z005843,"今人都是為人而學,某所以教諸公讀《大學且看古人為學是如何,是理㑹甚事?諸公願為古人之學乎?願為今人之學乎?",N
Z005872,"文字在眼前,他心不曾著上靣,只是恁地畧綽將過,這心元不曾伏殺,在這裏看他只自恁地豹跳,不肯在這裏理㑹。",N
Z005873,"又自思量做别處去,這事未了,又要尋一事做,這,如何能理㑹得?今之學者看文字,且須壓這心在文字上,逐字看了,又逐句看,逐句看了,又逐段看,未有曉不得者。",N
Z005883,"看這一書,又自與看《語孟》不同語孟》中只一項事,是一箇道理。",N
Z005884,"如《孟子》説仁義處,只就仁義上説道理。",N
Z005885,"孔子荅顔淵以克己復禮,只就克己復禮上説道理。",N
Z005889,"許多道理,自家從來合有不合有定,是合有定,是人人都有人之心,便具許多道理。",N
Z005890,"見之於身,便見身上有許多道理。",N
Z005891,"行之扵家,便是一家之中,有許多道理;施之扵國,便是一國之中,有許多道理;施之於天下,便是天下有許多道理。",N
Z005894,"荅林子淵説《大學》曰:""聖人之書,做一様看不得,有只説一箇下工夫規模有首尾,只説道理。",N
Z005896,"若是這般書,全著得思量義理,如《大學》,只説箇做工夫之節目,自不消得大段思量,纔看過,便自曉得。",N
Z005899,"説窮理,只就自家身上求之,都無别物事。",N
Z005923,"㸔《大學且遂》章理㑹,須先讀夲文念得,次將《章句》來解夲文,又將《或問》來参章句,須逐一令記得,反覆尋究,待他浹洽。",N
Z005926,"聖人不令人懸空窮理,須要格物者,是要人就那上見得道理破便實。",N
Z005932,"此書在《章句》,其《或問》中,皆是辨諸家説理,未必是有疑處,皆以盖言之。",N
Z005934,"但致知格物與誠意,較難理㑹,不得不明辨之耳。",N
Z005935,"子淵問《大學或問》曰:""且從頭逐句理㑹,到不通處,却看《章句或問》乃注脚之注脚,亦不必深理㑹。",N
Z005972,"問繼天立極曰:""天只生得許多人物與你許多道理,然天却自做不得,所以立得。",C
Z005983,"仁甫問:""釋氏之學,何以説為髙過於《大學》而無用?""曰:""吾儒更著讀書,逐一就事物上,理㑹道理,他便都掃了這箇,他便恁地空空寂寂,恁地便道事都了,只是無用。",N
Z005992,"或問所謂仁義禮智是性明徳,是主於心而言?""曰:""這箇道理,在心裡,光明照徹,無一毫不明。",C
Z005998,"以此立心,則如今端己斂容,亦為己也;讀書窮理,亦為己也;做得一件事是實,亦為己也。",N
Z006030,"若能學則能知覺此明徳,常自存得,便去刮剔,不為物欲所蔽,推而事父孝、事君忠,推而齊家治國、平天下,皆只此理大學》一書,若理㑹得這一句,便可迎刃而觧。",N
Z006031,"明徳也,且就切近易見處理㑹也,且慢慢自見得如何?一日便都要識得。",N
Z006041,"曾興宗問:""如何是明明徳?""曰:""明徳是自家心中,具許多道理,在這裏,夲是箇明底物事,初無暗昧,人得之則為徳。",C
Z006062,"孟子將孺子將入井處來,明這道理。",N
Z006064,"盖人心至靈,有什麽事不知,有什麽事不曉,有什麽道理不具在這裡,何緣有不明?為是氣禀之偏,又為物欲所亂,如目之於色,耳之於聲,口之於味,鼻之於臭,四肢之於安佚,所以不明。",C
Z006078,"只要你實去體察,行之於身,須是真箇明得這明徳是怎生地?明是如何了得?它虚靈不昧,須是真箇不昧,具得衆理,應得萬事,只恁地説,不濟得事。",C
Z006086,"要理㑹書之所載者,固要逐件理㑹也,有書所不載,而事上合當理㑹者也;有古所未有底事,而今之所有當理㑹者,極多端。",N
Z006087,"問或謂虚靈不昧是精靈底物事,具衆理是精靈中有許多條理,應萬事是那條理發見出來底。",C
Z006089,"但要識得這明徳是甚物事,便切身做工夫,去其氣禀物欲之蔽,能存得自家箇虚靈不昧之心,足以具衆理,可以應萬事,便是明得自家明徳了。",C
Z006090,"若只是解説虚靈不昧是如何?具衆理是如何?應萬事又是如何,却濟得甚事?""又問:""明之之功,莫須讀書為要否?""曰:""固是要讀書,然書上有底,便可就書理㑹,若書上無底,便著就事上理㑹;若古時無底,便著就而今理㑹。",N
Z006101,"""又問:""徳是心中之理否?""曰:""便是心中許多道理,光明鑒照,毫髪不差。",C
Z006102,"明徳者,人之所得乎天,而虚靈不昧,以具衆理而應萬事者也。",C
Z006103,"禪家則但以虚靈不昧者為性,而無以具衆理以下之事。",C
Z006190,"這箇道理,夲是天之所以與我者,不為聖賢而有餘,不為愚不肖而不足。",C
Z006212,"盖天下只是一箇道理,在他雖不能,在我之所以望他者,則不可不如是也。",C
Z006247,"""又云:""此是説理,理必須是如此。",C
Z006258,"至者,天理人心之極致。",C
Z006260,"吾能各知其止,則事事物物,莫不各有定理,而分位界限,為不差矣。",C
Z006261,"須是灼然知得物理當止之處,心自㑹定。",C
Z006270,"所以聖人之教,只要人只管理㑹將去。",N
Z006280,"須是理㑹得五六分以上,方見得這邊重那邊輕,後面便也易了,而今未理㑹到半截以上,所以費力。",N
Z006281,"須是逐一理㑹,少間多了,漸㑹貫通,兩箇合做一箇,少間又七八箇合做一箇,便都一齊通透了。",N
Z006289,"如道理都見得徹,各止其所,亦是定。",N
Z006303,"如此等處,未到那裡,不要理㑹,少頃都打亂了,和理㑹得處,也理㑹不得去。",N
Z006347,"李徳之問:""安而後能慮,既首言知止矣,如何於此復説能慮?""曰:""既知此理,更須是審思而行。",C
Z006363,"因説知止至能得,上云止於至善矣此又提起來説,言能知止則有所定,有所定則知其理之確然。",C
Z006437,"人夲有此理,但為氣禀物欲所蔽。",C
Z006457,今未要理㑹許多次第。,N
Z006458,"且要先理㑹箇知止,待將來熟時,便自見得。",N
Z006471,"器逺問:""致知者,推知事物之理,還當就甚麽様事,推致其理?""曰:""眼前凡所應接底,都是物,事事都有箇極至之理,便要知得到。",C
Z006483,"""(賀孫○《卓錄》云:""曹兄問格物窮理/須是事事物物上理㑹?'曰:""也須是)(如此。",N
Z006487,"這是自恕之/言,亦非善窮理也。",N
Z006500,須是窮盡事物之理。,C
Z006511,"窮理格物,如讀經㸔史,應接事物,理㑹箇是處,皆是格物。",N
Z006514,"格物,須是從切已處理㑹去,待自家者已定疊,然後漸漸推去,這便是能格物。",N
Z006517,"須窮極事物之理,到盡處,便有一箇是一箇非,是底便行,非底便不行。",C
Z006521,"文振問:""物者,理之所在,人所必有,而不能無者,何者為切?""曰:""君臣、父子、兄弟、夫婦、朋友,皆人所不能無者。",C
Z006550,"如今若認得這四箇分曉,方可以理㑹别道理。",N
Z006551,"只是孝有多少様,有如此為孝,如此而為不孝,忠固是忠,有如此為忠,又有如此而不喚做忠,一一都著斟酌理㑹過。",N
Z006554,"若難曉易曉底,一齊都要理㑹得,也不解恁地。",N
Z006555,"但不失了大綱,理㑹一重了,裏靣又見一重,一重了,又見一重。",N
Z006556,"以事之詳略言,理㑹一件又一件;以理之淺深言,理㑹一重又一重,只管理㑹,須有極盡時,博學之、審問之、慎思之、明辯之、成四節,次第恁地方是。",N
Z006567,"精粗大小,都要格它,久後㑹通,粗底便是精,小底便是大,這便是理之一夲處,而今只管要從發見處理㑹。",C
Z006569,"世間之物,無不有理,皆須格過。",C
Z006572,"及其長也,不過只是窮此理,因而漸及於天地、鬼神、日月、隂陽、草木、鳥獸之理,所以用工也易。",C
Z006578,"如《孟子》一書,其説已寛,亦有但論其大理而已。",C
Z006580,"且自一念之微,以至事事物物,若靜若動,凡居處飲食、言語,無不是事,無不各有箇天理人欲,須是逐一騐過。",C
Z006581,"雖在靜處坐,亦須騐箇敬肆,敬便是天理,肆便是人欲。",C
Z006615,"""曰:""所以古人只道格物,有物便有理。",C
Z006630,"盖天理在人,終有明處大學》之道,在明明徳,謂人合下便有此明徳。",C
Z006631,"雖為物欲掩蔽,然這些明底道理,未嘗泯絶。",C
Z006635,"即其所發之端,而求其可見之體,莫非可窮之理也。",C
Z006642,"其始且見得箇道理如此,那事不是,亦不敢為,其次見得分曉,則不肯為,又其次見得親切,則不為之,而舊習都忘之矣。",N
Z006643,"不是要格那物來,長我聰明見識了,方去理㑹,自是不得不理㑹。",N
Z006649,"居甫問格物窮理,但理自有可以彼此者。",C
Z006651,㸔理有正有權。,C
Z006652,"今學者且須理㑹正如娶妻必告父母,學者所當守。",N
Z006653,"至於不告而娶,自是不是,到此處别理㑹。",N
Z006658,"今不理㑹正當處,纔見聖人書中有此語,便要守定不移,駸駸必至扵行孫矣。",N
Z006670,"張仁叟問致知格物曰:""物莫不有理,人莫不有知。",C
Z006684,"""又曰:""知在我,理在物。",C
Z006688,"物皆有理,人亦知其理,如當慈孝之類,只是格不盡。",C
Z006690,"又云:'知得此理盡,則此箇意便實。",C
Z006693,"郭叔雲問:""為學之初,在乎格物,物物有理。",C
Z006698,"格物以理言也;致知,以心言也。",C
Z006712,"若那分曉底道理,却不難見。",N
Z006723,"易理㑹底,便理㑹得,難理㑹底,思量久之也理㑹得,若難理㑹底,便理㑹不得,是此心尚昬未明,便用提醒他。",N
Z006730,"""又問:""凡日用之間,作事接人,皆是格物窮理。",N
Z006732,"若不知得,只是作事,只是接人,何處為窮理?""",N
Z006734,"若理有未格處,是於知之之體,尚有未盡。",C
Z006736,"且如説父子,須更有母在,更有夫婦在,凡萬物萬事之理,皆要窮。",C
Z006745,"胷中有見,然後扵理無不見。",C
Z006747,"天地萬物,莫不有理,手有手之理,足有足之理,手足若不舉行,安能盡其理?格物者,欲究極其物之理,使無不盡,然後我之知,無所不至。",C
Z006748,"物理即道理,天下初無二理。",C
Z006764,"格盡物理,則知盡。",C
Z006774,"上而無極太極,下而至於一草一木、一昆蟲之微,亦各有理。",C
Z006779,"盖天下之事,皆謂之物,而物之所在,莫不有理。",C
Z006780,"且如草木、禽獸,雖是至微至賤,亦皆有理。",C
Z006781,"如所謂仲夏斬陽木,仲冬斬隂木,自家知得這箇道理,處之而各得其當,便是。",N
Z006786,"自家知得物之理如此,則因其理之自然而應之,便見合内外之理。",C
Z006787,"目前事事物物,皆有至理,如一草一木、一禽一獸,皆有理。",C
Z006788,"草木春生秋殺,好生惡死,仲夏斬陽木,仲冬斬隂木,皆是順隂陽道理。",N
Z006790,"知至,謂天下事物之理,知無不到之謂。",C
Z006826,"但且謂之物格,則不害其為一事一物在,到知則雖萬物,亦只是一箇知,故必理無不窮,然後知方可盡。",C
Z006881,"今人閒坐,過了多少日子,凡事都不肯去理㑹。",N
Z006894,"問:""知至到意誠之間,意自不聮屬,須是别識得天理、人欲,分明盡去,人欲全是天理方誠。",C
Z006896,"居常無事,天理實然,有纎毫私欲,便能識破。",C
Z006901,"且去就格物窮理上做工夫,窮來窮去,末後自家真箇見得此理是善與是惡,自心甘意,肯不去做,此,方是意誠。",C
Z006933,"問:""知至而后意誠,故天下之理,反求諸身,實有於此,似從外去討得來。",C
Z006941,"人心惟危,道心惟微,毫釐間不可不子細理㑹。",N
Z006947,"問實其心之所發,欲其一於理而無所雜。",C
Z006953,意誠後推盪得渣滓靈利心盡是義理。,C
Z006982,"格物者,窮事事物物之理;致知者,知事事物物之理,無所不知。",C
Z007066,"""又問:""上達天理,便是事物當然之則至善處否?""曰:""只是合禮處,便是天理。",C
Z007086,"聖人教人窮理,只道是人在善惡中,不能分别得,故善或以為惡,惡或以為善,善可以不為不妨,惡可以為亦不妨。",N
Z007087,"聖人便欲人就外靣攔截得緊,見得道理分明,方可正得心,誠得意。",N
Z007110,"大學》自致知以至平天下許多事,雖是節次如此,須要一齊理㑹。",N
Z007113,"若未獲乎上,更不去治民,且一向去信朋友,若未信朋友時,且一向去悦親,掉了朋友不管,須是多端理㑹,方得許多節次。",N
Z007116,"如《易損卦懲忿窒慾益》卦見善則遷,有過則改似此説話甚多,聖人却去四頭八靣説來,須是逐一理㑹,身上許多病痛,都要防閑。",N
Z007139,"初間亦未嘗不如此,但較生澁勉强否?""曰:""格物時,是窮盡事物之理,這方是區處理㑹。",N
Z007151,"前靣格物、致知、誠意,是理㑹箇心,後靣身脩、家齊、國治、天下平,是心之功用。",N
Z007172,"若常見其在前,則凛凛然不敢放肆,見許多道理,都在眼前。",N
Z007174,"雖則是形骸間隔,然人之所以能視聴言動,非天而何?""問苟日新,日日新曰:""這個道理,未見得時,若無頭無靣,如何下工夫?才剔撥得有些通透處,便須急急躡蹤,䟎鄉前去。",N
Z007178,"如帝命文王,豈天諄諄然命之?只是文王要恁地,便是理合恁地,便是帝命之也。",C
Z007180,"""又曰:""此處甚㣲,故其理難看。",C
Z007196,"方其静坐未接物也,此理固湛然清眀;及其遇事而應接也,此理亦隨處發見。",A
Z007197,"只要人常提撕省察,念念不忘,存養乆之,則是理愈眀,雖欲忘之,而不可得矣。",A
Z007202,"問:""顧諟,天之眀命,言常目在之如何?""曰:""顧諟,是看此也,目在,是如目存之,常知得有此理,不是親眼看。",C
Z007212,"因説天之眀命曰:""這箇物事,即是氣,便有許多道理在裏。",C
Z007217,"而今儒者,只是理㑹這箇,要得順性命之理。",N
Z007218,佛、老也只是理㑹這箇物事。,N
Z007229,"苟日新一句,是為學入頭處,而今為學,且要理㑹苟字。",N
Z007251,"""這箇道理,須是常接續不已,方是日新。",N
Z007257,"横渠云:'如《中庸》文字,直須句句理㑹過,使其言互相發。",N
Z007262,"然民之所以感動者,由其本有此理。",C
Z007279,"""(淳○《謨録》云:""須是就君仁臣敬子/孝父慈與國人信上,推究精㣲各)(有不盡之理。",C
Z007294,"最怕如今於眼前道理,略理㑹得些,便自以為足,更不着力向上去,這如何㑹到至善田地?""",N
Z007308,"至扵民之不能忘,若非十分至善,何以使民久而不能忘?古人言語精宻有條理如此。",N
Z007332,"劉圻父説:""人心之靈,莫不有知,而天下之物,莫不有理,恐眀眀徳便是性。",C
Z007338,"""次日圻父復説過,先生曰:""性便是那理,心便是盛貯該載,敷施發用底。",C
Z007342,"問:""因其已知之理,推而致之,以求至乎其極,是因定省之孝,以至於色難養志;因事君之忠,以至扵陳善閉邪之類否?""曰:""此只説得外面底,須是表裏皆如此。",C
Z007348,"此言造化之理,至於可乆則賢人之徳,可久者,日新而不已;可大則賢人之業,可大者,富有而無疆。",C
Z007350,"任道弟問致知章前説窮理處云:""因其已知之理而益窮之。",C
Z007353,"""曰:""知先自有才,要去理㑹,便是這些知萌露。",N
Z007356,"且如做些事錯,才知道錯,便是向好門路,却不是方始去理㑹箇知。",N
Z007359,"致知則理在物,而推吾之知以知之也;知至則理在物,而吾心之知,已得其極也。",C
Z007360,"或問:""理之表裏精粗無不盡,而吾心之分别取舍,無不切。",C
Z007361,"既有箇定理,如何又有表裏精粗?""曰:""理固自有表裏精粗,人見得亦自有髙低淺深。",C
Z007362,"有人只理㑹得下面許多,都不見得上面一截,這喚做知得表、知得粗。",N
Z007366,"有一種人,只就皮殻上做工夫,却扵理之所以然者,全無是處。",C
Z007367,"又有一種人,思慮向裏去,又嫌眼前道理粗,扵事物上,都不理㑹,此乃談𤣥説妙之病,其流必入扵異端。",N
Z007423,"問劉棟看《大學》自欺之説如何?""曰:""不知義理,却道我知義理,是自欺。",N
Z007447,"看如今未識道理人,説出道理,便恁地包藏隠伏,他元不曽見來。",N
Z007478,"若不理㑹得誠意,意思親切,也説不到此。",N
Z007516,"問誠意章》曰:""過此闗,方得道理牢固。",N
Z007557,"問:""自欺與厭然揜其不善,而著其善之類,有分别否?""曰:""自欺只是於理上虧欠不足,便胡亂且欺謾過去。",N
Z007558,"如有得九分義理,雜了一分私意,九分好善惡惡,一分不好不惡,便是自欺。",N
Z007559,"到得厭然揜著之時,又其甚者,原其所以自欺,又是知不至,不曽見得道理精至處。",N
Z007581,"誠於中形於外大學》和惡字説,此誠只是實字也,惡者,却是無了天理本然者,但實有其惡而已。",C
Z007623,"毋者,禁止之辭,若説無待於自欺恐語意太快,未易到此曰:""既能禁止其心之所發,皆有善而無惡,實知其理之當然,使無待於自欺,非勉强禁止,而猶有時而發也。",C
Z007708,"這處立得脚,方是在天理上行,後面節目未是處,却旋旋理㑹。",A
Z007735,"未誠則全體是私意,更理會甚正心?然意雖誠了,又不可不正其心。",N
Z007774,"但要所好所樂皆中理,合當喜,不得不喜;合當怒,不得不怒。",C
Z007805,"今人多是才忿懥,雖有可喜之事,亦所不喜,才喜,雖有當怒之事,亦不復怒,便是蹉過事理了,便視而不見,聽而不聞,食而不知其味了。",N
Z007826,"若自家喜這一項事了,更有一事來,便須放了前一項,只平心,就後一項理會,不可又夾帯前喜之之心在這裏。",N
Z007851,"若欲無這喜怒憂懼而後,可以為道,則無是理。",C
Z007887,"黄丈云:""舊嘗問視而不見,聽而不聞,只是說知覺之心,却不及義理之心。",N
Z007890,"直卿云:""舊嘗問視之不見,聽之不聞處,此是收拾知覺底心,收拾義理底心。",N
Z007913,"問:""七章、八章,頗似一意,如何?""曰:""忿懥之類,心上理㑹;親愛之類,事上理會。",N
Z007914,"心上理㑹者,是見於念慮之偏;事上理㑹者,是見於事為之失。",N
Z007917,"但正心是萌芽上理㑹,若脩身及絜矩等事,却是各就地頭上理㑹。",N
Z007925,要之根本之理則一。,C
Z007986,"如何?只恁地識認,乆後便一見理會得。",N
Z008032,"此道理,皆是我家裏做成了,天下人看著,自能如此,不是我推之於國。",N
Z008072,"若不忠,便無本領了,更把甚麽去及物?程子說'維天之命,於穆不已忠也便是實理流行,乾道變化,各正性命,恕也便是實理及物守約。",A
Z008083,"仁甫問治國在齊其家曰:""這箇道理,却急廹不得,待到他日數足處,自然通透。",N
Z008084,"這箇物事,只是看得熟,自然有條理。",N
Z008092,"雖說得粗,道理却是如此。",N
Z008093,"(敦教化》云:""欲/民之知信莫)(若務實其言,欲民之知/義,莫若務去其貪云云)看道理,不要𤣥妙,只就粗處說得出,便是。",N
Z008102,"但是而今且去理㑹常倫,而今如何便解有箇父如瞽瞍,有箇兄弟如管、蔡,未論到那變處。",N
Z008103,"或問大學》既格物致知了,又却逐件各有許多工夫在?""曰:""物格知至後,其理雖明,到得後來,齊家、治國、平天下,逐件事,又自有許多節次,須逐件又徐徐做將去。",C
Z008132,"我欲孝弟而慈,必欲他人皆如我之孝弟而慈,不使一夫之不獲者,無一夫不得此理也。",C
Z008268,"第九章、十章齊家治國,既已言化平天下,只言措置之理。",C
Z008296,"但事勢相廹,行之已乆,人不為恠,其實理不如此。",C
Z008313,"""子升問此章所言,反覆最詳之意,曰:""要之始終本末,只一理,但平天下,是一件最大底事,所以推廣說許多。",C
Z008314,"如明徳、新民至善之理,極精㣲。",C
Z008316,"後世非無有志於天下國家之人,却只就末處布置於本原上,全不理㑹。",N
Z008323,"今人亦須自理㑹,教自家本領通貫,却去看他此等議論,自見得高下分曉。",N
Z008324,"若一向不理㑹得他底破,少間却有見識低似他處。",N
Z008326,"""又問論語》集注》說曽㸃是雖堯、舜事業,亦優為之,莫只是堯、舜事業,亦不足以芥蔕其心否?""曰:""堯、舜事業,也只是這箇道理。",C
Z008329,"人治一家一國,尚且有照管不到處,况天下之大,所以反反覆覆說,不是大著箇心去理㑹,如何照管得?",N
Z008431,"問陰陽五行、健順五常之性曰:""健是禀得那陽之氣,順是禀得那陰之氣;五常是禀得五行之理。",C
Z008440,"至如萬物亦有此理,天何嘗不將此理與他?只為氣昏塞,如置寳珠扵濁泥中,不復可見。",C
Z008457,"苟於是焉,而不值其清明純粹之㑹,這又轉一節下,又轉入一節物欲去,是否?""曰:""初間說人人同得之理,次又說人人同受之氣,然其間却有撞著不好底氣以生者,這便被他拘滯了,要變化却難。",C
Z008494,但此理不比磨鏡之法。,C
Z008503,"今之人多是理㑹得半截,便道了,待人看來,喚做好也得,喚做不好也得。",N
Z008505,"止緣初間不理㑹到十分少刻,便沒理㑹,那箇是白,那箇是皂,那箇是酸,那箇是鹹。",N
Z008506,"故《大學》必使人從致知,直截要理㑹透,方做得。",N
Z008512,"仁甫問以其義理精㣲之極,有不可得而名者,故姑以至善目之曰:""此是程先生說至善,便如今人說極是。",N
Z008525,"其論為治本末,亦有條理,甚有志扵斯世。",N
Z008541,"葢見得無一物不具此理,無一理可違於物。",C
Z008542,"佛説萬理俱空,吾儒說萬理俱實,從此一差,方有公私義利之不同。",C
Z008554,"能慮則隨事觀理,極深研幾曰:""到這處,又更須審一審。",C
Z008564,"但以明明徳言之,在己無所不盡,萬物之理,亦無所不盡。",C
Z008565,"如至誠,惟能盡性,只盡性時,萬物之理,都無不盡了。",C
Z008582,"所謂知者,(《或録》此下云:""便/只是理,才知得),便只是知得我底道理,非是以我之知,去知彼道理也。",N
Z008586,"如夏熱冬寒,君仁臣敬,非知),所以謂之妙衆理,猶言能運用衆理也。",A
Z008601,"試不仁愛看,便行不得,非是說為君了不得己用仁愛,自是理合如此。",C
Z008602,"試以一家論之,為家長者,便用愛一家之人,惜一家之物,自是理合如此,若天使之然,每常思量,著極好笑,自那原頭來,便如此了。",C
Z008605,"其它大倫皆然,皆天理使之如此,豈容強為哉?且以仁言之,只天地生這物時,便有箇仁,他只知生而已。",A
Z008609,"非仁愛,何以如此?縁他本原處,有箇仁愛溫和之理如此,所以發之扵用,自然慈祥惻隠。",A
Z008620,"又知得君之所以仁、臣之所以敬、父之所以慈、子之所以孝,是覺此理也。",C
Z008632,"如甲兵、錢榖、籩豆,有司到當,自家理會,便理㑹,不是為别人了理㑹。",N
Z008649,"""曰:""世上那解免得全不霑濕?如先所說,是不安扵義理之慮。",N
Z008650,"若安扵義理之慮,但見義理之當為,便恁滴水滴凍做去,都無後來許多事。",N
Z008663,"今所謂顧諟者,只是心裏常常存著此理在。",C
Z008671,"若不存得這些,待做出那箇㑹合道理。",N
Z008672,"問:""顧諟一句或問》復以為見天之未始不為人,而人之未始不為天何也?""曰:""只是言人之性,本無不善,而其日用之間,莫不有當然之則,則所謂天理也。",C
Z008673,"人若每事做得是,則便合天理。",C
Z008690,"以理從事是義,不以理從事,便是欲。",C
Z008711,"道夫云:""所以《或問》中有始終條理之别也,良為此爾。",N
Z008713,"如切如磋,道學也,却以為始;條理之事;如琢如磨,自修也,却以為終。",N
Z008714,"條理之事,皆是要工夫精宻。",N
Z008717,"周問:""切磋是始條理,琢磨是終條理,終條理較宻否?""曰:""始終條理,都要宻。",N
Z008750,"問進脩之術,何先者?""曰:""物理無窮,故他説得來,亦自多端。",C
Z008751,"如讀書以講明道義,則是理存於書;如論古今人物,以别其是非邪正,則是理存於古今人物;如應接事物,而審處其當否,則是理存於應接事物。",C
Z008753,如曰:'一物格而萬理通。,C
Z008758,"問:""一理通則萬理通其說如何?""曰:""伊川嘗云:'雖顔子亦未到此,天下豈有一理通?便解萬理皆通也,須積累將去。",C
Z008761,"'如某正不敢如此說,須是逐旋做將去,不成只用窮究一箇,其他不用管,便都理會得,豈有此理?為此說者,將謂是天理,不知却是人欲。",N
Z008765,"蓋物格則理明,理明則誠一而心自正矣。",C
Z008768,"他也不説格一件後便會通,也不説盡格得天下物理後,方始通,只云積習既多,然後脫然有箇貫通處。",C
Z008771,"又如今日理會一事,明日理會一事,積習多後,自然通貫。",N
Z008775,"窮理者,因其所已知而及其所未知;因其所已達而及其所未達。",N
Z008776,"人之良知,本所固有,然不能窮理者,只是足於己知己達,而不能窮其未知未達,故見得一截,不曽又見得一截,此其所以於理未精也。",N
Z008779,"黄毅然問:""程子説今日格一件,明日格一件,而先生説要隨事理會,恐精力短如何?""曰:""也須用理會,不成精力短後,話便信口開行便信脚步,㝠㝠地去,都不管他。",N
Z008781,"所以格物便要閑時理會,不是要臨時理會。",N
Z008782,"閑時看得道理分曉,則事來時㫁置自易。",N
Z008783,"格物,只是理會未理會得底,不是從頭都要理㑹如水火,人自是知其不可蹈,何曽有錯去蹈水火?格物,只是理會當蹈水火與不當蹈水火,臨事時㫁置教分曉。",N
Z008790,"如臨事,亦要如此理㑹,那箇是那箇不是。",N
Z008791,"若道理明時,自分曉,有一般説漢·唐來都是,有一般説漢·唐來都不是,恁地也不得。",N
Z008793,"如今將一箇物事來,是與不是,見得不定,便是自家這裏道理不通透。",N
Z008794,"若道理眀,則這樣處自通透。",N
Z008804,"""曰:""所以格物,便是要閑時理㑹,不是要臨時理㑹。",N
Z008806,"若理會不得時,也須臨事時,與盡心理㑹,十分㫁制不下,則亦無奈何。",N
Z008814,"但所謂格物也是格未曉底,已自曉底,又何用格?如伊川所謂""今日格一件,明日格一件也是説那難理會底。",N
Z008818,"問自一身之中,以至萬物之理,理㑹得多,自當豁然有箇覺處。",N
Z008820,"""道夫曰:""自一身以至萬物之理,則所謂由中而外,自近而遠,秩然有序而不迫切者曰然到得豁然處,是非人力勉强而至者也。",N
Z008821,"行夫問:""明道言致知云:""夫人一身之中,以至萬物之理,理㑹得多,自然有箇覺悟處。",N
Z008822,"""曰:""一身之中,是仁義禮智、惻隱、羞惡、辭遜、是非與夫耳目、手足、視聴言動,皆所當理會。",N
Z008823,"至若萬物之榮悴與夫動植小大,這底是可以如何使,那底是可以如何用?車之可以行陸,舟之可以行水,皆所當理㑹。",N
Z008834,"今人謂人之死為鬼,是死後收斂,無形無跡,不可理會,便是那氣之屈底。",N
Z008838,"""又曰:""自一身之中,以至萬物之理,理會得多,自當豁然有箇覺處。",N
Z008840,"如一百件事,理會得五六十件了,這三四十件,雖未理㑹也,大槩是如此。",N
Z008847,"如一案有許多器用,逐一理會得,少間便自見得,都是案上合有底物事。",N
Z008849,"如人讀書,初未理㑹得,却不去究心理㑹。",N
Z008850,"問他《易》如何,便說中間說話,與《書》甚處相類問他《書》如何,便云與《詩》甚處相類一齊都没理㑹。",N
Z008851,"所以程子説所謂窮理者,非欲盡窮天下之理,又非是止窮得一理便到。",N
Z008857,"雖未能事事知得,然理會得已極多。",N
Z008860,"後來看程子説格物,非謂欲盡窮天下之物,又非謂只窮得一理便到。",N
Z008861,"但積累多後,自脫然有悟處,方理會得。",N
Z008869,"""又言:""格物,非謂盡窮天下之理,但於一事上窮盡,其他,可以類推。",N
Z008876,"所以先要讀書,理會道理。",N
Z008878,"且如火爐理㑹得一角了,又須都理㑹得三角,又須都理會得上下四邊,方是物格。",N
Z008880,"""又曰:""格物不可只理會文義,須實下工夫,格將去始得。",N
Z008885,"蓋於此處,既理會不得,若專一守在這裏,却轉昏了。",N
Z008894,"且如所説春秋》書元年春王正月,這如何要窮曉得?若使孔子復生也,便未易理會在,須是且就合理㑹易》所在理㑹。",N
Z008895,延平説是窮理之要。,N
Z008896,"若平常遇事,這一件理㑹未透,又理會第二件,第二件理會未得,又理會第三件,恁地終身不長進。",N
Z008902,"德元問:""萬物各具一理,而萬理同出一原?""曰:""萬物皆有此理,理皆同出一原。",C
Z008903,"但所居之位不同,則其理之用不一。",C
Z008904,"如為君須仁,為臣須敬,為子須孝,為父須慈,物物各具此理,而物物各異其用,然莫非一理之流行也。",A
Z008906,"除是無此物,方無此理。",C
Z008909,"行夫問:""萬物各具一理,而萬理同出一源,此所以可推而無不通也。",C
Z008910,"""曰:""近而一身之中,逺而八荒之外,微而一草一木之衆,莫不各具此理。",C
Z008912,"然雖各自有一箇理,又却同出於一箇理爾。",C
Z008915,"所以謂格得多後,自能貫通者,只為是一理。",C
Z008917,"或問萬物各具一理,萬理同出一原。",C
Z008920,"又問物必有理,皆所當窮。",C
Z008923,"問:""觀物察已,還因見物,反求諸已此說亦是,程子非之何也?""曰:""這理是天下公共之理,人人都一般,初無物我之分。",C
Z008927,"格物,所以致知,於這一物上,窮得一分之理,即我之知,亦知得一分於物之理;窮二分,即我之知,亦知得二分於物之理。",C
Z008928,"窮得愈多,則我之知愈廣,其實只是一理,才明彼即曉此。",C
Z008931,"又曰:""格物之理,所以致我之知。",C
Z008933,"只是舉其至大與其至細者,言學者之窮理,無一物而在所遺也。",C
Z008937,"曰:""天下之理,偪塞滿前,耳之所聞,目之所見,無非物也。",C
Z008938,"若之何而窮之哉?須當察之於心,使此心之理既明,然後於物之所在,從而察之,則不至於汎濫矣。",C
Z008952,"人心是箇神明不測物事,今合是如何理會?這耳目、鼻口、手足,合是如何安頓?如父子、君臣、夫婦、朋友,合是如何區處?就切近處,且逐旋理㑹。",N
Z008953,"程先生謂:'一草一木,亦皆有理,不可不察。",C
Z008960,"但如今且從頭做將去,若初學又如何便去討天地高深、鬼神幽顯得?且如人說一件事,明日得工夫時,也便去做了,逐一件理會去,久之自然通貫。",N
Z008965,"問格物窮理,但立誠意以格之。",N
Z008972,"遇一物,須是眞箇即此一物,究極得箇道理了,方可言格。",N
Z008979,"敬則心存,心存則理具,於此而得失可驗。",C
Z008993,"今若只理㑹正心誠意,(《池録》作四/端情性),却有局促之病,只説致知格物,(《池録》作""讀書講學/一作慱窮衆理),又却似汎濫。",N
Z009019,"古人從小以敬涵養,父兄漸漸教之讀書識義理。",N
Z009020,"今若説待涵養了,方去理㑹,致知也無期限,須是兩下用工,也著涵養,也著致知。",N
Z009028,"蓋古人方生下兒子,便有存養他底(道)/理,父兄漸漸教他讀書識義理,今人先欠了此一段)(故學者先須存養。",N
Z009029,然存養便當去窮理。,N
Z009030,"若説道俟我/存養得,却去窮理,則無期矣。",N
Z009040,"且如言忠信,行篤敬,只見得言行合如此,下一句'蠻貊之邦行矣便未須理會,及其久也,只見得合如此言,合如此行,亦不知其為忠信篤敬如何,而忠信篤敬,自在裡許方好。",N
Z009071,"或告之讀書窮理,或告之就事物上體察。",N
Z009076,"""曰:""此是最初下手處,理會得此一章分明,後面便容易。",N
Z009079,"今有一等人甚明,且於道理亦分曉,却只恁地者,只是向外做工夫。",N
Z009081,"若理會得透徹,後面便容易。",N
Z009084,"見人之敏者,太去理會,外事則教之使去父慈子孝處理會曰:""若不務此,而徒欲汎然以觀萬物之理,則吾恐其如大軍之遊騎,出太逺而無所歸。",N
Z009085,"若是人專只去裏面理㑹,則教之以求之情性,固切於身,然一草一木,亦皆有理。",C
Z009090,"且如既言不必盡窮天下之物又云:'一草一木,亦皆有理。",C
Z009091,"'今若於一草一木上理會,有甚了期?但其間有積習多後,自當脫然有貫通處者,為切當耳。",N
Z009094,"聖賢於難處之事,只以數語,盡其曲折,後人皆不能易者,以其於此理素明故也。",C
Z009095,"又云:'所謂格物者,常人於此理,或能知一二分,即其一二分之所知者推之,直要推到十分窮得來無去處,方是格物。",C
Z009097,"如初間説知覺及誠敬,固不可不勉,然天下之理,必先知之而後,有以行之,這許多説,不可不格物致知。",C
Z009101,"問:""程子謂致知節目如何?""曰:""如此理會也未可,須存得此心,却逐節子思索,自然有个覺處,如諺所謂冷灰裡豆爆。",N
Z009102,"問:""二程説格物,謂當從物物上格之,窮極物理之謂也。",C
Z009112,"末後又舉延平之教,千言萬語,只是欲學者此心常在道理上窮究。",N
Z009114,"所謂道理者,即程夫子與先生已說了。",N
Z009118,"又至草木鳥獸一事一物,莫不皆有一定之理。",C
Z009127,"""曰:""只是一个道理界破看。",N
Z009146,"德元問詩》所謂秉彛書》所謂降衷一段,其名雖異,要之皆是一理。",C
Z009180,"心性固只一理,然自有合而言處,又有析而言處,須知其所以析,又知其所以合乃可。",C
Z009184,"後來横渠説得極精云:'心統性情者也,如降𠂻之𠂻,同是此理。",C
Z009196,"""曰:""然則天地之中,是指道體;天然自有之中,是指事物之理。",C
Z009198,"問:""以其理之一,故於物無不能知;以其稟之異,故於理或不能知。",C
Z009202,"然這個理未嘗亡,才求便得。",C
Z009204,"喚做難,又不得,喚做易,又不得,喚做易時如何?自堯、舜、禹、湯、文、武、周、孔以後,如何更無一个人與相似,喚做難?又才知覺,這个理又便在這裡。",C
Z009209,"聖人所以將格物致知教學者,只是要教你理會得這个道理,便不錯。",N
Z009210,"一事上皆有一个理,當處事時,便思量體認得分明,久而思得熟,只見理而不見事了。",C
Z009213,"且如漢高帝做事,亦有合理處,如寛仁大度約法三章,豈不是合理處?甚多有功諸將,嫚罵待他,都無禮數。",N
Z009215,"如此全錯,更無些子道理,前後却似兩人,此只是不曽真个見得道理合如此做中理底。",N
Z009216,"是他天資高明,偶然合得不中理處多,亦無足恠。",N
Z009218,"以聖人教學者,理㑹道理,要他真个見得了,方能做得件件合道理。",N
Z009220,"積累功夫日久,自然見這道理分曉,便處事不錯。",N
Z009223,"若要合下,便做一次排遣,無此理,亦不濟得事。",N
Z009224,"須是當事時,子細思量,認得道理分明,自然勝得他次第。",N
Z009226,如今只窮理為上。,N
Z009230,"又曰:""氣稟物欲,生來便有,要無不得,只逐旋自去理會消磨。",N
Z009231,"大要只是觀得理分明,便勝得他。",N
Z009240,"乃夫子所謂""下學而上達者曰:""只是眼前切近起居、飲食、君臣、父子、兄弟、夫婦、朋友處,便是這道理,只就近處行,到熟處,見得自髙。",N
Z009242,"""又有人説:""掉了這个上面,自有一个道理,亦不是下梢,只是謾人。",N
Z009243,"聖人便只説下學上達,即這个便是道理。",N
Z009244,"别更那有道理,只是這个熟處,自見精微。",N
Z009250,"或閤理之不容已者,如何?""曰:""理之所當為者,自不容已。",A
Z009261,"或問莫不有以見其所當然而不容已與其所以然而不可易者?""先生問:""每常如何看?""廣曰:""所以然而不可易者,是指理而言;所當然而不容已者,是指人心而言。",C
Z009263,"凡事固有所當然而不容已者,然又當求其所以然者何故?其所以然者,理也。",C
Z009264,"理如此,固不可易。",C
Z009266,"然其所以如此者,何故?必有个道理之不可易者。",C
Z009271,"明道詩云:'道通天地有形外,思入風雲變態中觀他此語,須知有極至之理,非册子上所能載者。",C
Z009275,"才理㑹到深處,又易得似禪,須是理會到深處,又却不與禪相似,方是今之不為禪學者,只是未曽到那深處,才到那深處,定走入禪去也。",N
Z009279,"大凡為學,湏是四方八面,都理會教通曉,仍更理會向裡來。",N
Z009293,"問以類而推之説,曰:""是從巳理會得處,推將去。",N
Z009296,"燾問或問》云:""心雖主乎一身,而其體之虚靈,足以管乎天下之理;理雖散在萬物,而其用之微妙,實不外乎一人之心。",C
Z009297,"'不知用是心之用否?""曰:""理必有用,何必又説是心之用?夫心之體,具乎是理,而理則無所不該,而無一物不在。",C
Z009300,"又云:""理遍在天地萬物之間,而心則管之。",C
Z009304,"要之理之在物,與在吾身,只一般。",C
Z009329,"與吕與叔""必窮萬物之理,同出於一為格物;知萬物同出乎一理為知至,其所見大段不同。",C
Z009336,"龜山説:""只反身而誠,便天地萬物之理在我。",C
Z009338,"惟伊川言""不可只窮一理,亦不能徧窮天下萬物之理。",C
Z009340,如正䝉是盡窮萬物之理。,C
Z009348,"""曰:""若宛轉之説,則是理本非己有,乃强委曲牽合,使入來爾。",C
Z009349,"許多説,只有上蔡所謂窮理,只是尋个是處為得之。",C
Z009362,"(太)/快)伊川云:""非是一理上窮得,亦非是盡要窮,窮之久,當有覺處。",C
Z009392,"問:""先生舊解致知,欲人明心之全體,新改本却削去,只説理何也?""曰:""理即是此心之理,檢束此心,使無紛擾之病,即此理存也。",C
Z009395,"以此去看義理,但見有好意思了。",N
Z009396,"""問:""所謂一草一木,亦皆有理,不知當如何格?""曰:""此推而言之,雖草木,亦有理存焉。",C
Z009397,"一草一木,豈不可以格?如麻麥、稻梁,甚時種,甚時收,地之肥、地之磽,厚薄不同,此宜植某物,亦皆有理間致知自粗而推至於精,自近而推至於遠,不知所推之事,如世間甚事?""曰:""自無穿窬之心推之,至於以不言餂之類;自無欲害人之心推之,舉天下皆在所愛。",C
Z009405,"只看道理未熟,如程子説便寛舒。",N
Z009417,"這箇道理,自孔、孟既没,便無人理㑹得。",N
Z009430,""")這説是教人若遇一事,即且就上理會,教爛熟離析,不待擘開,自然分解,久之自當有洒然處,自是見得快活。",N
Z009434,"李堯卿問:""延平言窮理工夫,先生以為:'不若伊川規模之大、條理之密。",N
Z009441,"廷老問:""李先生以為:'為學之初,凡遇一事,當且就此事,反覆推尋,以究其理。",C
Z009471,"問意既誠矣一段曰:""不誠是虚偽無實之人,更理會甚正?正如水渾分甚清濁,不虚偽無實,是箇好人了。",N
Z009531,"或云《論語》不如《中庸曰:""只是一理,若看得透,方知無異論語》是每日零碎問,譬如大海也是水,一勺也是水。",C
Z009547,"如耕荒田,今日耕些子,明日又耕些子,久則自周匝,雖有不到處,亦不出這理。",C
Z009570,"到孟子時,世變既逺,人才漸漸不如古,故孟子極力與言,要他從箇本原處理㑹否?""曰:""孔門雖不曾説心,然荅弟子問仁處,非理㑹心而何?仁即心也。",N
Z009574,"""曰:""孔子體面大,不用恁地説,道理自在裏面。",N
Z009605,"讀《論語》逐文逐意,各是一義,故用子細靜觀《孟子》,成大段,首尾通貫,熟讀文義自見,不可逐一句一字上理㑹也。",N
Z009612,"又如方理㑹此一句未得,不須雜以别説相似者次第亂了,和此一句,亦曉不得。",N
Z009613,"人有言:""理㑹得《論語》,便是孔子,理㑹得七篇,便是孟子。",N
Z009633,"這箇使急不得,須是緩緩理㑹。",N
Z009634,"須是逐一章去搜索,候這一章透徹後,却理㑹第二章,乆後通貫,却事事㑹看。",N
Z009637,"論語》難讀,日只可看一二段,不可只道理㑹文義,得了便了。",N
Z009644,"如理㑹《論語》,只得理㑹《論語》,不得存心在《孟子如理㑹《里仁》一篇,且逐章相挨理㑹了,然後從公冶長理㑹去,如此便是。",N
Z009648,"但一日積一段,日日如此,年嵗間自是裏面通貫,道理分明。",N
Z009651,"若如此看,只是理㑹文義,不見得他底深長意味。",N
Z009662,"須從頭看,無精無粗,無淺無深,且都玩味得熟,道理自然出。",N
Z009668,"聖賢言語,粗說細說,皆著理㑹教透徹。",N
Z009671,"先生問《論語》如何看?""淳曰:""見得聖人言行,極天理之實,而無一毫之妄。",C
Z009687,"聖人乃曰""我欲斯至盍亦於日用體騐?我若欲仁,其心如何?仁之至不至,其意又如何?又如說""非禮勿視聽言動盍亦每事省察?何者為非禮,而吾又何以能勿視勿聽?若每日如此讀書,庶㡬看得道理,自我心而得,不為徒言也。",N
Z009700,"大抵一收一放,一闔一闢,道理森然。",N
Z009706,"讀《孟子》,非惟看它義理,熟讀之,便曉作文之法。",N
Z009711,"某初看時,要逐句去看它,便覺得意思淺迫,至後來放寛看,却有條理。",N
Z009712,"然此書不特是義理精明,又且是甚次第文章?某因讀,亦知作文之法。",N
Z009725,"某於《論孟》四十餘年理㑹,中間逐字稱等,不教偏些子。",N
Z009727,"""又曰:""解說聖賢之言,要義理相接去,如水相接去,則水流不碍。",N
Z009749,"程先生《經解》,理在《解語》内。",N
Z009750,"某集注《論語》,只是發明其辭,使人玩味經文理,皆在經文内易傳》不看本文,亦是自成一書。",N
Z009764,"""曰:""只《盡心篇》語簡了,便難理㑹。",N
Z009766,"""問論語》浩博,須作年嵗間讀,然中間切要處,先理㑹如何?""曰:""某近來作《論語略解》,以精義太詳,說得沒緊要處,多似空費工夫,故作此書,而今看得,若不看《精義》,只看《略解》,終是不浹洽。",N
Z009771,"某舊日只恐《集義》中有未曉得義理,費盡心力,看來看去,近日方始都無疑了。",N
Z009777,"聖人言語,只熟讀玩味道理,自不難見。",N
Z009778,"若果曽著心而看他道理不出,則聖賢為欺我矣。",N
Z009782,"初學固是要看《大學論孟》,若讀得《大學》一書透徹,其他書都不費力,觸處便見,喟然嘆者久之曰:""自有這箇道理,說與人,不信。",N
Z009794,"且理㑹古人說,教通透。",N
Z009795,"如《語孟集義》中所載諸先生語,須是熟讀,一一記放心下,時時將來玩味,久久自然理㑹得。",N
Z009796,"今有一般學者,見人恁麽說,不窮究它說是如何,也去立一說來攙說,何益於事?只贏得一箇理㑹不得爾。",N
Z009799,"如看《論語》粗義,且只將諸說相比並看,自然比得正道理岀來。",N
Z009825,"讀書考義理,似是而非者難辨。",N
Z009828,"須借它做階梯去尋求將來,自見道理,知得它是非,方是自己所得處。",N
Z009830,"問:""如何辨得似是而非?""曰:""遺書》所謂義理栽培者是也。",N
Z009844,"明道說道理,一看便好,愈看而愈好。",N
Z009862,"孔子言簡,故意廣無失;孟子言多意長,前呼後喚,事理俱眀,亦無失。",N
Z009882,"今人多要硬把捉教住,如有箇難理㑹處,便要刻畫,百端討出來,枉費心力,少刻只說得自底,那裏見聖人意。",N
Z009890,"""曰:""孔子言語,一似沒緊要說出來,自是包含無限道理,無些滲漏。",N
Z009891,"如云:'道之以政,齊之以刑,道之以徳,齊之以禮數句,孔子初不曽著氣力,只似沒緊要說出來,自是委曲詳盡,說盡道理,更走它底不得。",N
Z009908,"劉問學而時習之曰:""今且理㑹箇學,是學箇甚底,然後理㑹習字、時字。",N
Z009909,"盖人只有箇心,天下之理,皆聚於此。",C
Z009921,"俗學讀書,便只是讀書,更不理㑹為學之道是如何?""",N
Z009926,"呉知先問學習二字曰:""學是未理㑹得時,便去學,習是已學了,又去重學。",N
Z009937,"問時習是温尋其義理,抑習其所行?""曰:""此句所包廣,只是學做此一件事,便須習此一件事。",N
Z009973,"㸔来只就義理處說,後添入上蔡""坐如尸""一段,此又就躬行處說,然後盡時習之意。",N
Z009975,"兩段各只說得一邊,尋繹義理與居處,皆當習者也。",N
Z009993,"久之却自尋得箇可信底道理,則是真信也。",N
Z010005,"大抵朋友逺来,能相信從,吾既與他共知得這箇道理,自是樂也。",N
Z010017,"到學而不能自已,則久久自有此理。",C
Z010033,"又如喫飯不喫在肚裏,却向上家討一椀来,比下家討一椀来,比濟得甚事?且如讀書,直是將一般書,子細沈潜去理㑹,有一看而不曉者,有再㸔而不曉者,其中亦有再看而可曉者,看得來多,不可曉者自可曉,果是不曉,致疑方問人,今来所問,皆是不曽子細㸔書,又不曽從頭至尾㸔,只是中間接起一句一字來,備禮發問。",N
Z010063,"葢此箇道理,天下所公共,我獨曉之,而人曉不得也,自悶。",N
Z010087,"向日君舉在三山,請某人學中講說,此謂第一節是心與理一,第二節是己與人一,第三節是人與天一以為竒論,可謂作怪。",N
Z010088,"問學而》首章,把作始中終之序,看時如何?""曰:""道理也是恁地,然也不消恁地說。",N
Z010097,"因言福州嘗有姓林者,解學而時習》,是心與理為一,有朋自逺方来是已與人為一,人不知而不愠,是人與天為一。",N
Z010125,"如庖丁解牛,他只尋罅隙處,㳺刃以徃,而衆理自解,芒刃亦不頓。",A
Z010165,"若將實字来解求仁則可,若以求仁解學字,又没理㑹了。",N
Z010201,"若其中元無此理,如何㑹感發得?""",C
Z010255,"問:""孝弟為仁之本,是事父母兄,既盡道,乃立得箇根本,則推而仁民愛物,方行得有條理。",N
Z010266,"又論本字云,此便只是《大學》,其本亂而未治者否矣意思理一而分殊,雖貴乎一視同仁,然不自親始也不得。",C
Z010272,"'所謂用,莫是孝弟之心,油然而生,發見於外?""曰:""仁是理,孝弟是事。",C
Z010307,"仁者愛之理,只是愛之道。",C
Z010309,"盖仁,性也,性只是理而已,愛是情,情則發於用。",C
Z010310,"性者,指其未發,故曰仁者愛之理情即已發,故曰愛者仁之用。",C
Z010311,"""(端䝉○集/註愛之理)",U
Z010312,"仁者,愛之理。",C
Z010313,"理是根,愛是苖。",C
Z010318,"仁父問仁者愛之理,曰:""這一句,只將心性情看,便分眀。",C
Z010322,"""又曰:""愛之理,愛自仁出也。",C
Z010330,"說仁者愛之理曰:""仁自是箇和柔底物事。",C
Z010339,"仁是愛之理,愛是仁之用。",C
Z010355,"問心之徳、愛之理曰:""愛是箇動物事,理是箇静物事。",C
Z010360,"又曰:""愛雖是情,愛之理是仁也。",C
Z010361,"仁者愛之理,愛者仁之事,仁者愛之體,愛者仁之用。",C
Z010362,"心之徳,是兼四端言之,愛之理,只是就仁體叚說,其發為愛,其理則仁也。",C
Z010364,"其為仁也,孝弟章,心之徳、愛之理。",C
Z010371,"愛之理,如所謂偏言則一事者也。",C
Z010375,愛之理是偏言則一事;心之徳是專言則包四者。,C
Z010377,"分而言之,則仁是愛之理,義是宜之理,禮是恭敬辭遜之理,知是分别是非之理也。",C
Z010378,"以心之徳而專言之,則未發是體,已發是用;以愛之理而偏言之,則仁便是體,惻隠是用。",C
Z010379,"問:""仁者,心之徳、愛之理,聖賢所言,又或不同,如何?""曰:""聖賢言仁,有就心之徳說者,如'巧言令色,鮮矣仁'之類;有就愛之理說者,如孝弟為仁之本'之類。",C
Z010380,"楊問:""仁者,愛之理,看孔門答問仁多矣。",C
Z010410,"因其愛與宜、恭敬與是非,而知有仁義禮智之理在其中,乃所謂心之徳,乃是仁,能包四者,便是流行處,所謂""保合太和是也。",C
Z010411,"仁是箇生理,若是不仁,便死了。",A
Z010415,"且如一箇人坐亡立化,有一箇人仗節死義,畢竟還仗節死義底是坐亡立化,濟得甚事?㬊亞夫問""殺身成仁,求生害仁曰:""求生畢竟是心不安理當死即得殺身,身雖死而理即在。",C
Z010419,"若理㑹得一段了,相似忘却,忽又理㑹一段,覺見得意思轉好。",N
Z010428,"諸子問仁不同,而今曰""愛之理云者,克己復禮,亦只要存得此愛,非以克己復禮是仁。",C
Z010430,"問愛之理、心之徳曰:""理便是性,緣裏面有這愛之理,所以發出来無不愛。",A
Z010431,"程子曰:""心如榖種,其生之性,乃仁也,生之性,便是愛之理也。",C
Z010441,"問:""渾然無私,便是愛之理;行仁而有得於己,便是心之徳否?""曰:""如此解釋文義亦可,但恐本領上未透徹爾。",C
Z010442,"""少頃問濓溪中正仁義之說,先生遽曰:""義理才覺有疑,便劄定脚歩,且與究竟到底,謂如說仁,便要見得仁是甚物,如義、如智、如禮亦然。",N
Z010443,"識得道理,一一分曉了然如在目中,則自然浹洽融㑹,形之言語自别。",N
Z010447,"方寂然不動,此理完然,是為性之本體。",C
Z010451,"必曰仁者愛之理,然後仁之體眀曰仁者心之徳,然後仁之用顯。",C
Z010460,"""不須外邊添入道理。",N
Z010462,"孔門之教,說許多仁,却未曽正定說出,葢此理直是難言。",C
Z010474,"""曰:""某記少時,與人講論此等道理,見得未真,又不敢斷定觸處問人,自為疑惑,皆是臆度所致,至今思之可笑。",N
Z010487,"楊至之嘗疑先生""君子而時中解處,恐不必說而又""字,先生曰:""只是未理㑹此意。",N
Z010492,"""先生語輔漢卿曰:""所看文字,於理㑹得底,更去看又好。",N
Z010510,"故論性以仁為孝弟之本,為仁以孝弟為本,這箇仁字,是指其周遍及物者言之;以仁為孝弟之本,這箇仁字,是指其本體發動處言之否?曰:""是道理都自仁裏發出。",A
Z010517,"""曰:""凡論道理,須是論到極處,以手指心曰:'本只是一箇仁愛念動出来,便是孝。",N
Z010534,"如公所說程子之意,孝弟與仁,却是兩箇物事,豈有此理?""直卿曰:""正是倒看,却曰孝弟不是仁,更把甚麽做仁?前日戯與趙子欽說:'須畫一箇圏子,就中更畫大小,次第作圈,中間圈子,寫一性字,自第二圈以下,分界作四去,各寫仁義禮智四字。",N
Z010556,"""又曰:""愛非仁,愛之理是仁,心非仁,心之徳是仁。",C
Z010569,"仁是理之在心,孝弟是心之見於事性中,只有箇仁義禮智,曷嘗有孝弟?見於愛親,便喚做孝,見於事兄,便喚做弟。",C
Z010573,"仁是理之在心者,孝弟是此心之發見者,孝弟即仁之属。",C
Z010574,"但方其未發,則此心所存,只是有愛之理而己,未有所謂孝弟各件。",C
Z010576,"問眀道曰:""孝弟有不中理,或至犯上。",N
Z010577,"""既曰孝弟如何?""又有不中理?""曰:""且如父有争子,一不中理,則不能承意,遂至於犯上。",N
Z010583,"仁者,義理之言,不是地位之言。",N
Z010589,"""問曰:""仁是義理之言,盖以仁是自家元本有底否?""曰:""固是。",N
Z010594,"性其理,情其用。",C
Z010606,"後人又却說得来髙逺,没理㑹了。",N
Z010636,"却不似上蔡諸公說道去那上面察探,要見這道理。",N
Z010637,"道理自在那裡,何用如此等候察探他?且如上蔡說仁曰:'試察吾事親從兄時,此心如之何?'便都似剰了。",N
Z010706,"程子曰:""兩條若理㑹得,則《論語》一書,凡論仁處,皆可通矣論語》首章載時習,便列兩章,說仁次之,其意深矣。",N
Z010711,"又須把前後說来相參,子細玩味,看道理貫通與不貫通,便見得。",N
Z010713,"""先生因問曰:""曽理㑹得伊川曰:'論性則仁為孝弟之本否?""榦曰:""有這性,便有這仁,仁發出来,方做孝弟。",N
Z010719,"且如這事合恁地方中理,必可以求仁,亦不至於害仁。",N
Z010727,"""曰:""豈不是緊要?若為人謀而不忠,既受人之託,若不盡心與他理㑹,則不惟欺人,乃是自欺。",N
Z010728,"且說道為人謀而不忠後,這裏是㡬多病痛,此便是謹獨底道理。",N
Z010735,"到信知,就事上去看,謂如一件事如此為人,子細斟酌利害,直似已事,至誠理㑹,此便是忠。",N
Z010759,"問:""如此則忠,只是箇待人底道理。",N
Z010771,"文勢如此,何必拗轉枝蔓?看文字?自理㑹一直路去,豈不知有千蹊萬徑?不如且只就一直路去,久久自然通透。",N
Z010803,"忠信以人言之,盖忠信以理言,只是一箇實理。",C
Z010805,"盖不因人做出來,不見得這道理。",N
Z010811,"問曽子忠信,却於外面理㑹?""曰:""此是修辭立其誠之意。",N
Z010813,"""曰:""内外只是一理,事雖見於外,而心實在内。",C
Z010823,"""又問:""忠是人心實理,於事父謂之孝,處朋友謂之信,獨於事君謂之忠,何也?""曰:""父子、兄弟、朋友,皆是分義相親,至於事君,則分際甚嚴,人每若有不得已之意,非有出於忠心之誠者,故聖人以事君盡忠言之。",C
Z010824,"""又問:""忠與誠如何?""曰:""忠與誠,皆是實理。",C
Z010843,"""曰:""忠信只是一理,自中心發出來,便是忠,著實便是信。",A
Z010847,"只是一箇理,自其發於心,謂之忠,驗於事謂之信。",A
Z010918,要之兩箇只是一理。,C
Z010925,"如他平時不喜人說文章,如《易傳序》之類,固是說道理,如其他小小記文之類,今取而讀之,也不多一箇字,也不少一箇字。",N
Z010928,"儻其人凶惡,若盡己告之,必至殺人,夫豈可哉?到這裏又却是一箇道理。",N
Z010965,"""問:""莫只是一事否?""曰:""只是一箇道理。",N
Z010986,"盡己之謂忠,盡物之謂信,只是一理。",C
Z010991,作開導無義理。,N
Z010993,"因說千乗之國䟽云:""方三百一十六里有畸零,筭不徹曰:""此等只要理㑹過,識得古人制度大意。",N
Z011062,"曰:""不敬於事,沒理沒㑹,雖有號令,何以取信於人?無信則朝儉暮奢,焉能節用;不節用則傷財害民,焉能愛人?若不愛人,則不能使民以時。",N
Z011085,"問汎愛衆曰:""人自是當愛人,無憎嫌人底道理。",N
Z011090,"盖仁是箇生底物事,既是生底物,便具生之理,生之理發出,便是愛。",A
Z011097,"所謂有餘,莫是入孝出弟之理,行之綽綽然有餘裕否?""曰:""誰敢便道行之有餘裕?如汎愛衆而親仁,何曽便時時有衆之可愛,便有仁者,於此得以時時親之。",N
Z011111,"六藝如何考究得成法?""曰小學》中一事,具得這事之理,禮樂如知所以為禮樂者如此,從此上推將去,如何不可考成法?縁今人都無此學,所以無考究處。",C
Z011195,"問眀道曰:""不誠則無物如何?""曰:""實有此理,便實有此事。",C
Z011197,"""問伊川曰:""忠信者,以人言之,要之則實理何也?""曰:""以人言之,則為忠信,不以人言之,則只是箇實理。",C
Z011198,"如誠者,天之道,則只是箇實理。",C
Z011414,"'此言禮之出於自然,無一節強人,須要知得此理,則自然和。",C
Z011439,"銖曰:""頃以先生所教思之,禮者,天理節文之自然,人之所當行者。",C
Z011475,"且以人之持敬,若拘迫則不和,不和便非自然之理。",C
Z011513,"若更時時拈掇起来,便有箇七八分底道理。",N
Z011520,"若退去自放肆或乖爭,便是不和通《書》說""理,禮也,樂,和也。",N
Z011521,隂陽理而後和。,C
Z011522,"君君臣臣,父父子子、兄兄弟弟、夫夫婦婦,萬物各得其理,然後和。",C
Z011557,"""曰:""謂一理如何?""曰:""理亦說得,然言心却親切。",C
Z011563,"這處體用在這裏,那處體用在那裏,這道理儘無窮。",N
Z011570,"若以勢觀之,自是不和,然其實却是甘心為之,皆合於禮,而理自和矣。",A
Z011573,"若諸侯僣天子,大夫僣諸侯,此便是失禮,失禮便不和易》言""利者,義之和也若以理言之,義自是箇斷制底氣象,有凛然不可犯處,似不和矣,其實却和。",C
Z011589,"如說出話了後,看是義與不義,方理㑹復與不復。",N
Z011610,"""曰:""萬一料事不過,則如之何?""曰:""這却無可奈何,却是自家理不明爾。",N
Z011632,此是教人接人底道理也。,N
Z011706,"""又問:""程先生所解,是於文義不合乎?是道理未必然乎?""曰:""也是一說。",N
Z011726,"須是見得自家心裏,常有一箇合當著緊底道理,此類自不暇及。",N
Z011806,"聖人更進他上面一節,以見義理不止於此。",N
Z011808,"講學皆如此,天下道理更闊在。",N
Z011809,"問""貧而無諂章曰:""公只管纒某義理無窮一句。",N
Z011811,"子貢便說切磋琢磨,方是知義理之無窮也。",N
Z011814,"只此小小文義間,要用理㑹。",N
Z011815,"子貢言無驕,孔子但云僅可而己,未若樂與好禮子貢便知義理無窮。",N
Z011819,"若於諂與驕中,求樂與好禮,此如適越北,其轅反行,求及前人,無可至之理。",N
Z011820,"集注》中所謂義理無窮""者,不是説無諂無驕,至樂與好禮處,便是義理無窮,自是說切磋琢磨處,精而益精爾。",N
Z011823,"聖人知其已是實了得這事,方進它一歩,它方始道上面更有箇樂與好禮,便豁然曉得義理無窮,學問不可少得而遽已也。",N
Z011830,"今語録悉備,向上道理,知得明,皆說得去,只是就身分上切實工夫大欠了。",N
Z011838,"漢臣問:""患不知人也,如何知得他人?""曰:""見得道理眀,自然知人。",N
Z011839,"自家不識得道理破,如何知得他人賢否?""",N
Z011841,"若自家不能知得人,便是自家不知得道理。",N
Z012054,"""又曰詩》恰如《春秋春秋》皆亂世之事,而聖人一切裁之以天理。",C
Z012098,"""每常只泛看過,子細思量,極有義理。",N
Z012101,"所思皆無邪,則便是實理。",C
Z012207,"問道之以徳,齊之以禮曰:""資質好底,便化不好底,須立箇制度,教人在裏面,件件是禮,後世專用以刑,然不用刑,亦無此理。",C
Z012254,"且理㑹這㡬箇字,教分曉。",N
Z012257,志學則其心專一向這箇道理上去。,N
Z012269,"問聖人十年工夫,曰:""不須理㑹這箇,且理㑹志于學。",N
Z012282,"不惑,是隨事物上,見這道理,合是如此;知天命,是知這道理所以然。",N
Z012285,"問:""四十而不惑,是於事物當然之理,如君之仁、臣之敬、父之慈、子之孝之類,皆曉之而不疑。",N
Z012299,"""如何是所以當然之故?""曰:""如孝親悌長,此當然之事,推其所以然處,因甚如此,學者未便㑹知此理。",N
Z012307,"問:""六十而耳順,在人之最末,何也?""曰:""聽最是人所不著力,所聞皆是道理,無一事不是,可見其義精仁熟如此。",N
Z012339,"志學至""從心所欲不踰矩,只是一理,先自人事做做来,做去就上自長。",C
Z012344,"知是知此事,覺是覺此理,亦此意。",C
Z012353,"耳順則凡耳聞者,便皆是道理,而無凝滯。",N
Z012367,"""又問:""聞無道理之言,亦順否?""曰:""如何得都有道理?無道理底也見他是那裏背馳,那裏欠闕,那一邉道理是如何?一見便一落索,都見了。",N
Z012370,"到此時節,他便自㑹發心去做,自去尋這道理。",N
Z012375,"五十知天命,則窮理盡性,而知極其至矣。",N
Z012377,"不惑者,見事也;知天命者,見理也。",N
Z012378,"伊川云:""先知先覺,知是知此事,覺是覺此理。",N
Z012382,"知天命者,謂因甚教我恁地,不恁地不得,是如何?似覺得皆天命天理。",N
Z012397,"不惑謂識得這箇道理,合東便東,合西便西,了然於中,知天命便是不惑。",N
Z012401,"問耳順曰:""到得此時,是於道理爛熟了,聞人言語,更不用思量,得,才聞言便曉,只是道理爛熟耳。",N
Z012403,"須是志念常在於學,方得立,則是能立於道理也。",N
Z012404,"然事至,猶有時而惑,在不惑則知事物當然之理矣。",N
Z012405,"然此事此物當然之理,必有所從来。",N
Z012407,上蔡云:'知性之所自出、理之所自来最好。,C
Z012408,"問:""七十從心一節,畢竟是如何?""曰:""聖人生知,理固已明,亦必待十五而志於學。",C
Z012424,"又如命有徳,討有罪,皆是天理合如此耳順則又是上面一齊曉得,無所不通矣。",C
Z012426,"""曰:""不惑是事上知,知天命,是理上知,耳順是事理皆通,入耳無不順。",C
Z012431,"理是此心之所當知,事是此心之所當為,不要埋沒了它可惜。",C
Z012433,"又云:""人心皆自有許多道理,不待逐旋安排入来。",C
Z012434,"""(銖録此下云:""但人有以陷/溺其心,於是此理不明。",C
Z012435,""")聖人立許多節目,只要人剔刮,將自家心裏許多道理出来而已。",C
Z012445,"問:""十五志于學,至七十從心所欲不踰矩程子云'窮理盡性,以至於命如何?""曰:""這事逺難說。",C
Z012449,"三十而立時,便是箇鋪模,定了不惑時,便是見得理明也。",C
Z012450,"知天命時,又知得理之所自出,耳順時見得理熟;從心所欲不踰矩時,又是爛熟也。",C
Z012459,"""曰:""這便是不惑知言處,可見孟子是義精理明,天下之物,不足以動其心,不是強把捉得定。",C
Z012473,"有苟且以事親而違禮,有以僣事親而違禮,自有箇道理,不可違越。",C
Z012531,"其它只是就道理上說,如此却是這句分外於身心上指出。",C
Z012546,"大率學者,且要儘從小處做起,正如起屋,未須理㑹架屋,且先立箇基址定方得。",N
Z012560,"""曰:""既知二失,則中間須自有箇處之之理。",C
Z012571,"""問者無言,文蔚曰:""孔子博他以文,約他以禮,他於天下之理,無所不明,所以於聖人之言,無所不契。",C
Z012585,"雖未盡見於行事,其理亦當有發見處。",A
Z012617,"但所謂""黙識心融,觸處洞然,自有條理,便見顔子聞夫子之言,自原本至於條目,一一理會得,所以與夫子意不相背。",N
Z012618,"及退省其私,即見其日用語嘿動静之間,皆足以發明夫子之道,坦然由之而不疑,便見得顔子不惟理會得夫子言語,及退便行將去,更無窒礙。",N
Z012625,"且如於道理上,才著緊又蹉過,才放緩又不及。",N
Z012626,"又如聖人平日,只是理㑹一箇大經大法,又却有時而應變達權。",N
Z012630,"""或云:'某於克已復禮、動容貌兩章,却理會得若是仰髙鑚堅,瞻前忽後,終是未透。",N
Z012633,"博文是道問學之事,於天下事物之理,皆欲知之;約禮是尊徳性之事,於吾心固有之理,無一息而不存。",C
Z012636,"""動之際,人倫日用當然之理,以至夏之時,商之輅、周之冕、舜之樂,歴代之典章文物,一一都理㑹得了。",N
Z012648,"問不違如愚章心融恐是功深力到處,見得道理熟了,故言入於心,隨即融化,更無渣滓,故其發見於日用之間,自然和順,所以能發明聖人之道,非生將道理,體貼力行之也,是否?""曰:""固是功夫至到,亦是天資髙。",N
Z012656,"伊川所謂天理昭著,便是聖人所說底道理,顔子便㑹一一與做。",N
Z012702,"""問:""有何道理,可助這箇果?""曰:""别無道理助得。",N
Z012737,"其初欲恕人,而終於自恕,少間漸漸將自己都沒理㑹了,都不知。",N
Z012750,"且如㸔得如此,又須著自反㸔自家所以所由所安如何?只是一箇道理。",N
Z012760,"問温故知新曰:""是就温故中,見得這道理愈精,勝似舊時所看。",N
Z012767,"問:""温故,聞見之在外者;知新,義理之得於己者。",N
Z012769,"惟知新則是在我之義理,因温故而有以自得之,其應無窮,故可以為師乎?""曰:""然。",N
Z012770,"""又問:""不離温故之中而知新,其亦下學上達之理?""曰:""亦是漸漸上達之意。",N
Z012772,"但理㑹得了,時時温習,覺滋味深長,自有新得。",N
Z012785,"如所引《學記》,則是温故而不知新,只是記得箇硬本子,更不解去裏面搜尋得道理。",N
Z012788,"""先生曰:""此只是一件事,却有兩箇義理。",N
Z012796,"大率聖人之言語闊,被他把做恁地說,也無礙理處。",N
Z012800,"若温習舊聞,則義理日通,無有窮已。",N
Z012812,"且如人有些侵我處,若是我不是,便休了,若是他不是,與他理㑹,教是便了。",N
Z012828,"問君子不器之㫖曰:""人心至靈,均具萬理,是以無所徃而不知。",C
Z012848,"""問""諸先生多舉形而上、形而下如何說?""曰:""可見底是器,不可見底是道,理是道,物是器。",C
Z012889,"如這一箇人,合當如何待那箇人,又合如何待自家只㸔理無輕重厚薄,便是周徧。",C
Z012948,"如未識得這一箇理,便去講究,要識得也是學;未識得這一箇書,便去讀也是學。",N
Z012958,"如讀書便是學,須緩緩精思,其中義理方得。",N
Z012959,"且如做此事是學,然須思此事道理是如何,只恁下頭做,不思這事道理,則昧而無得。",N
Z012965,"學而不思,如讀書,不思道理是如何?思而不學,如徒苦思索,不依様子做。",N
Z012969,"人說這事合恁地做,自家不曽思量這道理是合如何,則罔然而已。",N
Z012975,"如講明義理,學也;効人做事,亦學也。",N
Z012980,"所謂親歴,豈講求義理與躬行處,均為親歴乎?""曰:""講求義理,又似乎思。",N
Z012987,"且如讀書,看這一句,理㑹不得,便須熟讀,此便是學。",N
Z012992,"""問""思而不學則殆,只是尹氏勞而無所安底意否?""曰:""是勞便是其心勞,不安便是於義理不安。",N
Z012996,"異端不是天生出來,天下只是這一箇道理。",N
Z013007,"""曰:""不惟說不可專治,便畧去理㑹他,也不得。",N
Z013010,"問:""程子曰:""佛氏之言近理,所以害甚於楊、墨。",N
Z013021,"初見他說出来,自有道理,從他說愈深,愈是害人。",N
Z013023,"""如此等事,世人見他無道理,自不去學他。",N
Z013024,"只如墨者夷之、厚𦵏自打不過縁無道理,自是行不得。",N
Z013025,"若佛氏則近理,所以惑人。",N
Z013032,"聖人之意分明,只是以力攻之,理㑹他底,未得枉費力,便將已業都荒了。",N
Z013085,"""又問:""禄在其中,只此便可以得禄否?""曰:""雖不求禄,若能無悔尤,此自有得禄道理。",N
Z013090,"凡言在其中矣者,道理皆如此。",N
Z013100,"""又云:""若人見得道理分明,便不為利禄動。",N
Z013129,"陳仲蔚說何為則民服及使民敬忠以勸""二章,先生曰:""前章據本文,夫子只恁地說,未有貴窮理之意。",N
Z013133,"舉直錯枉集註》謂大居敬而貴窮理曰:""若不居敬,如何窮理,不窮理,如何識人?為舉直錯枉之本?""又曰:""人最要見得是與不是,方有下手處。",N
Z013135,"""又曰:""須是居敬窮理,自做工夫(銖録》云:""/此是自),方能照得人破。",N
Z013138,"盖好賢而惡不肖,乃人之正性,若舉錯得義,則人心豈有不服?謝氏又謂:'若無道以照之,則以直為枉,以枉為直,此君子大居敬而貴窮理。",N
Z013216,"""又問:""忠、質、文,本漢儒之論,今伊川亦用其說,如何?""曰:""亦有此理。",C
Z013219,"""又問五運之說,曰:""本起於五行,萬物離不得,五行五運之說,亦有理。",C
Z013321,"然見這八佾人數熱閙,便自忍而用之,這便是遏絶天理,失其初心也。",C
Z013323,盖只此便是天理發䖏。,A
Z013365,"問:""禮者,天理之節文;樂者,天理之和樂;仁者,人心之天理。",C
Z013366,"人心若存得這天理,便與禮樂湊合得著;若無這天理,便與禮樂湊合不著。",C
Z013387,"仁者,天下之正理,只是汎說,不是以此說仁體。",C
Z013388,"若曰""義者,天下之正理也得。",C
Z013389,"問仁者,天下之正理曰:""說得自好,只是太寛。",C
Z013390,"須是說仁是本心之全徳,便有箇天理在。",C
Z013391,"若天理不在,人欲横肆,如何得序而和?""",C
Z013394,"人若本然天理之良心,存而不失,則所作為,自有序而和。",C
Z013398,"""又問:""仁是合知覺與理而為之與?捨知覺而為之與?""曰:""仁自是知覺。",C
Z013401,"""又曰:""生是元,長是亨,收歛是利,藏是貞,只是一氣,理無形,故就氣上看,理也是恁地。",B
Z013412,"不仁之人,心徳既亡,方寸之中,絶無天理,平日運量酬酢,盡是非僻淫邪之氣,無復本心之正。",C
Z013414,"若天理不亡,則見得禮樂本意,皆是天理中發出来,自然有序而和。",A
Z013416,"所謂升降揖遜、鏗鏘節奏,為何等物?不是禮樂無序與不和,是他自見得無序與不和,而禮樂之理只在也。",C
Z013425,"盖心具是理,而所以存是心者,則在乎人也。",C
Z013587,"""蔡季通因云:""盥而不薦,有孚顒若,言其理也;下觀而化,述其徳也。",C
Z013620,"問知禘之說,則理無不明如何?""曰:""幽明只是一理。",C
Z013621,"若是於那渺茫幽深之間,知得這道理,則天下之理,皆可推而明之矣。",C
Z013622,"問知禘之說,則理無不明,誠無不格,治天下不為難矣。",C
Z013623,"先王報本反始之意,雖莫深於禘,如何纔知其說,便能於理無所不明?""曰:""此是理之至大者。",C
Z013624,"盖人推至始祖則已極矣,今又推始祖所自出之帝而祀焉,則其理可謂窮深極逺矣。",C
Z013625,"非仁孝誠敬之至,何以及此?䏻知此則自然理無不明,誠無不格,於治天下,真不為難矣。",C
Z013630,"今又推其始祖之所自出而祀之,苟非察理之精㣲,誠意之極至,安䏻與於此哉?故知此則於治天下不難也。",C
Z013631,"問知禘之說,則理無不明,誠無不格,而天下不難治。",C
Z013632,"此只是說聖人窮盡物理,而無一念之不實,雖至幽至逺之神,猶能感通,則其治天下,自是明且易否?""曰:""此是說禘與他祭不同,當看那禘字。",N
Z013635,"仁父問:""知禘之說,則理無不明,誠無不格,治天下不難,如何?""曰:""天地隂陽、生死、晝夜、鬼神,只是一理。",C
Z013639,"這鬼神生死之理,却怕上蔡見得。",C
Z013640,"看他說吾之精神,即祖考之精神,說得有道理。",N
Z013699,"若稍違戾於理,便是得罪於天,更無所禱告而得免其罪也。",C
Z013701,"豈媚時君與媚權臣所得而免乎?此是遜辭,以拒王孫賈,亦使之得聞天下有正理也。",C
Z013702,"周問獲罪於天集註曰:""天即理也。",C
Z013703,"""此指獲罪於蒼蒼之天耶?抑得罪於此理也?""曰:""天之所以為天者,理而已。",C
Z013704,"天非有此道理,不䏻為天,故蒼蒼者,即此道理之天。",C
Z013706,"'如父子有親,君臣有義,雖是理如此,亦須是上面有箇道理,教如此始得。",C
Z013708,"問註云:""天即理也。",C
Z013709,逆理則獲罪於天矣。,C
Z013710,"人若順理而行,則心平氣和,而自然安裕。",C
Z013711,"若悖理傷道,非必有所謂天禍人刑,而其胷次錯亂,乖氣充積,此即是獲罪於天否?""曰:""固是如此也不消說道心氣和平。",C
Z013714,"人禍天刑,即是纔逆理,便自獲罪於天。",C
Z013729,"問子入太廟,毎事問曰:""雖是有司之事,孔子亦須理㑹。",N
Z013750,"""又曰:""郭先生謂:'古人射法易學,今人射法難學,渠須理㑹得。",N
Z013778,"""曰:""就人君而言,則如此說,但道理亦是如此。",N
Z013780,"如《孟子所謂'君之視臣如手足,則臣視君如腹心道理是如此。",N
Z013782,"""曰:""也是理當如此。",N
Z013865,"休據楚當時慿陵中夏,僣號稱王,其罪大矣,如何不理㑹?盖才說著此事,楚決不肯服,便事勢住不得,故只尋此年代久逺已冷底罪過及些小不供貢事去問。",N
Z013895,"自劉、漢而下,髙祖、太宗亦是如此,都是自智謀功力中做来,不是自聖賢門户来,不是自自家心地義理中流出。",N
Z013910,"既是清濁髙下相濟而和了,就中又各有條理,皦然而明,不相侵奪,既有倫理,故其聲相連續,而遂終其奏。",N
Z013911,"言自始至終,皆條理如此。",N
Z013921,"問:""儀封人亦是據理而言,若其得位失位,則非所及知也。",N
Z013937,"大凡道理,須寛心看,使各自開去,打疊了心胷,安頓許多道理在裏面。",N
Z014099,"仁者,安仁,恰似如今要做一事,信手做将去,自是合道理,更不待逐旋安排。",N
Z014102,"這只順道理合做處便做,更不待安排布置,待得君子行法以俟命而已,便與上不同。",N
Z014104,"仁者,温淳篤厚,義理自然具足,不待思而為之,而所為自帖帖地,皆是義理,所謂仁也。",N
Z014105,"知者,知有是非,而取於義理,以求其是而去其非,所謂知也。",N
Z014118,"""又問:""如何是逺近精粗之間?""曰:""他當初若更添髙下、顯㣲古今,這様字也只是一理。",C
Z014126,"吾心渾然一理,無内外、逺近、精粗。",C
Z014143,"""先生曰:""程子只著箇公正二字解,某恐人不理㑹得,故以無私心解公字,好惡當於理解正字。",N
Z014163,"公者,心之平也;正者,理之得也。",C
Z014191,盖吾何求哉?求安於義理而已。,N
Z014192,"不當冨貴而得冨貴,則害義理,故不處;不當貧賤而得貧賤,則自家義理已無愧,居之何害?冨貴,人所同欲,若不子細,便錯了;貧賤,人所同惡。",N
Z014193,"自家既無愧義理,若更去其中,分䟽我不當貧賤,便不是。",N
Z014240,"敬之問:""冨貴、貧賤,聖人教人,要得分别取舎,到箇真切處,便隨道理做去。",N
Z014253,"更要去言外說道理,如何得?聖人這處,正是說築底處,正是好著力處,却如此輕說過了。",N
Z014255,"存得心在這裏,道理便在這裏。",N
Z014256,"從古聖賢,只是要理㑹這箇物事,保養得這箇在那事,不從這裏做出。",N
Z014268,"若不如此,則是在泥裏行,才要出,又堕在泥裏去,縱說得道理,也没安頓處。",N
Z014280,"存養之功宻,則取舎之分益明如何?""曰:""此言内外大小,皆當理㑹。",N
Z014438,"""曰:""也只是此理。",C
Z014451,"問:""過於厚與愛,雖未為中理,然就其厚與愛處㸔得来,便見得是君子本心之徳發出来。",C
Z014467,"""又問:""不知此語,還是孔子說否?""曰:""固不可知,只是有此理。",C
Z014476,"蓋黨是巳私,仁是天理。",C
Z014477,"識得過底是己私,便識得不過底是天理。",C
Z014483,"問:""朝聞道而可夕死,莫須是知得此理之全體,便可以了足一生之事乎?""曰:""所謂聞道,亦不止知得一理,須是知得多,有箇透徹處,至此,雖便死也不妨。",C
Z014529,"理自是理,見自是見。",C
Z014530,"盖物物有那實理,人須是實見得。",C
Z014531,"""義剛曰:""理在物,見在我曰是如此。",C
Z014532,"(義剛○《淳錄》云:""實理與/實見不同。",C
Z014533,"盖有那實理)(人須是見得見得恁地確定,便/是實見。",C
Z014559,"義當冨貴便冨貴,義當貧賤便貧賤,當生則生,當死則死,只看義理合如何。",N
Z014583,"且如伊川却做感應之理,解此一章,文義雖亦可通,然《論語》上言君子、小人,皆是對舉而並言,此必不然也。",N
Z014596,"放於義而行,只據道理做去,亦安能盡無怨於人?但識道理者,須道是,雖有怨者,如何恤得他?若放於利,則悖理徇私,其取怨之多必矣。",N
Z014625,"其說雖粗,道理却是恁地,而今人好𤣥妙,剗地說得無形無影,却不如只粗說較强。",N
Z014636,"只教人依道理平平做将去,看命如何,却不是說關門絶事,百様都不管,安坐以待這命。",N
Z014637,"問一以貫之曰:""且要沈潜理㑹。",N
Z014641,"問一貫曰:""恁地汎看,不濟事,須從頭子細章章理會。",N
Z014643,"今自家却要便去理會這處,是自處於孔門二千九百九十九人頭上,如何而可?""",N
Z014663,"自家心下道理,直是見得事事物物接於吾前,便只把這箇真實,應副將去。",N
Z014664,"自家若有一毫虚偽事物之来,要去措置他,便都不實,便都不合道理。",N
Z014665,"若自家真實事物之来,合小便小,合大便大,合厚便厚,合薄便薄,合輕便輕,合重便重,一一都隨他面分,應副将去,無一事一物不當這道理。",N
Z014671,"忠恕而已矣,不是正忠恕,只是借忠恕字,貼出一貫底道理。",N
Z014672,"人多說人已物我,都是不曾理會,聖人又幾曾?須以已度人,自然厚薄輕重,無不適當。",N
Z014679,"忠恕本是學者事,曾子特借来形容夫子一貫道理,今且粗解之,忠便是一,恕便是貫,有這忠了,便做出許多恕来。",N
Z014684,"""曰:""如此則已理會得好了。",N
Z014712,"問:""曾子何必待孔子提醒?""曰:""他只見得一事一理,不知只是一理。",C
Z014720,"故聞一語而悟其他人於用處,未曾用許多工夫,豈可遽與語此乎大雅》云:'觀《曾子問》一篇,許多變禮,皆理㑹過直。",N
Z014753,"""曰:""一貫只是一理,其體在心,事父即為孝,事君即為敬,交朋友即為信,此只是一貫。",C
Z014804,"聖人之心,渾然一理。",C
Z014805,"盖他心裏盡包這萬理,所以散出於萬物萬事,無不各當其理。",C
Z014822,"""叔器因問:""聖人是就理之體發来,學者是就用上做工夫否?""曰:""不要恁地說,只是一般。",C
Z014823,"聖人是天理上做,學者也是就天理上做,聖人也只是這一理,學者也只是這一理,不成是有兩箇天理。",C
Z014825,"學者是要逐一件去推,然也是要全得這天理,如一碗水,聖人是全得水之用。",C
Z014835,"或問理一分殊曰:""聖人未嘗言理一,多只言分殊。",C
Z014837,"不知萬殊各有一理,而徒言理一,不知理一在何處。",C
Z014842,"且如禮儀三百,威儀三千,是許多事,要理㑹做甚麽?如曾子問》一篇,問禮之曲折如此,便是理㑹得川流處,方見得敦化處耳。",N
Z014845,"能如此著實用功,即如此著實到那田地,而理一之理,自森然其中一一皆實,不虚頭說矣。",C
Z014853,"盖他平日事理,毎每被他看破,事事到頭做,便曉得一貫之語,是實說也大學》致知格物等說,便是這工夫,非虚謾也。",N
Z014857,"""盖言吾之多識,不過一理爾。",C
Z014859,"故夫子警之曰:""汝平日之所行者,皆一理耳。",C
Z014862,"我之所得者忠誠,即此理,安頓在事物上則為恕,無忠則無恕,盖本末體用也。",C
Z014867,"如曾子是於聖人一言一行上,一一踐履,都子細理㑹過了,不是黙然而得之。",N
Z014868,"觀《曾子問中,問喪禮之變曲折,無不詳盡,便可見曾子當時功夫,是一一理㑹過来。",N
Z014869,"聖人知曾子許多道理,都理㑹得,便以一貫語之,教他知許多道理,却只是一箇道理。",N
Z014870,"曾子到此,亦是他踐履處,都理㑹過了,一旦豁然知此是一箇道理,遂應曰:""唯。",N
Z014872,"忠是大本,恕是達道,忠者一理也,恕便是條貫萬殊,皆自此出来。",C
Z014873,"雖萬殊,却只一理,所謂貫也。",C
Z014877,"子貢聞此,别無語,亦未見得,子貢理㑹得,理㑹不得。",N
Z014881,"所謂一者,對萬而言,今却不可去一上尋,須是去萬上理㑹。",N
Z014882,"若只見夫子語一貫,便将許多合做底事,都不做,只理㑹一,不知却貫箇甚底。",N
Z014884,"曾子假忠恕二字,以發明一貫之理。",C
Z014885,"盖曾子平日無所不學,看《禮記》諸書,曾子那事不理㑹来。",N
Z014892,"其體則有仁義禮智信之性,其用則有惻隠、羞惡、恭敬、是非之情,渾然在中,隨感而應,以至身之所具、身之所接,皆有當然之則,而自不容已,所謂理也。",C
Z014896,如今最要先理㑹此心。,N
Z014916,"莫只懸空說箇一字,作大罩了,逐事事都未曾理㑹,却不濟事。",N
Z014971,"看他意思,只是揀一箇儱侗底說話,将来籠罩,其實理㑹這箇道理不得。",N
Z014972,"且如曾子日用間,做了多少工夫,孔子亦是見他於事事物物上,理㑹得這許多道理了,却恐未知一底道理在,遂来這裏提醒他。",N
Z014986,"又曰:""一只是一箇道理貫了。",C
Z014987,"""或問:""忠恕,曾子以前,曾理㑹得否?""曰:""曾子於忠恕,自是理㑹得了,便将理㑹得底来解聖人之意,其實借来。",N
Z014989,"""問""一以貫之,是有至一以貫之?""曰:""一只是一箇道理,不用說至一。",C
Z015022,"問曾子未知其體之一曰:""曾子偶未見得,但見一箇事是一箇理,不曾融㑹貫通。",C
Z015029,"聖人所以發用流行處,皆此一理,豈有精粗?政如水相似,田中也是此水,池中也是此水,海中也是此水。",A
Z015030,"不成說海水是精,他處水是粗,豈有此理?縁他見聖人用處,皆能隨事精察力行,不過但見聖人之用不同,而不知實皆此理流行之妙。",A
Z015031,"且如事君忠,是此理;事親孝也,是此理;交朋友也,是此理。",C
Z015056,"""先生曰:""若說精粗二字,便壊了一貫之)(理。",C
Z015059,"曾子見其(事)(事曲當如此,遂疑有許多般様,而未知天下只是一/箇大道理。",C
Z015060,"雖於逐事上,有千般百緒,只共是這一箇)(大道理,曾子之所未達者,尚有此耳。",C
Z015070,"""曰:""這箇道理,譬如一枝天然底花,為人不識,故作一枝假底花出来形容,欲人識得箇模様。",C
Z015071,"""又曰:""此章一項說天命,一項說聖人,一項說學者,只是一箇道理。",C
Z015075,"""又問:""未唯之前如何?""曰:""未唯之前,/見一事上,是一箇理,及唯之後,千萬箇理,只是一箇)(理。",C
Z015078,"一箇/是天然底道理,一箇是人為底道理。",C
Z015099,"問:""自後學言之,便道已知此是一理。",C
Z015170,"此天是與人對之天,若動以天也之天,即是理之自然。",C
Z015171,"又曰:""聖賢之言,夫子言一貫,曾子言忠恕,子思言'小徳川流,大徳敦化張子言理一分殊,只是一箇。",C
Z015189,"一貫乃聖人公共道理,盡己推己,不足以言之。",N
Z015213,"忠為恕體,是以分殊而理未嘗不一;恕為忠用,是以理一而分未嘗不殊此固甚明矣。",C
Z015222,"此是學者事,然忠恕功用,到底只如此,曾子取此,以明聖人一貫之理耳。",C
Z015224,""")若聖人之忠恕,只說得誠與仁字,聖人渾然天理,則不待推,自然從此中流出也。",A
Z015232,"'此規模又别大雅》云:""程先生說忠恕,形容一貫之理,在他人言則未必盡,在曾子言之必是盡曰:""此說得最好。",C
Z015239,"劉問忠恕曰:""忠即是實理,忠則一理,恕則萬殊。",C
Z015240,"如維天之命,於穆不已,亦只以這實理流行,發生萬物。",A
Z015267,"若充擴不去,則這裏出門便行不得,便窒塞了,如何更施諸人?此便是天地閉、賢人隠底道理。",N
Z015272,"推不去底人,只要理㑹自己,不管别人,别人底事,便說不關我事。",N
Z015273,"今如此人,便為州為縣,亦只理㑹自己,百姓盡不管他,直是推不去。",N
Z015278,"是理當如此,非如人之不恕,是有吝意。",C
Z015282,"又曰:""一以貫之,只是萬事一理。",C
Z015293,"""曰:""盡物之謂信,是物實得此理,故曰盡物。",C
Z015327,"夢子善云:""初曉忠者天道,恕者人道,不得後畧曉得,因以二句解之云:""天道是自然之理具,人道是自然之理行。",A
Z015331,"方叔問:""忠恕一理,却似說箇中和一般。",C
Z015339,"然程門如尹氏輩,亦多理㑹,不曾到此。",N
Z015364,"各正性命,是那一草一木,各得其理,變化是箇渾全底。",C
Z015369,"今人都祖張無垢說,合人己為一貫,這自是聖人說這道理如此,如何要合人己說得?如所謂""汝以予為多學而識之者與?""曰:""非也。",N
Z015371,"又說及陳叔向,也自說一様道理。",N
Z015384,"問喻於義章曰:""小人之心,只曉㑹得那利害;君子之心,只曉㑹得那義理。",N
Z015385,"見義理底,不見得利害;見利害底,不見得義理。",N
Z015392,"但只是理㑹箇義,却不曾理㑹下面一截利;小人却見得下面一截利,却不理㑹事之所宜。",N
Z015394,"君子之於義,見得委曲透徹,故自樂為;小人之於利,亦是於曲折纎悉間,都理㑹得,故亦深好之也。",N
Z015398,"但裁處其宜而為之,則何不利之有?君子只理㑹義下一截利處,更不理㑹;小人只理㑹下一截利,更不理㑹上一截義。",N
Z015399,"葢是君子之心,虚明洞徹,見得義分明,小人只管計較利,雖絲毫底利,也自理㑹得。",N
Z015428,"問集注》謂""義者,天理之所宜仁說,又謂""義者宜之理意有異否?""曰:""只宜處便是義,宜之理、理之宜,都一般。",C
Z015439,"不違是主那諌上說,敬已是順了,又須委曲作道理,以諫不違,去了那幾諫之意也。",N
Z015509,"若引《易》中来說,恐将《論語》所說,攪得没理㑹了。",N
Z015526,"問:""公冶長可妻,伊川以避嫌之事,賢者不為,况聖人乎?自今人觀之,閨門中安知無合着避嫌處?""曰:""聖人正大道理,合做處便做,何用避嫌?""問:""古人門内之治恩掩義,門外之治義斷恩。",N
Z015536,"叔䝉問程子避嫌之説曰:""合當委曲,便是道理當如此。",N
Z015540,"今人這様甚多,只是徇情恁地去,少間將這箇做正道理了,大是害事。",N
Z015559,"學者做工夫,正要得専,去偏處理㑹。",N
Z015579,"斯是指箇甚麽?未之能信者,便是扵這箇道理,見得未甚透徹,故信未及㸔他意思,便把箇仕,都輕㸔了。",N
Z015585,"事君以忠,事父以孝,皆是這箇道理。",N
Z015589,"""對曰:""吾斯之,未能信斯者,此理也。",C
Z015590,"漆雕開能指此理而言,便是心目之間,已有所見,未能信者,未能真知其實然,而自保其不叛。",C
Z015595,"理合如此者,必要如此知道,不如此,便不得如此,只此是信。",C
Z015613,"問:""竊意開都見得許多道理,但未能自保其終始不易。",N
Z015614,"""曰:""他於道理,已自透徹了。",N
Z015618,"若是道理見未破,只且理㑹自身己未敢去做他底,亦不是我信得了,便定着去做。",N
Z015619,道理自是如此。,C
Z015625,"問㝢有何説?""㝢曰:""開之未信,若一理見未透,即是未信。",N
Z015626,"""曰:""也不止説一理,要知信不過不真知,決是如此。",N
Z015632,"""問""格物窮理之初,事事物物,也要見到那裏了。",N
Z015634,"漆雕開吾斯之未能信斯是甚底?他是見得此箇道理了,只是信未及他眼前㸔得闊,只是踐履未純熟。",N
Z015640,"問吾斯之未能信曰:""信是於這箇道理上見得透,全無些疑䖏。",N
Z015643,"但見得那日用,都是天理流行,㸔見那做諸侯卿相,不是緊要,却不是髙尚。",A
Z015645,"今人居鄉,只見居鄉利害;居官只見居官利害,全不見道理。",N
Z015646,"他見得道理大小大了,見那居官利害,都没緊要,仕與不仕何害?""",N
Z015656,須是自見得這道理分明方得。,N
Z015657,"""問:""是見得吾心之理,或是出仕之理?""曰:""都是這箇理,不可分别。",N
Z015672,"且説斯字如何?㽦等各以意對曰:""斯只是這許多道理,見於日用之間,君臣、父子、仁義忠孝之理。",N
Z015686,"""既而曰:""所謂斯之未信斯者,非大意而何?但其文理宻察,則二子或未之及。",N
Z015689,"開是着實做事,已知得此理,㸃見識較髙,但却着實,䖏不如開。",N
Z015719,"如何却有那聞之喜及終身誦之之事?""曰:""也只縁他好勇,故凡事麄率,不能深求細繹那道理,故有此事。",N
Z015727,"此心具十分道理在,若只見得九分,亦不是全了。",N
Z015731,"""又問:""雖全體未是仁,苟於一事上,能當理而無私心,亦可謂之一事之仁否?""曰:""不然。",N
Z015735,"纔説箇仁字,便包盡許多事,無不當理無私了。",N
Z015746,"渾然天理,便是仁,有一毫私欲,便不是仁了。",C
Z015755,"乆之乃曰:""聖門功夫,自有一條坦然路徑,諸公每日理㑹何事?所謂功夫者,不過居敬窮理以修身也。",N
Z015757,"若能主敬以窮理,功夫到此,則徳性常用,物欲不行而仁流行矣。",A
Z015773,"""又問:""聖人生知,其與顔子不同處,是何如?""曰:""聖人固生知,終不成,更不用理㑹。",N
Z015777,"今只就這一件事聞得,且未能理㑹得恰好䖏,况於其他?""",N
Z015795,"問:""子貢推測而知,亦是格物窮理否?""曰:""然。",N
Z015796,"若不格物窮理,則推測甚底?""",N
Z015823,"學問進而見得理明,自是勝得他。",C
Z015866,"㝢問集註》説性以人之所受而言,天道以理之自然而言。",C
Z015867,"不知性與天道,亦只是説五常人所固有者,何故不可得聞?莫只是聖人怕人躐等否?""曰:""這般道理,自是未消得理㑹。",N
Z015875,"問集注》謂天道者,天理自然之本體如何?""曰:""此言天運。",C
Z015876,"所謂繼之者善也,即天理之流行者也。",A
Z015879,"至扵性與天道,乃是此理之精微。",C
Z015880,"盖性者,是人所受於天,有許多道理,為心之體者也。",C
Z015887,"然他當初只是理㑹文章,後来是聞孔子説性與天道,今不可硬做,是因文章得。",N
Z015944,"""直卿云:'伊川謂倫理明順曰文此言甚好。",N
Z015986,"然他是箇㑹説道理底人,如教行父事君之禮,如宋大水,魯遣使歸,言宋君之意,臧曰:""宋其興乎?成、湯罪已,其興也勃焉;桀、紂罪人,其亡也忽焉皆是他㑹説。",N
Z016012,"問:""令尹子文之事集注》言""未知皆出於天理,而無人欲之私,故聖人但以忠許之。",C
Z016013,"竊詳子文告新令尹一節,若言徒知有君而不知有天子;徒知有國而不知有天下推之,固見其不皆出於天理也。",C
Z016016,"問:""先生謂'當理而無私心則仁矣。",C
Z016017,"'先言當理而後言無私心者,莫只是指其事而言之歟?""曰:""然。",C
Z016092,"如今㸔来,乃天理人欲相勝之機。",C
Z016098,"如今人須要計較到有利無害處,所以人欲只管熾,義理只管滅。",C
Z016101,"這不是他㸔這道理洞徹,如何説得到這裏?若不是他堅勁峭絶,如何説得到這裏?又云:'聖人於㣲䖏,一一指㸃出来,教人他人㸔此二章,也,只道是似閒。",N
Z016138,"到那艱險時節,却要去,是甚道理?""",N
Z016169,"成章是做得成片段,有文理可觀。",N
Z016182,"如坐井觀天,彼自以為所見之盡,盖窟在井裏,所見自以為足,及到井上,又却尋頭不着,寧可理㑹不得?却自無病。",N
Z016198,"盖這般人,只管是要他身髙,都不理㑹事,所以易入扵異端。",N
Z016207,"""賀孫問集注》謂""文理成就而著見是只就他意趍,自成箇模様䖏説。",N
Z016211,"問:""先生解云'斐文貌成章言其文理成就,有可觀者。",N
Z016212,"不知所謂文,是文辭邪?亦指事理言之邪?""曰:""非謂文辭也,言其所為,皆有文理可觀也。",N
Z016215,"問集注》謂文理成就如何?""曰:""雖是狂簡非中,然却做得這箇道理,成箇物事,自有可觀,不是半上落下。",N
Z016374,"叔器再反覆説前意,先生曰:""且麄説人之生,各具此理,但是人不見此理,這裏都黒窣窣地,如猫兒狗子,饑便待物事喫,困便睡,到富貴,便極聲色之奉,一貧賤便憂愁無聊。",C
Z016375,"聖人則表裏精粗,無不昭徹,其形骸雖是人,其實只是一團天理。",C
Z016376,"所謂從心所欲,不踰矩,左來右去,盡是天理,如何不快活?""",C
Z016432,"""因舉《史記魯世家》及《漢書地理志》云:""魯道之衰,洙泗之間,齗齗如也。",N
Z016460,"求仁者,是有志於此理,故其氣象高遠,可以入道。",C
Z016464,"若孔子則不言而行,不為而成,渾然天理流行,而不見其迹,此安仁者也。",A
Z016501,故程子曰:'子路只為不達為國以禮道理。,N
Z016514,"然則聖人殆不及曾㸃邪?""曰:""聖人言志,雖有及物之意,然亦莫非循其理之自然,使物各得其所而已,不勞焉,又何害於天理之流行哉?蓋曾㸃所言,却是意思,聖人所言,盡是事實。",A
Z016529,"""(《炎錄》云:""天下/事,合恁地處)如老者安之,是他自帶得安之理來;朋友信之,是他自帶得信之理來;少者懷之,是他自帶得懷之理來。",C
Z016531,"季路、顔淵便先有自身了,方做去,如穿牛鼻、絡馬首,都是天理如此。",C
Z016541,"最患如此,聖人如何得恁地大人都不見道理,形骸之隔,而物我判為二。",C
Z016675,"若解文義,則誠有剰語,若以理觀之,恐亦不為過也。",C
Z016743,"如三月不違,又是已前事,到這裏,已自渾淪,都是道理,是甚次第?""問:""過容是指已前底説否?""曰:""然。",C
Z016769,縁這箇是道理端的着如此。,C
Z016772,"如公鄉里議論,只是要酌中,這只是自家不曾見得道理分明,這箇似是,那箇也似是,且揑合做一片,且恁地過。",N
Z016776,"如今道理,箇箇説一様,各家自守以為是,只是未得見這公共道理是非。",N
Z016777,"前日曾説見道理不明如居天下之廣居,立天下之正位,行天下之大道,是大丈夫。",N
Z016779,"問:""是非本吾心之固有,而萬物萬事是非之理,莫不各具。",C
Z016789,"世上許多要説道理,各家理㑹得是非分明,少間事迹,雖不一一相合,扵道理却無差錯,一齊都得如此,豈不甚好?這箇便是真同。",N
Z016790,"只如今諸公,都不識所謂真同,各家只理㑹得半截,便道是了,做事都不敢盡。",N
Z016802,"讀書且要理㑹要𦂳處,如某舊時専揀切身要𦂳處理㑹,若偏旁有窒礙處,只恁地且放下如㸔這一章,只認取不遷怒、不貳過意思,是如何?自家合如何?便是㑹做工夫。",N
Z016815,"盖顔子只是見得箇道理透,故怒扵甲時,雖欲遷扵乙,亦不可得而遷也。",N
Z016816,"見得道理透,則既知有過,自不復然。",N
Z016818,"若專守虗静,此乃釋老之繆學,将来和怒也無了,此成甚道理?聖賢當怒自怒,但不遷耳。",N
Z016819,"見得道理透,自不遷不貳。",N
Z016820,"所以伊川謂:'顔子之學,必先明諸心,知所徃,然後力行以求至盖欲見得此道理透也。",N
Z016828,"顔子此處無他,只是㸔得道理分明。",N
Z016833,"如云:'出門如見大賔,使民如承大祭又如告顔子克己復禮為仁正是扵視聽言動處,理㑹公意思,只是要静,将心頓扵黒窣窣地説道:'只於此處做工夫,這不成道理。",N
Z016835,"佛家髙底,也不如此,此是一等低下底如此,這道理不是如此。",N
Z016838,"只當於此警省,如何是合理,如何是不合理,如何要将心頓放在閒處,得事父母,便有事父母許多酬酢;出外應接,便有出外許多酬酢。",N
Z016843,"覺語意上句重,下句寛,恐有引進後人意否?""曰:""㸔文字,且要将他正意,平直㸔去,只要見得正道理貫通,不須滯在這般所在。",N
Z016845,"要𦂳只在不遷怒、不貳過六字上,㸔道理,要得他如水相似,只要他平直滔滔流去。",N
Z016847,"㸔文字,且把著要𦂳處,平直㸔教通徹,十分純熟,見得道理。",N
Z016860,"""曰:""如今學者,且理㑹不遷不貳,便大過,不貳也難。",N
Z016874,"問:""顔子不遷怒、不貳過曰:""㸔程先生顔子所好何學論,説得條理。",N
Z016877,"""又云:'天理人欲,相為消長,克得人欲,乃能復禮。",C
Z016878,"'顔子之學,只在這上理㑹。",N
Z016911,"'性上如何説鑿?""曰:""性固不可鑿,但人不循此理,任意妄作,去傷了他耳。",C
Z016922,伊川所謂性其情大學》所謂明明徳中庸》所謂'天命之謂性皆是此理。,C
Z016974,"范氏曰:""夫子之道,循理而已,故周急不繼富,以為天下之通義,使人可繼也。",C
Z016985,"范氏第二説與楊氏、謝氏之説,大率以辭受取舍,順理合義為文,只説大綱,其間曲折詳備,則不如尹氏之深切。",C
Z017023,"若顔子方能三月不違,天理純然,無一毫私偽間雜,夫子所以獨稱之。",C
Z017025,"""竊推此義,以為天生一人,只有一心,這腔子裏面,更無些子,其他物事,只有一箇渾全底道理,更無些子欠缺,所謂仁也。",C
Z017026,"""曰:""莫只将渾全底道理説,須㸔教那仁親切始得。",C
Z017040,"但於這道理,乆後畧斷一斷,便接續去。",C
Z017042,"若無些子間斷,便全是天理,便是聖人。",C
Z017044,"舊説只做有一月至者,有一日至者,與顔淵三月至者,有次第㸔来,道理不如此。",C
Z017048,"張子云:'這道理,譬如一屋子,是自家為主,朝朝夕夕,時時只在裏面。",C
Z017053,"""又云:""顔子一身,巳自不見其身,日用之間,只見許多道理。",C
Z017056,"恐仁是渾然天理,無纎毫私欲䖏。",C
Z017062,"""又問:""横渠云云,文蔚竊謂三月不違者,天理為主,人欲為賔;日月至焉者,人欲為主,天理為賔。",C
Z017063,"學者工夫,只得勉勉循循,以克人欲、存天理為事,其成與不成,至與不至,則非我可必矣。",C
Z017079,"今須且将此一段,反覆思量,渙然冰釋,怡然理順,使自㑹淪肌浹髓。",N
Z017088,學理㑹甚麽事?只是理㑹這些子。,N
Z017189,"問:""過此幾非,在我者莫只見許多道理,不見自身巳如何?""曰:""這只是説循循勉勉,便自住不得,便自不由自身已。",N
Z017192,"'這箇工夫入頭,都只在窮理,只這道理難得,便㑹分明。",N
Z017193,"又云:'今學者多端,固有説得道理,是却自不着身,只把做言語用了。",N
Z017194,"固有要去切己做工夫,却硬理㑹不甚進者。",N
Z017195,"又云:'㸔得道理透,少間見聖賢言語,句句是為自家身己設。",N
Z017201,"某嘗説今學者别無他,只是要理㑹這道理。",N
Z017206,"問:""不違仁是此心純然天理,其所得在内,得一善則服膺而弗失,恐是所得在外。",C
Z017208,"""䖏又問:""是如何?""曰:""所謂善者,即是收拾此心之理。",C
Z017252,"求也藝,扵細微上事,都理㑹得,縁其材如此,故用之扵聚斂,必有非他人所及者,惜乎其有才而不善用之也。",N
Z017287,'夫此説於義理正當。,N
Z017298,"問:""顔子樂䖏,恐是工夫做到這地位,則私意脱落,天理洞然,有箇樂䖏否?""曰:""未到他地位,則如何便能知得他樂䖏?且要得就他實下工夫,䖏做下梢,亦須㑹到他樂時節。",C
Z017315,"問:""顔子不改其樂,是私欲既去,一心之中,渾是天理流行,無有止息。",A
Z017316,"此乃至富至貴之理,舉天下之物,無以尚之,豈不大有可樂?""曰:""周子所謂至富至貴,乃是對貧賤而言,今引此説恐淺。",C
Z017318,"惟是私欲既去,天理流行,動静語黙、日用之問,無非天理,胷中廓然,豈不可樂?此與貧窶,自不相干,故不以此而害其樂。",A
Z017328,"恭父問:""孔、顔之分,固不同,其所樂䖏,莫只一般否?""曰:""聖人都忘了身,只有箇道理。",C
Z017354,"人之生,各具此理,但是人不見此理,這裏都黒窣窣地,如猫子狗兒相似。",C
Z017358,"所謂""徳盛仁熟,從心所欲,不踰矩莊子所謂""人貌而天盖形骸雖是人,其實是一塊天理,又焉得而不樂?""又曰:""聖人便是一片赤骨立底天理。",C
Z017359,"顔子早是有箇物包褁了,但其皮薄,剥去容易,聖人一為指出,這是天理,這是人欲,他便洞然都得了。",C
Z017387,"義剛説程子曰:""周子每令求顔子樂䖏,所樂何事?夫天理之流行,無一毫間斷,無一息停止,大而天地之變化,小而品彚之消息,微而一心之運用,廣而六合之彌綸,渾融通貫,只是這一箇物事。",A
Z017389,"""曰:""也不要説得似有一箇物事様,道是箇公共底道理,不成真箇有一箇物事在那裏,被我見得,只是這箇道理。",C
Z017390,"萬事萬物皆是理,但是安頓,不能得恰好,而今顔子便是向前見不得底,今見得;向前做不得底,今做得。",C
Z017395,"他只是博我以文,約我以禮後,見得那天理分明,日用間義理純熟後,不被那人欲来苦楚,自恁地快活。",C
Z017427,"""曰:""顔子之樂,非是自家有箇道,至富至貴,只管把来弄後樂,見得這道理後,自然樂。",C
Z017448,"盖無此理,雖大聖人之心,亦不能不交物也。",C
Z017497,"今自道已㑹讀書,㸔義理做文章,便道别人不㑹,自以為説得行,便謂強得人,此便是小人儒。",N
Z017538,"""楊氏謂""直道而行皆是疑行不由徑為非中理。",N
Z017588,"問:""何莫由斯道也?""曰:""但才不合理䖏,便是不由道。",N
Z017608,"尹氏曰:""史文勝而理不足,理字未安。",N
Z017616,"人之絶滅天理,便是合死之人。",C
Z017618,"或問人之生也直曰:""人之生,元来都是直理,罔便是都背了直理。",C
Z017619,"當仁而不仁,當義而不義,皆是背了直理。",C
Z017622,"天地生生之理,只是直,纔直便是有生生之理。",A
Z017625,"問人之生也直曰:""生理本直。",C
Z017626,"順理而行,便是合得生,若不直,便是不合得生,特幸而免扵死耳。",A
Z017627,"""亞夫問:""如何是生理本直?""曰:""如父子便本有親,君臣便本有義。",C
Z017631,"又曰:""只㸔生理本直""四字。",C
Z017633,"(《時舉録》云/即便是直)見不義底事,便自有羞惡之心,是本有那箇當為之理。",C
Z017643,"生理本直,如耳之聽、目之視、鼻之臭、口之言、心之思,是自然用如此。",C
Z017645,"又云:""凡人解書,只是這一箇麄近底道理,不湏别為髙逺之説。",N
Z017647,"所謂淺深者,是人就這明白道理中,見得自有麄細,不可説。",N
Z017650,"只是要人自就這箇麄説底道理中㸔得,越向裏来教細耳,不是别求一様深逺之説也。",N
Z017677,"人之生,便有此理,然被物欲昏蔽,故知此理者已少。",C
Z017678,"好之者,是知之已至;分明見得此理可愛可求,故心誠好之。",C
Z017679,"樂之者,是好之已至,而此理已得之於已。",C
Z017680,"凡天地萬物之理,皆具足扵吾身,則樂莫大焉。",C
Z017708,但此亦謂知義理之大端者耳。,N
Z017720,"此章只是説智識,未理㑹得此義理者,語之無益爾。",N
Z017721,"行夫問此章曰:""理只是一致。",C
Z017722,"譬之水也,有把與人少者,有把與人多者,隨其質之髙下而告之,非謂理有二致也。",C
Z017763,"問敬鬼神而逺之,莫是知有其理,故能敬,不為他所惑,故能逺。",C
Z017767,"又如卜筮,自伏羲、堯、舜以来,皆用之,是有此理矣。",C
Z017885,"若論仁、知之本體,知則淵深不測,衆理扵是而斂藏,所謂誠之復,則未嘗不静;仁者包藏發育,一心之中,生理流行而不息,所謂誠之通,則未嘗不動。",A
Z017890,"問:""仁知動静之説,與隂陽動静之説同否?""曰:""莫管他陽動隂静,公㸔得理又過了。",C
Z017891,"大抵㸔理,只到這䖏便休,又須得走過那邉㸔,便不是了。",C
Z017907,"然至于運用,各當其理,而不可易。",C
Z017921,"静謂無人慾之紛擾,而安于天理之當然耳。",C
Z017933,"仁者静,然其見得天下萬事萬理,皆在吾心,無不相闗。",C
Z017959,是則有交互之理。,C
Z017967,"仁者夀,是有夀之理,不可以顔子来挿㸔,如罔之生也。",C
Z018010,"欲變齊,則須先整理了已壊底了,方始如魯,方可以整頓起来,這便隔了一重變,魯只是扶衰振弱而已。",N
Z018012,"這非獨是聖人要如此損益,亦是道理合當如此。",N
Z018022,"若聖人變時,自有道理。",N
Z018034,"齊則先須理㑹他許多病改了,方可及魯,魯則修廢舉墜而已,便可復周公之道。",N
Z018035,"""問:""孔子治齊,則當於何䖏下手?""曰:""莫須先從風俗上理㑹去。",N
Z018045,"如齊功利之習,若不速革,而便欲行王化;魯之不振,若不與之整頓,而却理㑹其功利之習,便是失其緩急之序。",N
Z018074,"叔器曰:""宰我只知有箇公共底道理,却不知有義。",N
Z018099,"行夫問博文約禮曰:""博文條目多,事事著去理㑹,禮却只是一箇道理。",N
Z018105,"凡講論問辯,亦只是要得箇正當道理,而有所歸宿爾。",N
Z018106,"國秀問博文約禮曰:""如講明義理、禮樂、射御、書數之類,一一著去理㑹。",N
Z018107,學須博求盡這箇道理。,N
Z018117,"如眼前理㑹道理,及扵所為所行䖏,審别是否,皆是。",N
Z018121,"博之與約,初學且只須作兩途理㑹,一面博學,又自一面持敬守約,莫令兩下相靠作兩路,進前用工,塞斷中間,莫令相通,将来成時,便自有㑹通䖏若如此,兩下用工,成甚次第?",N
Z018126,"且如行夏之時以下,臨時如何做得?須是平時曾理㑹来,若非禮勿視等䖏,方是約之以禮。",N
Z018133,"要之無此理,只得且待他事事理㑹得了,方可就上面欠闕䖏告語之。",N
Z018135,"或問:""博學於文,約之以禮,亦可以弗畔與顔子所謂""博我以文,約我以禮如何?""曰:""此只是一箇道理,但功夫有淺深耳。",N
Z018168,"䖏見得事理透,便䖏斷無疑,行之又果決,便是《習坎心亨。",N
Z018175,"但以事理切磨講究,自是心亨。",N
Z018221,如聖人須要見南子是如何?想當時亦無必皆見之理。,N
Z018227,"聖人既以為可見,恐是道理必有合如此。",N
Z018233,"問子見南子曰:""此是聖人出格事,而今莫要理㑹它。",N
Z018280,"盖庸是箇常然之理,萬古萬世不可變易底。",C
Z018284,"問《中庸》之為徳,其至矣乎章曰:""只是不知理,隨他偏長,䖏做将去。",N
Z018287,"問此章,尹氏曰:""中庸,天下之正理,徳合乎中庸,可謂至矣。",C
Z018302,"中庸,天下之正理也。",C
Z018318,"夫仁者,已欲立而立人,己欲達而達人,已才欲立,便也立人;己才欲達,便也達人立是存立,䖏達則發用處,扵此純是天理,更無些子私意,便是仁之體。",C
Z018328,"仁以理言,聖以事業言。",C
Z018345,"衆朋友説博施濟衆章,先生曰:""仁以理言,是箇徹頭徹尾底物事,如一元之氣。",C
Z018347,"聖只是行仁到那極處,仁便是這理,聖便是充這理,到極䖏不是仁。",C
Z018358,"仁就心上説,如一事仁也是仁;如一理仁也是仁,無一事不仁也是仁。",C
Z018375,"林問:""己欲立而立人,與己所不欲,勿施於人地位如何?""曰:""且㸔道理,理㑹地位,作甚麽他?髙者自髙,低者自低,何須去比並?""問博施濟衆曰:""此是仁者事。",N
Z018378,"所以言己欲立而立人,使人人皆可盡得道理,必也聖乎當連下句説,意在猶病上。",N
Z018386,"但克去己私,復得天理,便是仁,何必博施而後為仁?若必待如此,則有終身不得仁者矣。",C
Z018396,"如讀書,要理㑹得透徹,做事亦要做得行。",N
Z018414,"""或曰:""一為心之徳,一為愛之理。",C
Z018428,"問仁以理言,通乎上下。",C
Z018448,"殷有三仁,亦未見其全體,只是扵去就之際,純乎天理,故夫子許之。",C
Z018479,"'東坡注云云,是則是有此理,如何便到這田地?""乆之。",C
Z018481,"㸔識得時,便是一貫底道理。",N
Z018496,"某自十五六時,聞人説這道理,知道如此好。",N
Z018506,"只無私意,理便流通。",A
Z018514,"只是説得第二節説得用,須當㸔如何識痛癢,血脉從何而出,知覺從何而至?""某云:'若不究見原本,却是不見理,只説得氣。",C
Z018527,"惟仁者,其心公溥,實見此理,故能以天地萬物為一體否?""曰:""不須問他從初時,只今便是一體。",C
Z018532,"既都是水,便是同體,更何待尋問所從来?如昨夜荘仲説:'人與萬物,均受此氣,均得此理,所以皆當愛便是不如此。",C
Z018589,"如好之者則曰:'他也且恁地說,信之者雖知是有個理恁地,畢竟多欠了個篤好底意思。",C
Z018590,"行夫問述而不作章曰:""雖說道,其功倍於作者,論来不知所謂刪者,果是有刪否?要之當時史官収詩時,已各有編次,但到孔子時,已經散失,故孔子重新整理一畨,未見得刪與不刪。",N
Z018594,"宜久問黙而識之章曰:""此雖非聖人極致,然豈易䏻?黙而識之?若不是心與理契,念念不忘者,不䏻學不厭。",C
Z018599,"若黙而識之,乃不言而存諸心,非心與理契,安䏻如此?學不厭,在學者久亦易厭,視人與己,若無干涉,誨之安䏻不倦?此三者,亦須是心無間斷,方䏻如此。",C
Z018620,"徳者,道理得於吾心之謂;脩者,言好脩治之之謂。",C
Z018642,"如所謂皆以善為之,而不知其義,才移教合義理,便是全好。",N
Z018662,"立之問此章曰:""徳是理之既得於吾心者,便已是我有底物事了。",C
Z018710,"若以聖人欲行其道而夢之耶?則是心猶有所動;若以壯年道有可行之理而夢之耶,則又不應虚有此朕兆也。",C
Z018741,"夫子之夢,固與常人不同,然亦有是理耳。",C
Z018751,"所謂道者,只是日用當然之理。",C
Z018755,"如老、荘所謂""慌惚""者,志於道,只是存心於所當為之理,而求至於所當為之地,非是欲將此心,繋在一物之上也。",C
Z018766,"道者,人之所共由,如臣之忠、子之孝,只是統舉理而言,徳者,已之所獨得。",C
Z018780,"然仁之在此,却無隠顯,皆貫通,不可専指為發見(㽦○《人傑錄》云:""志於道,是/君臣·父子、夫婦、兄弟·朋友)(之道,明得此理,得之於身,斯謂據於徳。",C
Z018801,"至據於徳,則事親䏻盡其孝,事兄䏻盡其弟,便自有這道理了,却有可據底地位。",C
Z018811,因此又却養得這个道理。,C
Z018815,"""先生曰:""志者,心之所之;道者,當為之理。",C
Z018816,"為君有君之理,為臣有臣之理。",C
Z018824,"古人於禮樂、射御、書數等事,皆至理之所寓,游乎此,則心無所放,而日用之間,本末具舉,而内外交相養矣。",C
Z018837,"古人皆理㑹得,如偏旁義理皆曉,這也是一事,數是筭數,而今人皆不理㑹。",N
Z018841,"今世以文取士,如義,若教它依經㫖去,說些道理尚得,今却只是體貼字,只就這兩三句題目上說去,全無義理。",N
Z018867,"""曰:""這䖏先要就志於道上理㑹。",N
Z018889,"又說教國子以三徳曰:'至徳以為道本,敏徳以為行本,孝徳以知逆惡至徳謂徳之全體,天下道理,皆由此出,如所謂存心養性之事是也。",C
Z018895,"若只理㑹箇至徳,而無下二者,則空疎去。",N
Z018905,"然此都且就事上說,至依於仁,則無物欲之累,而純乎天理,道至此亦活,徳至此亦活,却亦須㳺於藝。",C
Z018933,"舉一隅,其餘三隅,須是學者自去理㑹。",N
Z018935,憤悱是去理㑹底。,N
Z018936,"若不待憤悱而啓發之,不以三隅,反而復之,則彼不惟不理㑹得,且聽得亦未將做事。",N
Z018941,"若不䏻以三隅反,則於這一隅,亦恐未必理㑹得在。",N
Z018948,"子食於有喪者之側,未甞飽,子於是日,哭則不歌,此是聖人天理。",C
Z018957,"""曰:""聖人情性,便是理。",C
Z019010,"且先看箇'毋意毋必底意,此是甚底心?渾然是箇天理。",C
Z019092,"""又曰:""衆人如此,則是溺於物欲之私;聖人則是誠一之至,心與理合,不自知其如此。",C
Z019120,"'雖是說得異,亦容有此理。",C
Z019125,"才說道求仁而得仁,又何怨?便見得夷、齊兄弟所䖏,無非天理;蒯輙父子所向,無非人欲。",C
Z019142,"看這事,是義理合如此否?如其不必讓而讓之,則未必無怨悔之心矣。",C
Z019150,"所以更問怨乎,夫子說""求仁而得仁,又何怨?""恁地便是要讓,讓方是合這道理。",N
Z019151,"既是以讓為合理,則始知夫子之不為輙。",N
Z019165,"如此事,在顔子,又自理㑹得,亦不必問也。",N
Z019190,"胡家說夷、齊所為,全性命之理。",C
Z019195,"他是先理㑹得那樂後,方見得不義而富且貴,於我如浮雲。",N
Z019198,"問:""樂亦在其中,聖人何為如是之樂?""曰:""正要理㑹聖人之心,如何得恁地?聖人之心,更無些子渣滓,故我之心淘来淘去,也要如聖人之心。",N
Z019218,"問五十學《易》一段曰:""聖人學《易》,於天地萬物之理,吉凶悔吝、進退存亡,皆見得盡,自然無差失。",C
Z019220,"文振問五十以學《易曰:""也只就卦爻上占考其理合何如?他書一事是一理易》却說得闊,也有底事說在裏,未有底事,也說在裏。",C
Z019225,"文王又為之彖象,以釋其義,無非隂陽消長、盛衰伸屈之理。",C
Z019237,"盖陽氣正長,必有消退之漸,自是理勢如此。",C
Z019245,"'又云:'許多道理,本無不可知之數,惟是康節體得熟,只管體来體去,到得熟後看是甚麽事理,無不洞見。",C
Z019254,"如《書》言堯、舜、禹、成湯、伊尹、武王、周公之事,因有許多事業,方說到那裏,若無那事,亦不說到那裏易》則是箇空底物事,未有是事,預先說是理,故包括得盡許多道理,看人做甚事,皆撞著他。",C
Z019257,"""又云易》如占得一爻,須是反觀諸身,果盡得那道理否?如《坤》六二直方大,不習無不利須看自家䏻直䏻方䏻大方䏻,不習無不利,凡皆類此。",C
Z019264,"""長進退存亡之理,其賛《易》,即就胸中,寫出這箇理。",C
Z019317,"從這頭便㸃到那頭,但見義理之無窮,不知身世之可憂,嵗月之有變也。",N
Z019324,"天非真有知識䏻知,但聖人有此理,天亦有此理,故其妙䖏獨與之契合。",C
Z019327,"但見義理無窮,不知嵗月之有改莫我知之歎。",N
Z019348,"聖人言語,雖是平易,高深之理,即便在這裏。",C
Z019373,"恭父問:""必不䏻違天害己,不知當時聖人見其事勢不可害己,還以理度其不䏻害耶?""曰:""若以勢論,則害聖人甚易。",C
Z019374,"唯聖人自知其理,有終不䏻害者。",C
Z019375,"問:""天生徳於予,桓魋其如子何?孔子既如此說了,却又微服而過宋者,乃是天理人事之交盡否?""曰:""然。",C
Z019410,"如入孝、出弟、謹信、汎愛親仁,非謂以前不可讀書,以前亦教他讀書,理㑹許多道理,但必盡得這箇,恰好讀書。",N
Z019416,"說與事理之類,便是文小學》六藝,皆文也。",N
Z019419,"是先教他做箇伎倆,這都是文底事,而後,教他識義理。",N
Z019424,"問文行為先,忠信為次之說,如何?""曰:""世上也自有初問難曉底人,便把忠信與說,又教如何理㑹?也?須且教讀書,漸漸壓伏,這箇身心教定,方可與說。",N
Z019425,"""問:""行有餘力,則以學文,是如何?""曰:""讀書最不要如此比並如上說,怕人卒急難理㑹,須先將文開發他。",N
Z019438,"聖人也只是這箇道理,但是他理㑹得爛熟後,似較聖様,其實只是這道理。",N
Z019446,"縁不甚曉得道理,不可以到聖人,只是恁地便住了。",N
Z019453,"若緊切䖏通,餘䖏自理㑹得。",N
Z019477,"""(《卓錄》云:""如有其寛、有其敬、有其哀時,即觀其淺深當/否如何?今既無之,則吾復以何者而觀之?'言更不可)他都無這箇了,更將何以觀之?如考試一般,若文字平平,尚可就中看好惡,若文理紕繆,更將甚麽去考得論語》如此䖏多,今人都只粗淺滚說過,也自說得,只是聖人本意不如此,只是看得熟了,少間自分别得出。",N
Z019493,"問多聞曰:""聞只是聞人說底,已亦未理㑹得。",N
Z019511,"""何故孔門許多弟子,聖人竟不曾以仁許之?雖以顔子之賢,而尚或違於三月之後,而聖人乃曰""我欲斯至盍亦於日用體騐?我若欲仁,其心如何?仁之至,其意又如何?又如說""非禮勿視聽言動盍亦毎事省察,何者為禮,何者為非禮,而吾又何以䏻勿視勿聽?若毎日如此讀書,庶幾看得道理自我心而得,不為徒言也。",N
Z019514,"若要除却這箇道理,又空讀書,須把自身来體取做得去,方是無疑,若做不去,須要講論。",N
Z019522,"然而有至終身求之而不止者,如何得人皆欲仁?所以後来聖賢不出,盡是庸、凡,便是無肯欲仁者,如何得箇道理,使人皆好仁?所以孔子謂:'吾未見好仁者。",N
Z019524,"如今須是自於這裏,著意思量道如何不欲仁,却欲利禄,如何不好徳,却只好色?於此猛省,恐有箇道理。",C
Z019543,"如云""已自理㑹得,不消說""之類。",N
Z019567,"""聖人也知有此理,故但言我不用禱,而亦不責子路之非也。",C
Z019569,"""或問:""有禱之理否?""曰:""子路說禱爾於上下神祗,便是有此理。",C
Z019578,"病而禱占,亦有此理。",C
Z019602,"大抵曰温、曰威、曰恭,三字是主,曰厲、曰不猛、曰安,是帶說上下二句,易理㑹。",N
Z019649,"但岐山下,却亦是商經理不到,䖏亦是空地。",N
Z019650,"當時邠也只是一片荒凉之地,所以他去那裏,輯理起来。",N
Z019663,"泰伯、文王、伯夷、叔齊,是行一不義,殺一不辜,而得天下不為底道理;太王、湯、武是弔民伐罪,為天下除殘賊底道理。",N
Z019664,"常也是道理合如此;變也是道理合如此,其實只是一般。",N
Z019717,"他就大䖏理㑹,便知得品節如此。",N
Z019736,"當念慮之微,有毫髪差錯,便是悖理傷道,便是不孝。",N
Z019745,"只理㑹這箇道理,分曉自不危。",N
Z019765,"暴是剛者之過,慢是寛柔者之過,鄙是凡淺,倍是背理。",N
Z019767,"又有說得甚高,而實背於理者,此是倍,不可不辨也。",N
Z019771,"倍,只是倍於理。",N
Z019772,"出辭氣時,須要看得道理如何後,方出,則不倍於理。",N
Z019791,"正顔色便須近實,鄙便是說一様卑底說話,倍是逆理。",N
Z019810,"然此則/有司之事,我亦只理㑹身上事)",N
Z019812,"須要理㑹,如何得?動容貌便㑹逺暴慢,正顔色便㑹近信,出辭氣便㑹逺鄙倍?須知得曾子如此說,不是到動容貌、正顔色、出辭氣時,方自㑹恁地。",N
Z019855,"問君子所貴乎道者三曰:""學者觀此一段,須看他兩節,先看所貴乎道者是如何?這箇是所貴所重者,至於一籩一豆,皆是理。",C
Z019856,"但這箇事,自有人管我,且理㑹箇大者。",N
Z019858,"但是於自己身上大䖏,却不曾理㑹,何貴於學?""先生因言:""近来學者,多務高逺,不自近䖏着工夫。",N
Z019863,"然父子、兄弟、君臣之間,各有一箇當然之理,是道也。",C
Z019872,"若是其他,也不是不管,只是說人於己身上事,都不照管,却只去理㑹那籩豆等小事,便不得言。",N
Z019874,"若全不理㑹,將見以籩為豆,以豆為籩,都無理㑹了。",N
Z019882,"""盖常人容貌不暴則多慢,顔色易得近色荘,言語易得鄙而倍理。",N
Z019894,"暴慢鄙倍、近信,皆是自己分内事,惟近信,不好理㑹。",N
Z019895,"盖君子才正顔色,自有箇誠實底道理,異乎色取仁而行違者也。",N
Z019965,"學者莫若且理㑹自反,却見得自家長短。",N
Z019987,"况㳺談聚議,習為軟熟,卒然有警,何以得其仗節死義乎?大抵不顧義理,只計較利害,皆奴婢之態,殊可鄙厭。",N
Z020004,"'既曰君子,須是事事理㑹得方可。",N
Z020033,"且如執徳不𢎞""之𢎞,便見此𢎞字,謂為人有許多道理,及至學来,下梢却做得狹窄了,便是不𢎞。",N
Z020038,"問𢎞、毅之𢎞曰:""𢎞是寛廣,事事著得,道理也著得,事物也著得事物逆来也著得,順来也著得,富貴也著得,貧賤也著得。",N
Z020048,"""曰:""心體是多少大大,而天地之理,纔要思量,便都在這裏。",C
Z020061,"但不是寛容人,乃寛容得義理耳。",N
Z020063,"人之狹隘者,只守得一義一理,便自足。",C
Z020069,"問𢎞毅曰:""𢎞是寛廣耐事,事事都著得,道理也著得多,人物也著得多。",N
Z020080,"在這裏道理也只着得一說,事事都只着得一)",N
Z020083,"""問:""人之資禀偏駁,如何便要得恁地?""曰:""既知不𢎞不毅,便警醒令𢎞毅,如何討道理,教他莫恁地𢎞毅,䖏固未見得,若不𢎞不毅,䖏亦易見。",N
Z020085,"既知此道理當恁地,既不䏻行,又不䏻守,知得道理不當恁地,却又不䏻割捨,除却不𢎞,便是𢎞,除了不毅,便是毅。",N
Z020086,"這䖏亦須是見得道理分曉,磊磊落落,這箇都由我䖏置。",N
Z020095,"/不毅便倒東墜西,見道理合當如此。",N
Z020096,又不䏻行不䏻)(守見道理不當如此。,N
Z020098,"然亦須)(是見道理極分曉,磊磊落落在這裏,無遁情病。",N
Z020114,"許多道理,也只是這箇仁,人也只要成就這箇仁,須是擔當得去。",N
Z020153,"""又曰:""到得成於樂,是甚次第?幾與理為一,看有甚放僻邪侈,一齊都滌盪得盡,不留些子。",C
Z020155,"然看得来,只是讀書理㑹道理,只管將来涵泳,到浹洽貫通熟䖏,亦有此意思。",N
Z020161,"樂者,䏻動盪人之血氣,使人有些小不善之意,都着不得,便純是天理,此所謂成於樂。",C
Z020196,"古人此身,終日都在禮之中,不由)(自家古人興於《詩,猶有言語以諷誦,禮全無說話,只/是恁地做去,樂更無說話,只是聲音節奏,使人聞之)(自然和平,故荀子曰'禮樂法而不說曰:""此章與志於/道,相表裏否?""曰:""彼是言徳性道理,此是言事業工夫)。",N
Z020219,"今人須加訓詁,方理㑹得,又失其歌詠之律,如何?一去看着,便䏻興起善意?以今觀之,不若熟理㑹《論語》,方䏻興起善意也。",N
Z020240,"這䖏只理㑹如何是興於詩,如何是立於禮,如何是成於樂。",N
Z020299,"若義理之精微,則如何說得他曉?",N
Z020314,"且以淺近易見者言之,如說道理,這自是世上公共底物事,合當大家說出来。",N
Z020322,"某昨見一箇人,學得些子道理,便都不肯向人說。",N
Z020411,"因論舜、禹有天下而不與之義曰:""此等䖏,且玩味本文,看他語意所重,落向何䖏?眀道說得義理甚閎闊集注》却說得小。",N
Z020434,"聖人已說底話,尚未理㑹得,何况聖人未做底事,如何測度得?""後再有問者,先生乃曰:""若紂之惡極,文王未死也,只得征伐救民。",N
Z020457,"如武未盡善,此等䖏,未消理㑹,且存放那裏。",N
Z020472,"然聖人若不言,則人又理㑹不得,如何是利,如何是命,如何是仁,故不可不言。",N
Z020485,"於近世胡氏父子見之,踢著脚指頭,便是仁,少間都使人不去窮其理是如何?只是口裏說箇仁字,便有此等病出来。",N
Z020502,"文振問子罕言利與命與仁曰:""命只是一箇命,有以理言者,有以氣言者。",C
Z020503,"天之所以賦與人者,是理也;人之所以夀夭窮通者,是氣也。",C
Z020504,"理精微而難言,氣數又不可盡委之,而至於廢人事,故聖人罕言之也。",C
Z020505,"仁之理至大,數言之,不惟使人躐等,亦使人有玩之之心。",C
Z020532,"問:""意如何毋得?""曰:""凡事順理,則意自正。",C
Z020533,"毋意者,主理而言,不順理,則只是自家私意。",C
Z020541,"聖人只看理當為便為,不當為便不為,不曾道我要做,我不要做,只容一箇我,便是意了。",C
Z020551,"人我只是理,一分自不同。",C
Z020566,"聖人作事,初無私意,或為或不為,不在己意,而惟理之是從,又何固必有我哉?",C
Z020573,"凡人做事,必先起意,不問理之是非,必期欲事成而已。",C
Z020608,"""又問:""若自學者而言,欲絶意必固我,到聖人地位,無此四者,則復於未發之前,復於未發之前,盖全其天理耳。",C
Z020616,"""或謂""意必固我既亡之後,必有事焉""者曰:""意必固我既亡,便是天理流行,鳶飛魚躍,何必更任私意也?""",A
Z020619,"若既無此,天理流出,亦須省着。",A
Z020620,"問:""意必固我伊川以發而當者,理也;發而不當者,私意也此語是否?""曰:""不是如此。",C
Z020623,"縱使發而偶然當理也,只是私意,未說到當理。",C
Z020672,"'何故却復有此說?'曰:""理固如是,事則不可知。",C
Z020702,"聖人賢於堯、舜䖏却在於収拾累代聖人之典章、禮樂、制度、義理,以垂於世,不在此等小小䖏。",N
Z020781,"如此是天理,如此是人欲,不入人欲,則是天理。",C
Z020782,"禮者,天理之節文。",C
Z020789,"""又云:""天理、人欲,只要認得分眀,便喫一盞茶時,亦要知其孰為天理,孰為人欲。",C
Z020792,"雖是說裏,然求来求去,終歸於一理,乃所以約禮也易》所謂'尺蠖之屈,以求伸也;龍蛇之蟄,以存身也;精義入神,以致用也;利用安身,以崇徳也。",C
Z020871,"及夫既竭吾才,如此精専,方見得夫子動容周旋,無不中䖏,皆是天理之流行,卓然如此分曉。",A
Z020890,"""曰:""看他/别自有一箇道理。",N
Z020930,"盖天下之理,都理㑹透到,無可理㑹,䖏便約。",N
Z020935,"物理窮盡,卓然於事物之表,眼前都攔自家不住,如此則所謂崇,戒謹恐懼,一舉一動,一言一行,無不著力,如此則是卑。",N
Z020937,"""又問:""知崇如天,禮卑如地,而後人之理行乎?""曰:""知禮成性,而天理行乎其間矣。",A
Z020949,"盖聖人之道,是箇恰好底道理,所以不可及。",N
Z020979,"問由之行詐如何?""曰:""見子路要尊聖人,恥於無臣而為之,一時不䏻循道理,子路本心,亦不知其為詐。",N
Z020990,"問:""子欲居九夷,使聖人居之,真有可變之理否?""曰:""然。",C
Z021003,"然工夫却愈精宻,道理却愈無窮。",N
Z021036,"儒者只從言語文字上做,有知此事是合理㑹者,亦只做一塲話說過了,所以輸與他。",N
Z021084,"道是虚底道理,因這箇物事上面方看見。",C
Z021092,"又曰:""天理流行之妙,若少有私欲以間之,便如水被些障塞,不得㴞㴞地流去。",A
Z021102,"""公且思量良久,乃曰:""今諸公讀書,只是去理㑹得文義,更不去理㑹得意。",N
Z021104,"這箇道理,吾身也在裏面,萬物亦在裏面,天地亦在裏面,通同只是一箇物事,無障蔽無遮礙。",C
Z021105,"吾之心即天地之心,聖人即川之流,便見得也是此理,無往而非極致。",C
Z021134,"這箇道理難當,只管恁地勉強去。",N
Z021173,"道夫問仁者不憂曰:""仁者通體是理,無一㸃私心。",C
Z021181,"若能克去私意,日間純是天理,自無所憂,如何不是仁?""",C
Z021194,"如近来耿氏說《易》女子貞不字,伊川說作字育之字,耿氏說作許嫁笄而字之字,言女子貞不字者,謂其未許嫁也,却與昏媾之義相通,亦說得有理。",N
Z021202,"""行夫云:""仁者順理,故不憂。",C
Z021206,"仁者所以無憂者,止縁仁者之心,便是一箇道理。",C
Z021207,"看是甚麽事来,不問大小,改頭換面来,自家此心,各各是一箇道理,應副去,不待事来,方始安排。",C
Z021208,"心便是理了,不是方見得道理合如此做,不是方去恁地做。",C
Z021209,"蔡行夫問仁者不憂一章曰:""知不惑,勇不懼,却易理㑹。",N
Z021212,"""洪慶問:""先生說是如何?""曰:""仁者,心便是理,看有甚事来,便有道理應他,所以不憂。",C
Z021213,"""(録》云:""仁者,理即是心,心即是理。",C
Z021214,"有一事来,便有一理/以應之,所以無憂。",C
Z021215,"""○《恪錄》一作'仁者,心與理,一心純)(是這道理,看甚麽事来,自有/這道理在,䖏置他自不煩惱)人所以憂者,只是卒然遇事,未有一箇道理應他,便不免有憂。",C
Z021216,"""(《恪錄》一作'今/人有這事却)(無這理,便䖏置不来,所以憂。",C
Z021236,"""或曰:""勇於義,是義理之勇,如孟施舍、北宫黝,皆血氣之勇。",N
Z021272,"先生因說:""可與立,未可與權,權䖏是道理,上面更有一重道理。",N
Z021290,"然一滚来滚去,則經與權,都鶻突沒理㑹了。",N
Z021294,"問經權曰:""權者,乃是到這地頭,道理合當恁地做,故雖異於經,而寔亦經也。",N
Z021304,"或問:""伊川云:'權即是經漢儒云:'反經合道其說如何?""曰:""伊川所說權,是說這䖏合恁地做,便是正理,須是曉得他意。",N
Z021305,"漢儒語亦未十分有病,但他意却是横說,一向不合道理,胡做了人曰:'男女授受不親,是常經合恁地。",N
Z021306,"嫂溺援之以手,亦是道理合恁地,但不是毎常底道理了。",N
Z021307,"譬如冬月,衣裘附火,是常理也。",N
Z021308,"忽然天氣做熱,便須衣夾揮扇,然便不是毎常底常理了公羊》就宋人執祭仲䖏,說得權,又怪異了。",N
Z021335,"湯、武之誅桀、紂,却是以臣殺君;周公之誅管、蔡,却是以弟殺兄,豈不是反經?但時節到這裏,道理當恁地做。",N
Z021336,"雖然反經却自合道理,但反經而不合道理則不可,若合道理,亦何害於經乎?""又曰:""合於權,便是經在其中。",N
Z021342,"問:""可與立,如何是立?""曰:""立是見得那正當底道理分眀了,不為事物所遷惑。",N
Z021344,"莫是經是一定之理,權則是隨事以取中,既是中,則與經不異否?""曰:""經是常行道理,權則是那常理,行不得䖏不得已,而有所通變底道理。",N
Z021348,學者須當先理㑹這正底道理。,N
Z021349,"且如朝廷之上,辨别君子、小人,君子則進之,小人則去之,此便是正當底道理。",N
Z021350,"今人不去理㑹,此却說小人亦不可盡去,須放他一路,不爾,反䏻害人。",N
Z021351,"自古固有以此而濟事者,但終非可常行之理。",N
Z021357,"如人之病,熱病者,當服涼藥;冷病者,當服熱藥,此是常理。",N
Z021372,"自非大賢以上,自見得這道理,合是恁地了不得也。",N
Z021386,"權即細宻,非見理大段精審,不䏻識。",N
Z021412,"常人云:'事有緩急,理有小大這様䖏,皆須以權稱之。",N
Z021432,"如舜不告而娶,是箇怪差底事,然以《孟子》觀之,却也是常理,只是不可常用。",N
Z021438,"伊川說曉得底却知得,權也是常理,曉不得底,却鶻突了。",N
Z021442,"但云大過,亦是常理則得。",N
Z021508,"許多道理,皆自聖人身上迸出来,惟聖人做得甚分曉,故門人見之熟,是以紀之詳也。",N
Z021511,"問:""賀孫讀《鄉黨》已終,覺得意思如何?""曰:""見得段段都是道理合着如此,不如此,定不得。",N
Z021513,"""曰:""聖賢一句,是一箇道理,要得教人識着,都是要人収拾已放之心。",N
Z021522,"和說則不失事上之恭,諍則又不失自家義理之正。",N
Z021624,"如只喫得許多物事,如不當喫,纔去貪喫不住,都是逆天理。",N
Z021625,"看道理,只管進只管細便好,只管見上面,只管有一重方好。",N
Z021627,"今人不是不理㑹道理,只是不肯仔細,只守著自底,便了,是是非非,一向都沒分别。",N
Z021707,"凡日用之間,一禮一樂,皆是禮樂,只管文勝去,如何合殺?湏有箇變轉道理。",N
Z021722,"如今人恁地文理細宻,倒未必好,寧可是白直粗踈底人。",N
Z021764,"人䏻誠敬,則與理為一,自然能盡事人事鬼之道。",C
Z021765,有是理則有是氣。,C
Z021770,然須知道人生有多少道理。,N
Z021783,"問:""伊川謂'死生、人鬼,一而二,二而一是兼氣與理言之否?""曰:""有是理則有是氣,有是氣則有是理。",C
Z021784,"氣則二,理則一。",C
Z021785,"徐問集注云'鬼神不外人事,在人事中,何以見?""曰:""鬼神只是二氣,屈伸往来,在人事,如福善禍滛,亦可見鬼神道理論語》少說此般話。",N
Z021786,"""曰:""動靜語黙,亦是此理否?""曰:""亦是。",C
Z021866,"他是箇謹厚底人,不曾見得道理,故曰愚。",N
Z021884,"若不是人主自理㑹得,如何說?當神宗時,羣臣上尊號,司馬温公宻撰不允詔書,勸上不受,神宗便不受。",N
Z021892,"盖他以遲鈍之故,見得未透,只得且去理㑹,終要洞達而後已。",N
Z021893,"若理㑹不得,便放下了,如何得通透?則是終於魯而已。",N
Z021896,"今一様敏底,見得容易,又不能堅守,鈍底捱得到,略曉得䖏,便說道理止此,更不深求,惟曾子不肯放舎。",N
Z021898,"眀道謂:""曾子竟以魯得之,縁他質鈍不解便理㑹得,故着工夫去看,遂看得来透徹,非他人所及。",N
Z021900,"且莫說義理,只如人學做文章,非是只恁地讀前人文字了,便㑹做得似他底,亦須是下工夫,始造其妙。",N
Z021917,"但顔子屢空,未至於聖人之皆無,而純然天理也。",C
Z021930,"乍看似好,而道理恐不如是。",N
Z021934,"問善人之道曰:""善人之道,只是箇善人底道理。",N
Z021953,"雖不踐成法,却暗合道理。",N
Z021984,"""伯謨曰:""黄老之教,本不為刑名,只要理㑹自已,亦不說要慘酷,但用之者過耳。",N
Z022033,"近世學者,多取此説,愛其新竒,而不察其不當於理,此甚害事,不可不知也。",N
Z022038,"讀《曾晳言志》一章曰:""此處正要理會。",N
Z022045,曾㸃是見他箇道理大原了。,N
Z022047,"曾㸃見得事事物物上,皆是天理流行,良辰美景,與幾箇好朋友行樂。",A
Z022049,"他看見日用之間,莫非天理,在在處處,莫非可樂。",C
Z022050,"他自見得那春服既成,冠者五六人,童子六七人,浴乎沂,風乎舞雩,詠而歸處,此是可樂天理。",C
Z022054,"他狂之病處易見,却要看他狂之好處是如何?縁他日用之間,見得天理流行,故他意思常恁地好。",A
Z022058,"敬之又問曾㸃章曰:""都不待着力説,只是他見得許多自然道理,流行發見眼前,觸處皆是。",A
Z022060,"只看他鼓瑟希鏗爾舍瑟而作,從容優裕,悠然自得處,無不是這箇道理。",N
Z022065,"""又曰:""這道理,處處都是,事父母、交朋友,都是這道理;接賔客,是接賔客道理,動静語黙,莫非道理;天地之運,春夏秋冬,莫非道理。",N
Z022070,"觀夫子""不知所以裁之""之語,則夫子正欲共他理會在。",N
Z022094,"三子在孔門,豈是全不理會義理?只是較粗,不如曾㸃之細。",N
Z022110,"他只是見得這大綱意思,於細宻處,未必便理㑹得。",N
Z022112,"如佛氏不可謂他無所見,但他只見得箇大渾淪底道理,至於精細節目,則未必知。",N
Z022118,"或謂㸃曾做工夫而未至,如何?""曰:""且只理會曾㸃,如何見得到這裏?不須料度他淺深,徒費心思也。",N
Z022119,"或問曾晳曰:""是他見得到日用之間,無非天理流行。",A
Z022139,"盖三子是就事上理會,曾㸃是見得大意。",N
Z022141,"若曾子之學,却與曾㸃全然相反,往往曾㸃這般説話,曾子初間却理會不得他。",N
Z022144,"今曾㸃説底,不曾理會得,又如何理會得後面底?""",N
Z022145,"所謂""天理流行""一句,須是先自盡於一心,然後及物,則能隨寓而樂。",A
Z022146,"如曾㸃,只是他先自分内見得箇道理。",N
Z022153,"問集注》云:""曾㸃之學,有以見乎日用之間,莫非天理流行之妙,日用之間,皆人所共。",A
Z022155,"在曾㸃見,則莫非天理,在他人則只以濟其嗜欲。",C
Z022157,"同是事,是者便是天理,非者便是人欲。",C
Z022159,"非禮勿視聼言動,便是天理,非禮而視聼言動,便是人欲植曰:""即是五峯所謂天理人欲,同行異情否?""曰:""是。",C
Z022161,"如為國以禮,他正縁見那為國以禮底道理未透,所以後來恁地。",N
Z022181,"夫子與㸃,以其無所係着,無所作為,皆天理之流行,夫何為哉?恭已正南面而已。",A
Z022191,"安老懐少、信朋友,自是天理流行。",A
Z022192,"天理流行,觸處皆是,暑往寒來,川流山峙,父子有親,君臣有義之類,無非這理。",A
Z022193,"如學而時習之,亦是窮此理;孝弟,仁之本,亦是實此理。",C
Z022194,"所以貴乎格物者,是物物上皆有此理,此聖人事,㸃見得到。",C
Z022197,"曾㸃把作一件大事來説,他見得這天理随處發見,處處皆是天理,所以如此樂。",A
Z022203,"日用間見得天理流行,才要着私意去安排,便不得。",A
Z022205,"這箇道理,是天生自然,不待安排。",C
Z022206,"'盖道理流行,無虧無欠,是天生自然如此與聖人安老懐少、信朋友底意思相似。",A
Z022217,"""又問曾㸃之狂如何?""曰:""他雖知此理,只是踐履未至。",C
Z022227,"曽㸃見識儘髙,見得此理洞然,只是未曾下得工夫。",C
Z022232,"此分明説事業,縁曾㸃見得道理大,所以堯、舜事業優為之,視三子規規於事為之末,固有間矣。",C
Z022264,"是徒見其忠之理,而不知其恕之理也。",C
Z022267,"問曾㸃言志,雖堯、舜事業,亦優為之曰:""曾㸃為人髙爽,日用之間,見得這天理流行之妙,故堯、舜事業,亦不過自此做將去。",A
Z022282,"要之只説得箇見得天理明,所以如此,只説得到此住,已上説不去了,要人自見得,只𬋩推説,已是枝蔓。",C
Z022283,"""或問:""程子云:'子路只縁曉不得為國以禮底道理。",N
Z022295,"某甞説:'學者只是依先儒注解,逐句逐字,與我理會,著實做將去,少間自見最怕。",N
Z022319,"㸃是已見得大意,其所言者,無非天理之流行,都不為事物所累。",A
Z022337,"若去得盡,即達為國以禮道理。",N
Z022341,陳仲亨説子路只是不達為國以禮道理數句未明。,N
Z022348,"若逹那為國以禮道理,便是這般氣象,意正如此。",N
Z022356,"如今看来,終不成才會得讓底道理,便與曾㸃氣象相似,似未會如此。",N
Z022369,盖三子只就事上見得此道理。,N
Z022370,"曾㸃是去自己心性上,見得那本原頭道理,使曾㸃做三子事,未必做得。",N
Z022373,"看得来,上面須别有説話在,必先說曾㸃已見此道理了,然後能如此,則體用具偹。",N
Z022375,"""因說一貫之㫖、忠恕之說,程先生門人中,亦只上蔡領畧得他意思,餘皆未曉浴沂》一章解,向来亦曾改過,但今尋未見在問先生謂:""三子從事上見得此道理,必如此說,然後見得。",N
Z022376,程子所謂只縁子路不達為國以禮道理。,N
Z022378,"三子皆是去事上見得此道理,而子路之言不讓,則便是不知不覺,違了這箇道理處,故夫子哂之也。",N
Z022383,"問:""前輩說鳶飛魚躍,與曾㸃浴沂一事同,不知曾㸃之事,何縁與子思之說同?""曰:""曾㸃見日用之間,莫非天理。",C
Z022384,"""問:""何以見曾㸃見日用之間,莫非天理?""曰:""若非見得日用之間無非天理,只恁地空樂,也無意思。",C
Z022409,"或曰:""若是人欲則易見,但恐自說是天理處,却是人欲,所以為難。",C
Z022415,"'此是尋常工夫都做了,故又說出向上一層工夫,以見義理之無窮。",C
Z022421,"且如聖賢千言萬語雖不同,都只是說這道理。",N
Z022423,"或說:""如今一等非理事,固不敢做,只在書院中時,亦自有一般私意難識。",N
Z022449,"克己復禮,不可將理字來訓禮字。",N
Z022450,"克去己私,固即能復,天理,不成克己後,便都没事。",C
Z022455,"賀孫問:""非天理,便是人欲,克盡人欲,便是天理。",C
Z022456,"如何却說克己了,又須著復於禮?""曰:""固是克了己,便是理。",C
Z022463,"""亞夫又問曰:""如坐如尸,立如齊,此是理,如箕踞跛倚,此是非禮。",C
Z022464,"去其箕踞跛倚,宜若便是理,然未能如尸如齊,尚是己私。",C
Z022488,"禮者,天理之節文,起居動作,莫非天理,起居動作之間,莫不渾全,是禮則是仁。",C
Z022504,"然只見他空底,不見實理,所以都無規矩準繩。",C
Z022516,"曰:""㬊問克己復禮曰:""人只有天理、人欲兩途,不是天理,便是人欲,即無不屬天理,又不屬人欲底一節。",C
Z022517,"且如坐如尸是天理,跛倚是人欲。",C
Z022521,"克得那一分人欲去,便復得這一分天理來;克得那二分己去,便復得這二分禮來。",C
Z022528,"""又問所以喚做禮而不謂之理者,莫是禮便是實了,有準則有著實處。",C
Z022530,"這箇禮是那天理節文,教人有準則處。",C
Z022559,"禮儀三百,威儀三千,却只是這箇道理,千條萬緒,貫通來,只是一箇道理。",C
Z022561,"盖為道理出來處,只是一源,散見事物,都是一箇物事,做出底一草一木,與他夏葛冬裘,渴飲饑食,君臣、父子、禮樂器數,都是天理流行活潑潑地。",A
Z022562,"那一件不是天理中出來,見得透徹後,都是天理。",C
Z022565,"莊子云:""言而足,則終日言而盡道;言而不足,則終日言而盡物㬊因問這禮字,恁地重看?""曰:""只是這箇道理,有說得開朗底,有說得細宻底復禮之禮》,說得較細宻,博文約禮,知崇禮卑禮字都說得細宻。",N
Z022586,"""又問:""一日之間,安能如此?""曰:""非是一日便能如此,只是有此理。",C
Z022604,"問:""一日克己復禮,如何使天下便能歸仁?""曰:""若真能一日克己復禮,則天下有歸仁之理。",C
Z022610,"問克己復禮為仁曰:""克去己私,復此天理,便是仁。",C
Z022614,"如說反身而誠,樂莫大焉所謂誠者,必須實能盡得此理,仁義禮智,無一些欠闕,他底如何不樂?既無實得,樂自何而生?天下歸仁之義,亦類此。",C
Z022615,"既能克己復禮,豈更有人以不仁見稱之理?""",C
Z022617,"""曰:""人能克己,則日間所行,事事皆無私意,而合天理耳。",C
Z022629,"視聽言動,但有些箇不循道理處,便是非禮。",N
Z022635,"佛家所謂視聽,甚無道理。",N
Z022638,"聽亦然,天下豈有此理?""坐間舉佛書,亦有克己底說話,先生曰:""所以不可行者,却無復禮一段事。",C
Z022658,"""又問曰:""只消就克己復禮上,理㑹便了。",N
Z022677,"樊遲之問,孔子答以""居處恭、執事敬,與人忠想是仁字,都自解理㑹得,但要如何做?",N
Z022685,"然大槩則一聖人之意,千頭萬緒,終歸一理。",C
Z022695,"且如其言也訒,若於此理㑹得透徹,亦見得全體,須是知得那親切處。",N
Z022696,"如求生以害仁,殺身以成仁,須理㑹得害箇甚麽,成箇甚麽?""趙師夏云:""莫只要不失這道理,而滿足此心。",N
Z022701,"顔子便理㑹得,只未敢便領略,却問其目,待說得上下周匝了,方承當去。",N
Z022710,"或問顔子克己復禮曰:""公且未要理㑹,顔子如何克己復禮?且要理㑹自家身已如何?須着克己復禮。",N
Z022714,"這裏須思量顔子如何心肯意肯,要克己復禮,自家因何不心肯意肯,去克己復禮?這處須有病根,先要理㑹這路頭,方好。",N
Z022715,"理㑹所以克之之方,須是識得這病處。",N
Z022745,"博文須是窮究得箇事理都明,方解去克己復禮。",N
Z022748,"前面四項,只是理㑹這物事,理㑹得後,方去行。",N
Z022752,"這也不須理㑹,只去理㑹那頭一件。",N
Z022761,"盖克去己私,便是天理,克己復禮,所以為仁也。",C
Z022769,"若見/不得,雖是克己復禮,也只没理會。",N
Z022792,此亦只是一箇道理。,C
Z022813,"盖己私既克,無非天理,便是禮。",C
Z022833,"人有秉彛,本乎天性,道理本自好在這裏,却因雜得外面言語,來誘化聽,所以就理上說。",C
Z022842,"眼前道理,善惡是非,阿誰不知?只是自冒然去做。",C
Z022843,"若於眼前底,識得分明,既不肯去做,便却旋旋見得細密底道理。",N
Z022846,"若不從眼前明白底做將來,這箇道理,又如何得㑹自見?""",N
Z022859,"好惡無節於内,知誘於外,不能反躬,天理滅矣。",C
Z022863,"賀孫說顔淵問仁章集註》之意曰:""如此只就上面說,又須自家肚裏實理㑹得始得。",N
Z022882,"纔不靜専,自家這心自做主不成,如何去接物?""下云""矧是樞機,興戎出好""四句,都是說謹言底道理,下四句,却說四項病。",N
Z022885,"今雖知義理,而舊所好樂,未免沈伏於方寸之間,所以外物纔誘,裏面便為之動。",N
Z022888,"日用之間,只要勝得他天理纔勝,私欲便消;私欲纔長,天理便被遮了。",C
Z022941,"不是天理,便是人欲。",C
Z022944,"蓋說復禮,即說得着實,若說作理,則懸空是箇甚物事?如謝氏曰:'以我視、以我聽,以我言、以我動夫子分明說是非禮勿視聽言動,謝氏却以以我言之,此則自是謝氏之意,非夫子所以告顔淵者矣。",C
Z022961,"問:""克己復禮,天下歸仁南軒謂""克盡己私,天理渾然,斯為仁矣。",C
Z022999,"林正卿問天下歸仁曰:""痒痾疾痛,舉切吾身,只是存想天下歸仁恁地,則不須克己,只坐定存想,月十日便自天下歸仁,豈有此理?""時舉問程先生曰:""事事皆仁,故曰天下歸仁是如何?""曰:""事事皆仁,所以天下歸仁。",N
Z023014,"以我視以我聽,恐怕我也没理㑹。",N
Z023030,"𦂳接着那己所不欲,勿施於人,直到這裏,道理方透徹,似一片水流注出來,到這裏方住,中間也間,㫁不得效驗,到這處,方是做得透徹,充足飽滿,極道體之全而無虧欠。",N
Z023054,"今人只為不理㑹忠,而徒為恕,其弊只是姑息。",N
Z023057,"""(璘○《可學録》云云:""如刑人殺人之事,已亦不欲,到/其時為之,則傷恕如何?""可學云:""但觀其事之當理)(則不欲變為欲曰:""設如人自犯罪,至於死,到刑時,其/心欲否?""問諸友,皆無以答曰:""此當合忠字看。",N
Z023070,"曰:""若以為己自無怨,却有甚義理?此言能以敬為主而行之恕,則人自不怨也。",N
Z023082,"問克己工夫與主敬行恕如何?""曰:""克己復禮,是截然分别箇天理人欲,是則行之,非則去之。",C
Z023084,"若將來保養得至,亦全是天理矣。",C
Z023123,"特不能如顔子深於天理人欲之際,便可至)(仁耳。",C
Z023201,"""(克己復禮,是要見得天理後,方做/將去,仲弓却只是據見在持將去)",C
Z023224,"蓋人只有天理、人欲,日間行住坐卧,無不有此二者,但須自當省察。",C
Z023225,"譬如坐如尸、立如齋,此是天理當如此。",C
Z023229,"所以禮謂之天理之節文者,蓋天下皆有當然之理,今復禮便是天理。",C
Z023232,"夫婦、長幼、朋友,莫不皆然,其實皆天理也。",C
Z023233,"天理、人欲,其間甚微,於其發處,子細認取,那箇是天理,那箇是人欲。",C
Z023238,"人既不隨私意,則此理是本來自有底物,但為後來添得人欲一段。",C
Z023257,"須要做得合箇道理,不可輕易。",N
Z023259,"若不仁底人,心,常如睡底相似,都不曾見箇事理,便天來大事,也敢輕輕做一兩句說了。",N
Z023275,"學者千章萬句,只是理㑹一箇心。",N
Z023278,"""曰:""司馬牛如何做得顔子、仲弓底工夫?須是逐人自理㑹。",N
Z023319,"若不識箇真偽,安得謂之明逺?這裏自有道理,見得過他真偽,却來,瞞我不得。",N
Z023334,"虎豹之鞟,猶犬羊之鞟,如何以文觀人?""曰:""無世間許多禮法,如何辨得君子、小人?如老、莊之徒,絶滅禮法,則都打箇没理㑹去。",N
Z023382,"若使聖人久為之,亦須别有箇道理。",N
Z023464,"義剛、言二者,皆是要譽,而天理都不存了。",C
Z023475,此是在邦在家必達之理。,C
Z023490,"德者,理之得於吾心者也。",C
Z023498,"亞夫問:""先難而後獲,先事後得,莫是因樊遲有計較功利之心,故如此告之曰:""此是後面道理,而今且要知先事後得,如何可以崇德?蓋做合做底事,便純是天理,才有一毫計較之心,便是人欲。",C
Z023542,"如有人雖敢忠言,未必皆合道理者,則是未善也。",N
Z023562,"潘立之問先有司曰:""凡為政,隨其大小,各自有有司,須先責他理會自家,方可要其成。",N
Z023587,"文振問:""何以謂之事不成,則禮樂不與?""曰:""事不成,以事言;禮樂不興,以理言。",C
Z023590,"事不成,是麤說那事做不成;禮樂不興,是和這理也没了。",C
Z023591,"事,只是說他做出底,禮樂却是那事底理。",C
Z023617,"""因問:""如請討陳恒之事,也只是㨿道理,不論事情。",N
Z023625,"問:""胡氏之說,只是論孔子為政正名事,理合如此。",N
Z023629,"問:""胡氏云云:'使孔子得政,則是出公用之也,如何做得此等事?""曰:""以其理言之,合當如此做耳。",N
Z023631,"蒯聵與輙,若有一人識道理,各相避就去了。",N
Z023647,"無甚髙處,聖人稱善,何也?""曰:""公子荆所為,正合道理恰好處。",N
Z023648,"常人為屋室,不是極其華麗,則牆崩壁倒,全不理㑹。",N
Z023675,"只思量他所以致此效處,如何便了,何必較他優劣,便理㑹得?也無甚切己處。",N
Z023714,"若入得門了,便只要理㑹箇仁。",N
Z023761,"其論雖偏,容有此理。",C
Z023781,"""五峰云:'天理人欲,同體異用,同行異情。",C
Z023786,"蓋君子之心,是大家只理㑹這一箇公當底道理,故常和而不可以苟同。",N
Z023791,"無欺負他,理㑹不得,是靠我這些子皆驕之謂也。",N
Z023823,"後來所教之人歸,更不去理㑹,農務生事之屬,只管在家作閙,要酒物喫,其害亦不淺。",N
Z023862,"先生:""前日令只看大底道理,這許多病自無。",N
Z023864,"""問:""莫是見得天地同然公共底道理否?""曰:""這亦是如此,亦是第二著。",N
Z023865,"若見得本來道理,亦不待說與人公共不公共。",N
Z023866,"見得本來道理,只自家身已上,是勝箇甚麽,是伐箇甚麽,是怨欲箇甚麽?所以夫子告顔子,只是教他克己復禮。",N
Z023882,"""安卿對曰:""非禮勿視聴言動底,是於天理人欲之幾,既曉然判别得了,便行從天理上去。",C
Z023883,"克伐怨欲不行底,只是禁止不行,這箇人欲,却不知於天理上用功,所以不同。",C
Z023895,"顔子工夫,只是積漸克將去,人欲漸少,天理漸多,久之則私意剥盡,天理復全,方是仁。",C
Z023967,"問為命禆諶草創之曰春秋》之辭命,猶是說道理,及戰國之談說,只是說利害,說到利害的當處,便轉。",N
Z024005,"""又問:""若聖人之盡人道,則何以加此?""曰:""聖人天理渾全,不待如此逐項說矣。",C
Z024063,"問集注》說子路疑管仲忘君事讐,忍心害理,不得為仁此忍心之忍,是殘忍之忍否?方天理流行時,遽遏絶之,使不得行,便是忍心害理矣。",A
Z024069,"'竊謂天下無兩可之理,一是則一非。",C
Z024123,"問注云:'君子循天理,故日進乎髙明;小人徇人欲,故日究乎汚下。",C
Z024142,"如孫之翰《唐論》雖淺,到,理㑹一事,直窮到底,教他更無轉側處。",N
Z024165,"若是在自家面前,詐與不信,却都不覺時,自家却在這裏,做什麽理㑹甚事?便是昏昧呆底相似。",N
Z024190,"或有人盜我千金,而吾亦以千金與之,却是何理?視與千金者,更無輕重㫁然是行不得也。",N
Z024219,"賈素無行,元豐中在大理,為蔡確鷹犬,申公亦被誣搆。",N
Z024234,"下學而上達,自在這裏,做自理㑹得,如水無石,如木無風,貼貼地在這裏,人亦無縁知得,而今人所以知於人者,都是兩邊作得來。",N
Z024243,下學是只恁地去做)(上達是做後自理㑹得。,N
Z024250,所以(只)(有天知者是道/理與天相似也),C
Z024252,"且未論恁地,且先看孔子此段本意,理㑹得本意便了。",N
Z024261,"(《㝢録》云:""畢竟是尋/常事,人所能共),又無竒特聳動人處,及其上達,天理之妙,忽然上達去,人又捉摸不著,如何能知得我?知我者,畢竟只是天理,與我黙契耳。",C
Z024262,以此見孔子渾是天理。,C
Z024266,"""又曰:""孔子當初說這般話,與子貢時,必是子貢有堪語這道理模様。",N
Z024280,下學者下學此事;上達者上達此理。,C
Z024284,"下學、上達,雖是二事,只是一理。",C
Z024286,"下學者事也,上達者,理也。",C
Z024287,"理只在事中,若真能盡得下學之事,則上達之理,便在此。",C
Z024288,"下學只是事,上達便是理。",C
Z024289,"下學上達,只要於事物上見理,使邪正是非,各有其辨。",C
Z024292,"道理都在我時,是上達。",N
Z024302,"蔡問有一節之上達,有全體之上達曰:""不是全體,只是這一件理㑹得透,那一件又理㑹得透,積累多,便㑹貫通,不是别有一箇大底上達。",N
Z024312,"釋氏只說上達,更不理㑹下學。",N
Z024313,"然不理㑹下學,如何上達?",N
Z024321,"所謂天知者,但只是他理一般而已。",C
Z024323,"人事天理間,便是那下學上達底。",C
Z024331,"此與上智、下愚不移,不相梗否?""曰:""不干那事,若恁地比並理㑹,其間都没理㑹了。",N
Z024339,"下學、上達,雖是兩件,理㑹得透徹,厮合只一件。",N
Z024341,"理在事中,事不在理外。",C
Z024342,"一物之中,皆具一理,就那物中,見得箇理,便是上達。",C
Z024440,"""又與文振說:""平日須提掇精神,莫令頺塌放倒,方可看得義理分明。",N
Z024446,"如《原壤之歌,乃是大惡,若要理會,不可但己,且只得休。",N
Z024457,"若不是多學,却貫箇甚底?且如錢貫謂之貫,須是有錢方貫得,若無錢,却貫箇甚?孔子實是多學,無一事不理㑹過。",N
Z024459,"問《子貢一貫章曰:""聖人也,不是不理㑹。",N
Z024468,聖人直是事事理㑹得。,N
Z024471,是聖人當初都曾事事理會過。,N
Z024472,"如天下之聖,說道事親,事親中間有多少事;說道事君,事君中間有多少事,而今正患不能一一見箇恰好處,如何便說一貫?近見永嘉有一兩相識,只管去考制度,却都不曾理㑹箇根本。",N
Z024477,"聖人道理,都不恁地,直是周徧。",N
Z024479,"從大本中流出,便成許多道理。",N
Z024487,"'又曰:'非與學者,固有當多學而識之者,然又自有箇一貫底道理。",N
Z024500,"篤問便切,思便近,只就身上理會。",N
Z024508,"天地同體處,是義理之精英,查滓是私意人欲之未消者。",C
Z024519,"竊謂如顔子克己復禮,天理人欲,便截然兩斷,此所謂明得盡,查滓便渾化。",C
Z024548,"或問仁曰:""仁者,只是吾心之正理。",C
Z024550,"須知道求生害仁時,雖以無道得生,却是抉破了我箇心中之全理。",C
Z024551,"殺身成仁時,吾身雖死,却得此理完全也。",C
Z024555,"學者須是於日用之間,不問事之大小,皆欲即於義理之安,然後臨死生之際,庶㡬不差。",C
Z024556,"若平常應事,義理合如此處,都放過,到臨大節,未有不可奪也。",C
Z024558,"曾見人解殺身成仁,言:""殺身者,所以全性命之理。",C
Z024627,"他日用間,是理㑹甚事?想每日講論甚熟。",N
Z024629,"如堯、舜、禹,却只是就事上理㑹,及到舉大事,却提起那本領處說。",N
Z024632,"問顔淵問為邦曰:""顔子於道理上不消說,只恐他這制度,尚有欠闕,故夫子只與說這箇。",N
Z024651,"/得㸔問為邦,而孔子便以四代禮樂告之,想是所謂)(夏時商輅,周冕韶舞當博/我以文之時,都理㑹得了)",N
Z024686,"問:""義以為質,至信以成之章,如孔子之對陽貨、孟子之不與王驩言,莫全得此理否?""曰:""然。",C
Z024726,"兩人相推,這人做不是,却推說不干我事,是那人做得如此,那人做不是,推說不干我事,是他做得如此,便不是相為底道理。",N
Z024787,"君臣、父子、兄弟、夫婦、朋友,古今所共底道理,須是知知仁守勇決。",N
Z024794,"孔子一生貧賤是事,都去理㑹過来。",N
Z024796,"但不如孔子,於事理,又周匝詳盡。",N
Z024799,"""思是硬要自去做底,學是依這本子去做,便要小著心,隨順箇事理去做,而今人都是硬去做要必得,所以更做不成。",N
Z024849,"曰:""却如何說可不可字義理?且看他本文,正意是如何說?今不合,先以一說,横著胸中,便看不見。",N
Z024858,"蓋見得道理是如此,便須只恁地做,所謂知斯二者弗去是也。",N
Z024887,"只是去理會禮樂,理會得時,自是有益。",N
Z024921,"是理㑹得道理,便謹去做不敢違,便是畏之也。",N
Z024929,天命即是天理。,C
Z024930,"若不先知這道理,自是懵然,何由知其可畏?此小人所以無忌憚。",N
Z024933,"""問:""知有淺深,大抵纔知些道理,到得做事有少差錯,心也便惕然,這便見得不容於不畏。",N
Z024942,"所以未能真知者,縁於道理上,只就外面,理㑹得許多,裏面,却未理㑹得十分瑩浄,所以有此一㸃黑。",N
Z024943,"這不是外面理㑹不得,只是裏面骨子,有些見未破。",N
Z024945,"又須就自家裏面理㑹體驗,教十分精切也。",N
Z024951,"有物必有,則只一箇物,自各家有箇道理。",C
Z024952,"况耳目之聰明,得之於天,本来自合如此,只為私欲蔽惑而失其理。",C
Z024953,"聖人教人,不是理㑹一件,其餘自㑹好。",N
Z024957,"今有人自道心正了,外面任其箕踞無禮,是得不得,亦有人心下己自近正,外面視聴舉止,自大段有病痛,公道如何?視會明,聴會聰,也只是就視聴上理會。",N
Z024960,"到這時節,須便知得有箇義理在所可喜,此物在所不當視,這便是見得道理,便是見得逺,不蔽於眼前近底。",N
Z024992,"公今未見得本意是如何,却將一兩句好言語,裹了一重,没理㑹在裏面,此是讀書之大病。",N
Z024993,"須是且就他本文,逐字剔碎了,見這道理直透過,無些子窒礙。",N
Z024996,"易曉者隱居以求其志,行義以達其道此兩句本自易理會,今引達可行於天下解之,則所引之句,反為難曉。",N
Z025010,"性相近,以氣質言;性善,以理言。",C
Z025026,"蓋習與性成而至於相遠,則固有不移之理。",C
Z025027,"然人性本善,雖至惡之人,一日而能從善,則為一日之善人,夫豈有終不可移之理?當從伊川之說,所謂'雖强戾如商、辛之人,亦有可移之理是也。",C
Z025028,"先生問:""木之前日所說氣質之性,理㑹得未?""對曰:""雖知其說,終是胷中未見得通透。",N
Z025029,"""兼《集註》上智下愚章,先生與程子說未理會得合處曰:""便是莫要只管求其合。",N
Z025038,"因說氣化有不可曉之事,但終未理會得透,不能無疑。",N
Z025048,"""曰:""君子學道,是曉得那已欲立而立人,已欲達而達人,與乾稱父、坤稱母底道理,方能愛人;小人學道,不過曉得孝弟忠信而已,故易使也。",N
Z025080,"""或曰:""若以義理㸔太宗,更無三兩分人。",N
Z025088,"問:""公山弗擾果能用夫子,夫子果徃從之,亦不過勸得他改過自新,舎逆從順而已,亦如何能興得周道?""曰:""便是理會不得。",N
Z025107,"伯豐問:""夫子欲從公山之召而曰:'如有用我者,吾其為東周乎如何?""曰:""理㑹不得,便是不可測度處。",N
Z025124,"""曰:""如元祐諸臣愛說一般道理相似。",N
Z025148,"道之不行,已知之矣,若就""道之不行,已知之矣上㸔,恰似一向没理會,明知不可以行道,且漫去做㸔,這便不得。",N
Z025157,"聖人待得重理會過一番,他許多不好,又只在所以終於不可去。",N
Z025165,"而公常心自不足,謂此人實有贓,而我不以誠告,其違溫公教乎?後因讀《楊子避礙通》諸理,始悟那處有礙,合避以通之。",N
Z025166,"若只好信不好學,固守不妄語之說,直說那人有贓,其人因此得罪,豈不是傷害於物?""(李謂亦有自賊之理。",N
Z025199,"義剛云:""去冬請問鄉愿,比老子如何?'䝉賜教謂:'老子害倫理,鄉原却只是箇無見識底人。",N
Z025203,"無見識,不顧理之是非,一味謾人。",C
Z025228,"問:""范氏謂:'天下之理,正而勝者常少,不正而勝者常多曰:""此當以時運言之。",C
Z025241,"問鑽燧改火直卿曰:""若不理㑹細碎,便無以盡精微之義,若一向細碎去,又無以致廣大之理。",C
Z025268,"蓋果敢而不窒,則所為之事,必當於理;窒而不果敢,則於理雖不通,然亦未敢輕為。",C
Z025276,"問:""或去或奴、或諫不同,如何同歸於仁?""曰:""三子皆詣其至理,故謂之仁。",C
Z025304,"來比並說般來,愈多愈理㑹不得,少間便撰出新竒說話,來說將去,元不是真實道理,最不要如此。",N
Z025407,"須是既下工夫,又下工夫,已理㑹又理㑹。",N
Z025408,"若只理㑹得三二分,便謂只消恁地也得。",N
Z025415,"盖義理無窮,心體有限。",C
Z025416,"信道篤,如何得他信得篤?須是你自去理㑹始得,而今人固有與他說他信不篤者,須要你自信始得。",N
Z025433,"若有理會得者,其致治又當如何?",N
Z025439,"温故知新,是温故之中而得新底道理。",N
Z025448,"""曰:""此全未是說仁處,方是尋討箇求仁門路,當從此去,漸見效在其中,謂有此理耳。",C
Z025454,"然人能博學而篤志,切問而近思,則心不放逸,天理可存。",C
Z025456,"""○節録/云:""心存理得)。",C
Z025496,"如這一件事,理會得透了,又因這件事推去,做那一件事,知得亦是恁地。",N
Z025504,"不然,只要一日便到,如何得?如讀書,讀第一段了,便到第二段,第二段了,便到第三段,只管挨將去,次第都能理會得。",N
Z025505,"若開卷,便要躐一過,如何得直卿問:""是理㑹得孝,便推去,理㑹得弟否?""曰:""只是傍易曉底挨將去。",N
Z025506,"如理㑹得親親,便推類去仁民,仁民是親親之類,理㑹得仁民,便推類去愛物,愛物是仁民之類。",N
Z025512,"(《㝢録》云:""不㑹問底人,先去節目/處理㑹,枉費了工夫,這箇堅又)問:""博學與《近思》,亦不相妨否?""曰:""博學是都要理㑹過近思》是注心著力處博學是箇大規模近思》是漸進工夫。",N
Z025515,"(《㝢録》云:""格物正心/脩身齊家等循次)(序都著學豈可道是理㑹得一件?其他皆不去理會/?然亦須理會一件了,又去理會一件。",N
Z025517,"""問:""篤志未說到行處否?""曰:""篤志只是至誠懇切以求之,不是理㑹不得,又掉了。",N
Z025572,"只是要他行矣而著,習矣而察,自理會得,須是匡之直之、輔之翼之,使自得之,然後從而振德之。",N
Z025590,"其曰""理無小大,無乎不在,本末精粗,皆要從頭做去,不可揀擇,此所以為教人有序也,非是謂洒掃應對,便是精義入神,更不用做其他事也。",C
Z025591,"亞夫問:""伊川云:'洒掃應對,便是形而上者,理無大小故也。",C
Z025593,"'又曰:""聖人之道,更無精粗,從洒掃應對與精義入神,貫通只一理。",N
Z025594,"雖洒掃應對,只㸔所以然如何?""曰:""某向來費無限思量,理會此段不得。",N
Z025602,"所謂洒掃應對與精義入神貫通只一理,雖洒掃應對,只㸔所以然如何?此言洒掃應對與精義入神,是一様道理,洒掃應對,必有所以然;精義入神,亦必有所以然。",N
Z025605,"但聖人事,是甚麽様子?""曰:""如云:'下學而上達當其下學時,便上達,天理是也。",C
Z025606,"齊卿問:""程子,故君子只在謹獨,何也?""曰:""事有小大,理却無小大,合當理會處,便用與他理會,故君子只在謹獨,不問大事、小事,精粗巨細,盡用照管,盡用理㑹。",N
Z025607,"不可說箇是粗底事不理會,只理會那精底。",N
Z025611,"然道理都一般,須是從粗底小底理會起,方漸而至於精者大者,所以明道曰:""君子教人有序,先傳以近者小者,而後教以大者逺者,非先傳以近小,而後不教以逺大也。",N
Z025615,"""曰:""須是就事上理㑹道理。",N
Z025617,"不可說這箇是末,不足理會,只理會那本,這便不得。",N
Z025620,"事有大小,而理無大小。",C
Z025621,"(《池録》作精/,粗下同)事有大小,故其教有等,而不可躐;理無大小,故隨所處而皆不可不盡。",C
Z025624,"理無大小,故君子只在謹獨。",C
Z025626,"盖不能謹獨,只管理會大處小小底事,但照管不到。",N
Z025628,"大處小處都是理,小處不到理,便不周匝。",C
Z025629,"問:""洒掃應對,即是精義入神之理,此句如何?""曰:""皆是此理。",C
Z025630,"其為上下,大小不同,而其理則一也。",C
Z025631,"""問:""莫只是盡此心而推之,自小以至大否?""曰:""謝顯道却説要著心,此自是説理之大小不同,未可以心言也。",C
Z025632,"洒掃應對是此理,而其精義入神,亦是此理。",C
Z025636,"""因問""洒掃應對是其然,必有所以然者,如何?""曰:""所以然者,亦只是理也。",C
Z025647,至於所以然則理也。,C
Z025648,"理無精粗,本末皆是一貫。",C
Z025653,"""曰:""這是説洒掃應對,也是這道理。",N
Z025654,"若要精義入神,須是從這裏理會將去。",N
Z025655,"如公說則似理會了洒掃應對了,又須是去理會精義入神,却不得。",N
Z025658,"伊川與上蔡說,須先理會得子夏意,方㸔得。",N
Z025660,"但借彼明此,洒掃應對,即無聲無臭之理也。",C
Z025662,"在理固無本末精粗,而事須有本末精粗否?""曰:""是。",C
Z025665,"(《文蔚録》云:""思量此章,理㑹不得,横解/䜿解,更解不行,又被杜鵑叫不住聲。",N
Z025668,"泳續檢/尋集注》,此章乃是程子)(諸説多是明精粗本末,分雖殊而理則一,似若無本/末,無小大。",C
Z025717,"七十子之徒,幾人入得?譬如與兩人説話,一人理會得,一人理會不得。",N
Z025729,"林恭甫問論語》記門人問答之辭,而堯曰:'一篇乃記堯、舜、湯、武許多事,何也?""曰:""不消恁地理㑹文字。",N
Z025731,"'先儒亦只是如此説,然道理𦂳要,却不在這裏。",N
Z025738,"曰:""於問政及之,何也?""曰:""治己治人,其理一也。",C
Z025778,"正淳問:""仁者,心之徳,愛之理;義者,心之制、事之宜。",C
Z025779,"徳與理,俱以體言;制與冝,俱以用言否?""曰:""心之徳,是渾淪説,愛之理,方説到親切處,心之制,却是説義之體,程子所謂處物為義是也。",C
Z025783,"""又云:'大概説道理,只渾淪説,又使人無捉摸處。",N
Z025787,"知言説理,是要親切,所以多病。",N
Z025788,"或問:""心之徳、愛之理,以體言;心之制、事之冝,以用言。",C
Z025797,"程子説'仁者,天下之公,善之本也固是好,然説得太渾淪,只恐人理㑹不得。",N
Z025802,"""因言漢、唐諸人説義理,只與説夢相似,至程先生兄弟,方始説得分眀。",N
Z025807,"至問心之徳,是就專言之統體上説;愛之理,是就偏言之一體上説。",C
Z025813,"""又舉伊川曰:""在物為理,處物為義。",C
Z025820,"所謂事之宜,方是指那事物當然之理,未説到䖏置合冝䖏也。",C
Z025836,"""夫誰與王敵?非不用兵也,特其用兵,不若當時戰國之無義理耳。",N
Z025852,"却不知天下事,有難䖏䖏,須着有箇巧底道理始得。",N
Z025861,"此心本然,萬理皆具。",C
Z025912,"""曰:""也不特是見得利害眀,道理自合恁地。",N
Z025913,"小之事大,弱之事强,皆是道理合恁地。",N
Z025936,"問:""何以别近思》云:""賊仁是害心之理,賊義是見於所行處,傷其理。",C
Z025939,"然此果何以别?盖賊之罪重,殘之罪輕,仁義皆是心,仁是天理根本處。",C
Z025944,"""曰:""賊仁,便是将三綱五常、天叙之典、天秩之理,一齊壊了。",C
Z025947,"問賊仁是絶滅天理,賊義是傷敗彛倫。",C
Z025973,"後人把文王説得忒恁地,却做一箇道行㸔着,不做聲,不做氣,如此形容,文王都没情理。",N
Z026032,"且須逐項理㑹,理㑹這一項時,全不知有那一項始得。",N
Z026034,"這裏一字理㑹未得,且理㑹這一字,一句理㑹未得,且理㑹這一句。",N
Z026082,"不得於言,只是不曉這説話,言只似道理字。",N
Z026088,"惟失之扵心,則就心上整理,不復更求於氣。",N
Z026102,"盖知言,只是知理。",N
Z026129,"林問不得於言,勿求於心曰:""此章文義,節節相承,須逐節次第理㑹。",N
Z026131,"""又問:""浩然之氣,便是《西銘》意思否?""曰:""考論文義,且只據所讀本文,逐句逐字理㑹教分眀,不須旁引外説,枝蔓㳺衍,反為無益。",N
Z026132,"如論浩然之氣,便直㸔公孫丑所問意思如何,孟子所答如何,一徑理㑹去,使當時問答之意,一一眀白了,然後却更理㑹四旁餘意未晚。",N
Z026143,"""又問性善之論與浩然之氣如何?""曰:""性善自是性善,何與於此?方理㑹浩然之氣,未有一些涯際,又却説性善,又如適来《西銘》之問也。",N
Z026208,"然此理既熟,自是放出,但未䏻得如此耳。",A
Z026225,"知言,知理也。",C
Z026249,"此是告子聞他人之言,不得其義理。",C
Z026254,"若非燭理洞徹,胷次坦然,即酬酢應對,蹉失多矣。",N
Z026263,"有問知言,先生曰:""言之所發,便是道理,人只将做言㸔,做外面㸔。",N
Z026286,"孔子曰:'不得中行而與之,必也狂狷乎㸔来這道理,須是剛硬立得脚住,方能有所成。",N
Z026288,"此諸聖賢,都是如此,剛果決烈,方䏻傳得這箇道理。",N
Z026305,"""又問:""與血氣如何?""曰:""只是一氣,義理附于其中,則為浩然之氣。",B
Z026312,"如所謂惻隠之心,人皆有之,只是理如此。",C
Z026320,"如彼以其富,我以吾仁;彼以其爵,我以吾義,吾何慊乎㦲?如在彼者,皆我所不為也,在我者皆古之制也,吾何畏彼哉?自家有道理,對着他沒道理,何畏之有?",N
Z026326,"氣與道義,只是一滚發出来,思之,一滚發出来,説得道理好。",N
Z026329,"道義與氣,只是一滚發出来思之/一滚發出来,説得道理好。",N
Z026409,"大抵某之解經,只是順聖賢語意,㸔其血脉通貫䖏,為之解釋,不敢自以己意説道理也。",N
Z026469,"問:""眀道以以直養而無害為句,伊川云:'先兄無此説何也?""曰:""㸔那一段意思,眀道説得似乎有理。",N
Z026482,"遁辭則是説得窮後,其理既屈,自知去不得,便别換一箇話頭。",C
Z026487,"""因云孟子是甚麽底資質,甚麽底力量?却纎悉委曲,都去理㑹,直是要這道理無些子虧欠。",N
Z026528,"有一様人,未必識道理,然事事敢做,是他氣大。",N
Z026581,"但説得不甚分眀,今以為期待之意,則文理不重複。",N
Z026592,"配義與道,道是體,一事有一理是體,到隨事區處,便是義。",C
Z026594,"""程子曰:'在物為理,處物為義。",C
Z026595,"'道則是物我公共自然之理,義則吾心之䏻斷制者所用以處此理者也。",C
Z026608,"世之理直而不䏻自眀者,正為無其氣耳。",B
Z026615,"義者,人心節制之用;道者,人事當然之理,餒不飽也。",C
Z026660,"才事事合道理,便仰不愧俯不怍。",N
Z026677,"或問:""人有生之初,理與氣本俱有,後来欲動情流,既失其理,而遂䘮其氣。",C
Z026697,"如講究書中道理,便也要見得安穏。",N
Z026698,"""曰:""此又是窮理,不是集義集義》是行底工夫,只是事事都要合義。",N
Z026699,"窮理則在知言之前,窮理是做知言工夫,䏻窮理然後䏻知言。",N
Z026701,"知言則義精而理眀,所以䏻養浩然之氣。",C
Z026706,"告子不得於言,勿求於心,不得扵心,勿求於氣,只是一味勃然,不顧義理。",N
Z026709,"如孟子自是沉潛積養,自反而縮,只是理㑹得道理是當。",N
Z026715,"讀書理㑹義理,須是勇猛徑直理㑹将去。",N
Z026734,"襲,猶兵家掩襲之襲,出其不意,如刼寨相似,非順理而行,有積集工夫者也。",N
Z026770,"""曰:""告子直是将義屛除去,只就心上理㑹。",N
Z026771,"""因説陸子静云:'讀書講求義理,正是告子義外工夫。",N
Z026773,"如子静不讀書,不求義理,只静坐澄心,却似告子外義。",N
Z026780,"如主敬也,須是把做事去主;如求放心也,須是把做事去求;如窮理也,須是把做事去窮。",N
Z026799,"""曰:""如此觧,則於用工䖏,儘有條理。",N
Z026800,"""曰:""聖賢之言,條理精宻,徃徃如此。",N
Z026853,"若告子則更不理㑹言之得失、事之是非、氣之有平不平,只是硬制壓那心使不動,恰如説打硬修行一般。",N
Z026866,"""又曰:'孔子與顔淵,用之則行,舎之則藏,惟我與爾有是夫,這有是夫,言我有這箇道理在,不是言有用舎行藏也。",N
Z026876,"大凡觀書,従東頭直築着西頭,南頭築着北頭,七穿八透,皆是一理,方是貫通。",C
Z026898,"必有事焉,是才舉這事,理,便在裏了,如説話未斷,理便在此了。",C
Z026918,"此理本平正,他只説得一邊,那一邊㸔不見,便是如物蔽了字,凡從皮,皆是一邊意。",C
Z026925,"知言是㡬多工夫,何故只説此四字?盖天地之理,不過是與非而已。",C
Z026944,"如釋氏論理,其初既偏,反復譬喻,其辭非不廣矣。",N
Z026977,"遁則多討物理,前来遮盖。",N
Z027119,"""又曰:""人物皆得此理,只縁他上面一箇母子如此,所以生物無不肖他。",C
Z027138,"人首圎象天,足方象地,中間虛包許多生氣,自是惻隠,不是為見人我一理後,方有此惻隠,而今便教單獨,只有一箇人,也自有這惻隠。",C
Z027139,"若謂見人我一理而後有之,便是兩人相夹在這裏,方有惻隠,則是仁在外,非由内也。",C
Z027151,"問:""惡其聲而然,何為不可?""曰:""惡其聲,已是有些計較,乍見而惻隠,天理之所發見,而無所計較也。",A
Z027153,"人欲隠於天理之中,其㡬甚微,學者所冝體察。",C
Z027194,"論着理来,他自是在那裏。",C
Z027197,"君也只在那裏,然而他靠不得,不可道是天理只在那裏,自家這私欲,放行不妨。",C
Z027204,"然此理也在這裏,若来時,便以此處之。",C
Z027227,"且言有此理,至惻隠、羞惡、辭遜、是非,始謂之心。",C
Z027266,"惻隠、羞惡,是仁義之端,惻隠自是情,仁自是性,性即是這道理。",C
Z027267,"仁本難説,中間却是愛之理,發出来,方有惻隠;義却是羞惡之理,發出来,方有羞惡;禮却是辭讓之理,發出来,方有辭讓;智却是是非之理,發出来,方有是非。",A
Z027268,"仁義禮智,是未發底道理,惻隠、羞惡、辭讓、是非,是已發底端倪。",C
Z027278,"""又曰:""惻隠、羞惡,多是因逆其理而見。",C
Z027312,"如事親孝,是愛之理,才孝便䏻敬兄便是義。",C
Z027332,"須是本源有方,發得出来,着實見得,皆是當為底道理,又不是外面事。",C
Z027429,"問體認四端擴充之意,如朋友相親,充之而無間斷,則貧病必相䘏,患難必相死,至於仁民愛物,莫不皆然,則仁之理得矣。",C
Z027430,"如朋友責善,充之而無間斷,則見惡必如惡惡臭,以至於除殘去穢、戢暴禁亂,莫不皆然,則義之理得矣。",C
Z027431,"如尊卑秩序,充之而無間斷,則不肯一時安於不正,以至於正天下之大倫,定天下之大分,莫不皆然,則禮之理得矣。",C
Z027432,"如是是非非,充之而無間斷,則善惡、義利、公私之别,截然而不可亂,以至於分别忠佞、親君子、逺小人,莫不皆然,則智之理得矣。",C
Z027467,"""曰:""其中真箇有此理。",C
Z027487,"天地生生之理,這些動意,未甞止息,㸔如何梏亡?亦未甞盡消滅,自是有時而動,學者只怕間斷了。",A
Z027568,"夫豈不義而曾子言之,文勢似使管子而愚人也則可,若是義理不是,則曾子豈肯恁地説?",N
Z027629,須㸔因何理㑹箇性善作甚底?,N
Z027634,"今扵義理,須是見得了,自然循理,有不得不然。",C
Z027659,"他人事,初無預於己,若要㸔得自己日用工夫,惟程子所謂""天下之理,原其所自,未有不善。",C
Z027705,"盖他心量不及聖人之大,故扵天下事,有包括不盡䖏天下道理儘無窮,人要去做,又做不辦,極力做得一兩件,又困了。",N
Z027712,"先王疆理天下之初,做許多畎溝、澮洫之類,大段費人力了。",N
Z027713,"若自五十而增為七十,自七十而增為百畝,則田間許多疆理,都合更改,恐無是理。",N
Z027748,"如此則是将那小底移動,添封為大國,豈有此理?禹塗山之㑹,執玉帛者萬國。",N
Z027782,"然把愛人之心,推来愛親,是甚道理?""",N
Z027814,"到得自家立身,更無些子不當於理,這便是立天下之正位,便是守禮。",N
Z027860,"充類至義之盡辭曰:'聞戒餽贐,可受則受之皆無一毫過不及,無一毫私意曰:""道理固是恁地,而今有此事到面前,這道理又却那裏安頓",N
Z027870,"問:""孔子作《春秋》,空言無補,亂臣賊子何縁便懼?且何足為《春秋》之一治?""曰:""非説當時便一治,只是存得箇治法,使這道理光眀燦爛,有能舉而行之,為治不難。",N
Z027882,"此等義,何難曉?""問讀《春秋》之法?""曰:""無它法,只是據經所書之事迹,準折之以先王之道,某是某非,某人是底,猶有未是䖏不是底,又有彼善於此䖏,自将道理折衷,便見如㸔史記》秦之所以失如何,漢之所以得如何?楚、漢交爭,楚何以亡,漢何以興?其所以為是非得失、成敗盛衰者,何故?只将自家平日講眀底道理,去折衷㸔,便見㸔春秋》亦如此,只是聖人言語細宻,要人子細斟量考索耳。",N
Z027884,"蘇子由教人㸔《左傳》,不過只是㸔它事之本末,而以義理折衷去取之耳。",N
Z027899,"因居之㸔好辯一章曰:""墨氏愛無差等,故視其父如路人,楊氏只理㑹自己所謂修其身而外天下國家者,故至於無君。",N
Z027900,"要之楊、墨即是逆理,不循理耳。",N
Z027901,"如一株木,順生向上去,是順理,今一枝乃逆下生来,是逆理也。",N
Z027902,"如水本潤下,今洪水乃横流,是逆理也。",N
Z027904,"暴君壊宫室以為汚池,棄田以為園囿,民有屋可居,有地可種桑麻,今乃壊而棄之,是逆理也。",N
Z027905,"湯、武之舉,乃是順理。",N
Z027906,"如楊、墨逆理,無父無君,邪説誣民,仁義充塞,便至於率獸食人,人相食。",N
Z027907,"此孟子極力闢之,亦只是順理而已。",N
Z027912,"然使人皆如此潔身而自為,則天下事,教誰理㑹?此便是無君也。",N
Z027928,"楊氏自是箇退歩愛身,不理㑹事底人,墨氏兼愛,又弄得没合殺,使天下倀倀然必至於大亂而後已,非率獸食人而何?如東晉之尚清談,此便是楊氏之學。",N
Z027932,"他初間也,何甞有夷狄亂華,率獸食人之意?只是本原不正,義理不眀,其終必至於是耳。",N
Z027944,"今人心都不正了,如何可以理㑹?",N
Z027948,"此理只要人信得及,自然依那箇行,不敢逾越。",C
Z027951,"因歎曰:""㸔得道理熟,見世間事,才是苟且底,鮮有不害事。",N
Z027956,"如今人所以苟且者,只為見理不眀,故苟且之心多。",C
Z027983,"問責難於君,謂之恭,陳善閉邪,謂之敬曰:""恭是就人君分上理㑹,把他做箇大底人㸔,致恭之謂也。",N
Z028016,大家做箇鶻突没理㑹底人。,N
Z028019,"恁地得不得,還有這道理否?""又曰:""張子韶説《中庸》所求乎子以事父,未䏻也。",N
Z028021,"某㸔見人多因章句,㸔不成句,却壊了道理。",N
Z028025,"雖然,聖人之責人也輕,如所謂以人治人,改而止,教他且存得這道理也得;小人革面,教他且革面也得,又不成,只恁地也須有漸。",N
Z028030,"鄭問:""小役大,弱役强,亦曰天何也?""曰:""到那時,不得不然,亦是理當如此。",N
Z028041,"自暴,是非毁道理底;自棄,是自放棄底。",N
Z028057,"不知這道理是人人合有底,他自恁地非議,是他自害了這道理。",N
Z028059,"自人身言之,則有動靜,自理言之,則是仁義。",C
Z028065,"在誠者都是實理了,思誠者,恐有不實䖏,便思去實它。",C
Z028071,"此是以實理見之於用,故便有感通底道理。",C
Z028072,"""曰:""不是以實理去見之於用,只是既有其實,便自䏻感動得人也。",C
Z028093,"然亦須有箇開導底道理,不但黙黙而已。",N
Z028094,"伊川解遇主于巷所謂至誠以感動之,盡力以扶持之,眀義理以致其知,杜蔽惑以誠其意,正此意也。",N
Z028098,"凡此皆是雖有格君之理,而終不可以致格君之效者也。",C
Z028100,"要之有此理(在)(我而在人/者,不可必)",U
Z028116,"甞與伯恭説實字有對名而言者,謂名實之實;有對理而言者,謂事實之實;有對華而言者,謂華實之實。",N
Z028131,"但事親從兄,是仁義之根,實䖏最初發得来分曉,向亦曾理㑹此實字,却對得一箇華字。",N
Z028138,"""問:""伊川以為:'須自一理中,别出此意如何?""曰:""只是一箇道理發出来,偏於愛底些子,便是仁;偏於嚴底些子,便是義。",A
Z028143,"雖小兒子,莫不愛父母,到長大,方理㑹得從兄。",N
Z028145,"問孟子》言義之實,從兄是也中庸》却言義者,冝也,尊賢為大,甚不同,如何?""曰:""義謂得冝,尊賢之等,道理冝如此。",C
Z028151,"且理㑹一處上義理,教通透了,方可别㸔。",N
Z028152,"如今理㑹一處未得,却又牽一處来滚同説,少間愈無理㑹䖏聖賢説話,各有㫖歸,且與他就逐句逐字上,理㑹去。",N
Z028153,"問:""性中雖具四端五常,其實只是一理。",C
Z028155,"盖仁者,愛之理,愛之得其當則義也。",C
Z028177,"孩提知愛其親,如今自失了愛其親意思;及其長也,知敬其兄,如今自失了敬其兄意思,須着理㑹孟子所以説""大人者,不失其赤子之心,須要常常恁地要之,須是知得這二者,使常常見這意思方㑹。",N
Z028236,"凡所謂聖者,以其渾然天理,無一毫私意。",C
Z028305,"資之深,則凡動静語黙,一事一物,無非是理。",C
Z028366,"若是平日講貫得不詳悉,及至臨事,只覺得千頭萬緒,更理㑹不下。",N
Z028369,"公説約䖏却是通貫了,又别去尋討箇約,豈有此理?伊川説《格物䖏云:'但積累多後,自然脱然有貫通䖏,積累多後,便是學之博,脱然有貫通䖏,便是約。",N
Z028370,"""楊楫通老問:""世間博學之人非不博,却又不知箇約處者,何故?""曰:""他合下博得来,便不是了,如何㑹約?他更不窮究這道理是如何,都見不透徹,只是搜求隠僻之事,鈎摘竒異之説,以為博如此,豈能得約?今世博學之士,大率類此。",N
Z028371,"不讀正當底書,不㸔正當注䟽,偏揀人所不讀底去讀,欲乗人之所不知以誇人,不問義理如何,只認前人所未説、今人所未道者,則取之以為博如此,如何望到約䖏?""又曰:""某甞不喜揚子雲,多聞則守之以約,多見則守之以卓。",N
Z028379,"敬之問:""人之所以異扵禽獸者,㡬希?""曰:""人與萬物,都一般者,理也,所以不同者,心也。",C
Z028384,"就大本論之,其理則一,纔稟於氣,便有不同。",C
Z028387,"""(賀孫○時/舉録》云人)(物之所同者,理也,所不同者心也。",C
Z028420,"明察是見得事事物物之理,無一毫之未盡。",C
Z028467,"若更加之思焉,則私意起,而非義理之本然。",C
Z028497,"惟智者知得此理,不假人為,順之而行。",C
Z028511,"問:""既云於發䖏見伊川云:'孟子説性,乃拔本塞源之理,莫因發以見其原曰:""然。",C
Z028514,"許多惻隱羞惡,自是順出来,其理自是如此。",C
Z028548,逆理者如何行得?便是鑿也?鑿則非其本然之理。,C
Z028605,"黄先之説舜事親處,見得聖人所以孝其親者,全然都是天理,略無一毫人欲之私。",C
Z028607,"""曰:""聖人一身,渾然天理,故極天下之至樂,不足以動其事親之心;極天下之至苦,不足以害其事親之心。",C
Z028614,"象為弟,日以殺舜為事,若是别人如何?也須與他理㑹,也須喫不過。",N
Z028617,所以《大學》只要窮理。,N
Z028625,"又須是恁地勉強,到《大學》工夫,方知箇天理當然之則。",C
Z028635,"此天理人倫之至,其用心一也。",C
Z028653,"自家虚心在這裏,看他書,道理如何来?自家便迎接将来,而今人讀書,都是去捉他,不是逆志。",N
Z028661,"""文蔚問""得之不得曰:""有命是所賦之分;天命之謂性,是所賦之理。",C
Z028719,"理不外物,若以物便為道則不可。",C
Z028724,"物只是物,所以為物之理,乃道也。",C
Z028732,"先知者,因事而知;先覺者,因理而覺。",C
Z028735,"今人知得此事,講解得這箇道理,皆知之之事。",N
Z028739,"道夫問覺曰:""程子云:'知是知此事,覺是覺此理。",N
Z028748,"""某問:""既是如此,何以為聖人之清和?""曰:""却是天理中流出無駁雜。",A
Z028768,"盖天下有萬世不易之常理,又有權一時之變者。",C
Z028769,"如君君臣臣、父父子子,此常理也。",C
Z028771,然畢竟還那常理底是。,C
Z028791,"然此處極難看,且放那裏,乆之看道理熟,自見强説不得。",N
Z028809,"""問:""始終條理,如所謂""始作,翕如也,皦如也,繹如也以成之類否?""言八音克諧,不相奪倫,各有條理脉絡也。",N
Z028811,"條理脉絡,如一把草,従中縳之,上截為始條理,下截為終條理。",N
Z028812,"若上截少一莖,則下截亦少一莖,上截不少,則下截亦不少,此之謂始終條理。",N
Z028813,"""又問""始條理者,智之事;終條理者,聖之事。",N
Z028815,"三子所以各極於一偏,縁他合下少却致知工夫,看得道理有偏,故其終之成也,亦各至於一偏之極。",N
Z028816,"孔子合下盡得致知工夫,看得道理周徧精切,無所不盡,故其徳之成也,亦兼該畢備,而無一徳一行之或闕。",N
Z028823,"所謂始終條理""者集注》謂""條理猶言脉絡,莫是猶一條路相似。",N
Z028824,"初間下歩時,纔差便行得,雖力,終乆是差否?""曰:""始條理,猶箇絲線頭相似,孔子是挈得箇絲頭,故許多條絲,都在這裏。",N
Z028832,"問金聲玉振,舊説三子之偏,在其初,不曽理㑹得許多洪纎髙下,而遽以玉振之。",N
Z028837,"所以偏處,亦只是有些私意,却是一種義理上私意。",N
Z028838,"見得這清和,任是箇好道理,只管主張這一邉重了,亦是私意。",N
Z028854,或問始終條理章曰集義》一段便緊要。,N
Z028855,"如這一段,未理㑹也未害。",N
Z028860,"問始終條理曰:""條理、條目,件項也。",N
Z028861,"始終條理,夲是一件事,但是上一截為始,下一截為終,始是知,終是行。",N
Z028862,"始條理是致知,終條理是力行。",N
Z028863,"如《中庸》説博學審問、慎思明辨與《大學》物格知至,這是始條理;如篤行與誠意、正心、脩身以下,這是終條理。",N
Z028865,"且如今有一等資質好底人,忠信篤實,却於道理上,未甚通曉。",N
Z028866,"又有一様資質淺薄底人,却自㑹曉得道理。",N
Z028882,"而尹和靖乃曰""始條理者,猶可以用智,終條理則智不容於其間矣則是以聖智淺深而言,與孟子之意似相戾。",N
Z028884,"盖知之至,行之必至,三子之智,始焉知之未盡,故其後行之,雖各極其至,終未免各失於一偏,非終條理者未到,以其始條理者,已差之矣。",N
Z028894,"孟子之時,典籍已散亡,想見沒理㑹。",N
Z028977,"孟子辯告子數處,皆是辯倒着,告子便休,不曾説盡道理。",N
Z028983,"生之謂氣,生之理謂性。",C
Z028984,"性,孟子所言理,告子所言氣。",C
Z028988,"若説理之謂性則可,然理之在人在物,亦不可做一等説。",C
Z028999,"犬牛,人謂其得於天者,未嘗不同,惟人得是理之全,至於物止得其偏。",C
Z029002,"又曰:""所以謂性即理便見得惟人得是理之全,物得是理之偏。",C
Z029003,"告子止把生為性,更不説及理。",C
Z029004,"孟子却以理言性,所以見人物之辨。",C
Z029008,如物則氣昏而理亦昏了。,C
Z029009,"""或問:""如螻蟻之有君臣,橋梓之有父子,此亦是理?""曰:""他只有這些子,不似人具得全。",C
Z029030,"須是子細與㸔梳理,教有條理。",N
Z029034,何者為是?即道理易見也。,N
Z029036,"非特當時告子未必服,後世亦未能便理㑹得孟子意也。",N
Z029062,"若不因講問商量,何縁㑹自從裏面發出其説?乃與佛氏不得擬議,不得思量,直下便是之説相似,此大害理。",C
Z029137,"但理與氣,分為兩路。",C
Z029139,"""道夫曰:""理純而氣則雜。",C
Z029141,"理精一故純,氣粗故雜。",C
Z029222,"性只是理,氣則已屬於形象。",C
Z029235,伊川性即理也。,C
Z029237,"伊川""性即理也四字,攧撲不破,實自已上見得出來。",C
Z029266,"性自是性,氣自是氣,如何不可分作兩段説?他所以説不備不明,須是兩邊都説,理方明備,故云二之則不是二之者,正指上兩句也。",C
Z029269,"""曰:""那箇又是説性便在氣禀上,禀得此氣理,便搭附在上面,故云性即氣,氣即性。",B
Z029275,"""又曰:""須是去分别得他,同中有異,異中有同,始得其初那理未嘗不同,才落到氣上,便只是那麄處相同。",C
Z029299,"心之所同然者,謂理也義也孟子》此章,自""富嵗子弟多賴""之下,逐漸譬喻至此。",C
Z029302,"盖自口之同嗜、耳之同聼而言,謂人心豈無同以為然者?只是理義而已。",C
Z029325,"器之問理義,人心之同然,以顔子之樂見悦意,曰:""不要髙看,只就眼前看,便都是義理,都是衆人公共物事。",N
Z029329,"這只縁人心都有這箇義理,都好善,都惡不善。",N
Z029346,"老蘓們只就孟子學作文,不理㑹他道理,然其文亦實是好。",N
Z029378,"今只要得去這好惡上理㑹,日用間於這上見得分曉,有得力處。",N
Z029380,只是去旦晝理㑹。,N
Z029382,"這裏有工夫,日間進得一分道理,夜氣便添得一分;到第二日,更進得一分道理,夜氣便添得二分。",N
Z029383,"第三日更進得一分道理,夜氣便添得三分。",N
Z029397,"器逺問:""平旦之氣,縁氣弱,易為事物所勝,如何?""曰:""這也别無道理,只是漸漸捱將去,自有力。",N
Z029399,"如這箇只有箇進歩捱將去底道理,這只是有這一義。",N
Z029485,"天地生生之理,本自不息,惟旦晝之所為,有所梏亡。",A
Z029497,"又云:""氣與理本相依,旦晝之所為,不害其理,則夜氣之所養益厚,夜之所息,既有助於理,則旦晝之所為,益無不當矣。",C
Z029502,"又得夜氣澄静以存養之,故平旦氣清時,其好惡亦得其同然之理,旦晝之所為,有梏亡之矣。",C
Z029515,"然孟子此説,只為常人言之,其實此理,日間亦有發見時,不止夜與平旦。",A
Z029539,"操存者,只是於應事接物之時,事事中理,便是存。",C
Z029572,"只今眼下,便是用功處,何待擬議思量與辨論是非,講究道理不同。",N
Z029592,"所謂窮理,亦止是自此推之,不是從外面去尋討。",N
Z029597,"及臨事,方要窮理,從那裏捉起,惟是平時,常操得存,自然熟了。",N
Z029598,"將這箇去窮理,自是分明事已,此心依前自在。",N
Z029630,"'他原來亦有此心,只是他自失了,今却别是一種心,所以不見義理。",N
Z029648,"孟子恐人理會不得,便説道只人心便是。",N
Z029651,"若此心放了,又更理㑹甚仁?今人之心,静時昏,動時擾亂,便皆是放了。",N
Z029662,"今人只説仁是如何,求仁是如何,待他尋得那道理出來,却不知此心已自失了。",N
Z029682,"然功成後,却應事接物,觀書察理,事事賴他。",N
Z029708,"孟子言""求放心,你今只理㑹這物事,常常在時,私欲自無着處,且須持敬。",N
Z029710,"如理義之心,即良心,切不須收。",N
Z029712,"叔重問:""所謂求放心者,不是但低眉合眼,死守此心而已,要須常使此心,頓放在義理上。",N
Z029714,"""時舉因云:""自來見得此理真無内外,外面有跬歩不合道理,便覺此心慊然。",C
Z029725,"如聖賢一言一語,都是道理。",N
Z029756,"問:""先生向作仁説》,大率以心具愛之理,故謂之仁。",C
Z029781,"惟是常存得實理在這裏,方始見得㡬,方始識得善惡。",C
Z029830,"文字極難理㑹孟子要畧》内,説放心處,又未是。",N
Z029842,"孟子》文義自分曉,只是熟讀,教他道理常在目前胷中流轉始得。",N
Z029845,"然人屑屑理㑹口腹,則必有所失無疑。",N
Z029890,"今忘前失後,心不主宰,被物引將去,致得膠擾,所以窮他理不得。",C
Z029912,"以理言之,則正之勝邪,天理之勝人欲甚易,而邪之勝正,人慾之勝天理,若甚難;以事言之,則正之勝邪,天理之勝人慾甚難,而邪之勝正,人慾之勝天理,却甚易。",C
Z029919,"儒者明經,若通徹了,不用費辭,亦一言兩句,義理便明白。",N
Z029926,正是天理人欲相勝之地。,C
Z029938,"如前夜説讀書,正是要自理㑹。",N
Z029941,"要知工夫,須是自理㑹,不是别人干預得底事。",N
Z029990,"若只要理㑹盡心,不知如何地盡。",N
Z029991,"或問盡心知性曰:""性者,吾心之實理。",C
Z029998,"先知得性之理,然後眀得此心。",C
Z030005,"王徳修問盡心然後知性曰:""以某觀之,性情與心,固是一理。",C
Z030024,"""先生云:""存其心,恰如教授在此方理㑹得每日職業。",N
Z030051,"性即理,理即天。",C
Z030052,"我既知得此理,則所謂盡心者,自是不容己。",C
Z030059,"盡心,就見處説,見理無所不盡,如格物致知之意。",N
Z030062,"説盡心云:""這事理㑹得那事,又理㑹不得,理㑹得東邉,又不理㑹得西邉,只是從来不曾盡這心。",N
Z030065,"須是盡識得許多道理,無些子窒礙,方是盡心。",N
Z030072,"此心夲来虗靈,萬理具備,事事物物,皆所當知。",C
Z030073,"今人多是氣質偏了,又為物欲所蔽,故昏而不能盡知,聖賢所以貴於窮理。",N
Z030074,"""又曰:""萬理雖具於吾心,還使教他知始得。",C
Z030075,"今人有箇心在這裡,只是不曾使他去知許多道理,少間遇事做得一邊,又不知那一邊見得,東遺却西,少間只成私意,皆不能盡道理。",N
Z030076,"盡得此心者,洞然光明,事事物物,無有不合道理。",N
Z030080,"曾子既見得道理,自然便改了。",N
Z030086,"性之理,包在心内,到發時,却是性底出来。",C
Z030091,"盡心如何盡得?不可盡者,心之事,可盡者心之理。",C
Z030092,"理既盡之後,謂如一物,初不曾識,来到面前,便識得此物,盡吾心之理。",C
Z030093,"盡心之理,便是知性知天(去偽。",C
Z030095,"黄敬之問盡心知性曰:""性是吾心之實理,若不知得,却盡箇甚麽?""又問:""知其性則知天矣。",C
Z030134,"""問:""如何是天者理之所從出?""曰:""天便是那太虗。",C
Z030138,"龜山問""學者曰:""人何故有惻隠之心?""學者曰:""出扵自然龜山曰:""安得自然如此?若體䆒此理,知其所從来,則仁之道不逺矣便是此説。",C
Z030151,"然修身以俟一段,全不曾理㑹,所以做底事,皆無頭腦。",N
Z030179,"""又曰:""合虚與氣,有性之名,有這氣,道理便隨在裡面。",C
Z030180,"無此氣,則道理無安頓䖏如水中月,須是有此水,方映得那天上月,若無此水,終無此月也。",B
Z030181,"心之知覺,又是那氣之虚靈底,聪明視聽,作為運用,皆是有這知覺,方運用得這道理。",C
Z030190,"先生問:""合虗與氣有性之名,如何看?""廣云:""虗只是理,有是理,斯有是氣。",C
Z030191,"""曰:""如何説合字?""廣云:""恐是據人物而言曰:'有是物,則有是理與氣,故有性之名。",C
Z030192,"若無是物,則不見理之所寓,由太虗有天之名,只是據理而言,由氣化有道之名。",C
Z030194,"既已成物,則物各有理,故曰合虚與氣,有性之名",C
Z030198,"由太虗有天之名,這全説理;由氣化有道之名,這説着事物上。",C
Z030199,"如率性之謂道,性只是理,率性方見得是道,這説着事物上。",C
Z030201,"虗與氣有性之名,虗字便説理,理與氣合,所以有人。",C
Z030218,"問合虗與氣,有性之名,合性與知覺,有心之名曰:""虗只是説理,横渠之言,大率有未瑩䖏。",N
Z030228,"如吾儒盡心,只是盡君臣父子等心,便見有是理,性即是理也。",C
Z030233,"范謂""窮理者,孟子之所謂盡心也。",N
Z030240,"大抵盡其心,只是窮盡其在心之理耳。",C
Z030242,"范侍講言窮理,却是言盡心以前底事,謝上蔡言充廣得去却言盡心以後事。",N
Z030244,"亦不知未能盡得此心之理,如何便能盡其心,得兼大其心,亦做盡心説不得。",C
Z030250,"問先生盡心説曰:""心者,天理,在人之全體。",C
Z030251,"""又曰:""性者,天理之全體。",C
Z030254,"盡其道而死者,順理而吉者也;桎梏死者,逆理而凶者也。",C
Z030278,"反身而誠孟子之意,主於誠字,言反身而實有此理也。",C
Z030279,"為父而實有慈,為子而實有孝,豈不快活?若反身不誠,是無此理。",C
Z030280,"既無此理,但有恐懼而已,豈得樂哉?",C
Z030281,"反身而誠,見得本具是理,而今亦不曾虧欠了他底。",C
Z030282,"或問:""反身而誠,是要就身上知得許多道理否?""曰:""是。",N
Z030290,"若勉强行恕,拗轉這道理来,便是恕。",N
Z030291,"(所謂勉強者,猶未䏻恕/必待勉強而後能也)所謂恕者也,只是去得私意盡了,這道理便真實備扵我,無欠闕。",N
Z030297,"私意既去,則萬理自無欠闕䖏矣。",C
Z030299,"反身而誠,盖知之已至,而自然循理,所以樂,強恕而行,是知之未至,且恁把捉勉强去,少間到純熟䖏,便是仁。",C
Z030308,"雖是自家元未免有些病痛,今且着事事勉强做去,曰:""未至於反身而誠,樂莫大焉䖏且逐事要推己及人,庶㡬心公理得。",C
Z030320,"且於事上,逐件窮着,凡接物遇事,見得一箇是䖏,積習乆,自然貫通,便真箇見得理。",C
Z030332,"反身而誠,實也,謂實有此理,更無不慊䖏,則仰不愧俯不怍,樂莫大焉。",C
Z030333,"強恕而行,即是推此理以及人也。",C
Z030334,"我誠有此理,在人亦各有此理,能使人有此理,亦如我焉,則近扵仁矣。",C
Z030338,"萬物不是萬物之迹,只是萬物之理,皆俻於我。",C
Z030339,"如萬物莫不有君臣之義,自家這裡也有萬物,莫不有父子之親,自家這裏也有萬物,莫不有兄弟之爱,自家這裡也有萬物,莫不有夫婦之别,自家這裡也有是這道理,本来皆備於吾身,反之於吾身,於君臣必盡其義,於父子必盡其親,於兄弟必盡其愛,於夫婦必盡其别,莫不各盡其當然之實理,而無一毫之不盡,則仰不愧俯不怍,自然是快活。",C
Z030349,"問:""樂莫大焉,莫是見得萬物皆備於我,所以樂否?""曰:""誠是實有此理,檢㸃自家身命,果無欠闕。",C
Z030351,"方行之際,則眀其當然之理,是行之而著;既行之後,則識其所以然,是習矣而察。",C
Z030360,"今人未曾理㑹,可與共學,便要適道。",N
Z030397,"""子功曰:""如舞干羽于兩階,七旬有苗格,亦是此理。",C
Z030410,"伊川解《革卦》,言""所過變化,事理炳著。",C
Z030443,"君子但當自盡吾心之天理,雖達而在上,做出事業功名,亦只似雲浮扵太虗之中,於我何有哉?""曰:""中天下而立定四海之民,固是人所欲。",N
Z030465,"如此用心,義理自出。",A
Z030491,"利善若只是利善,則易理㑹。",N
Z030519,"如云'知其雄守其雌,知其白守其黑之類曰:""孔、孟亦知天下有許多事,何故不厭他?""曰:""孔、孟見實理,把作合做底看,他不見實理,把做無故不肯為。",C
Z030581,"若人心不許舜棄天下而去,則便是天也,皐陶亦安能違天?法與理,便即是人心底,亦須是合下有如此底心,方能為是權制。",C
Z030589,"敬之問:""形色天性,形是耳目口鼻之類,色是如何?""曰:""一顰一笑,皆有至理。",C
Z030590,"""(《時舉録》云:""凡一顰一笑,/一語一黙,無非天理。",C
Z030599,"形色上便有天性,視便有視之理,聽便有聽之理。",C
Z030601,"有是形,便有是理,盡得這箇理,便是踐得這箇形。",C
Z030606,"論踐形云:""天生形色,便有夲来,天理在内,賢人踐之而未盡,聖人則歩歩踏着来路也。",C
Z030607,"人之有形有色,無不各有自然之理,所謂天性也。",C
Z030608,"惟聖人能盡其性,故即形即色,無非自然之理。",C
Z030620,"天之生人,人之得於天,其具耳目口鼻者,莫不皆有此理。",C
Z030651,"躍如是道理,活潑潑底發出,在面前,如甲中躍出。",A
Z030654,"又曰:""道理散在天下事物之間,聖賢也不是不説,然也全説不得,自是那妙䖏不容説。",C
Z030663,"此只是言君子之教人,但開其端以示人而已,其中自有箇躍如底道理。",N
Z030664,"學者須是識得這箇道理,方知君子教人為甚忠。",N
Z030675,"今人讀書中,亦自有合着急處,若是稍慢處,理㑹未得也。",N
Z030676,"且放過不妨,緊要處須着理㑹。",N
Z030683,"如眼下脩緝禮書,固是合理㑹,若只知有這个,都困了也不得。",N
Z030687,"若就這裡,便與理㑹今樂非古樂,便是不知務。",N
Z030737,"一心之間,渾然天理,動容周旋,造次顛沛,不可違也。",A
Z030739,"雖曰二物,其實一理。",C
Z030748,"言仁而不言人,則不見理之所寓;言人而不言仁,則人不過是一塊血肉耳。",C
Z030776,"此分明説君子不謂性,這性字便不全是就理上説。",C
Z030777,"夫口之欲食、目之欲色、耳之欲聲、鼻之欲臭、四肢之欲安佚,如何自㑹恁地?這固是天理之自然,然理附於氣,這許多却從血氣軀殻上發出来,故君子不當以此為主,而以天命之理為主,都不把那箇當事,但看這理合如何。",B
Z030778,"有命焉有性焉此命字與性字,是就理上説。",C
Z030793,"此性字,專言其理。",C
Z030798,"上面性字是人心,下面性字是道心,上面命字是氣;論貧富貴賤,下面命字是理,論智愚賢不肖。",C
Z030806,"仁之於父子,義之於君臣,禮之於賔主,智之於賢者,聖人之於天道,固是命,然亦便是各得其所受之理,便是性。",C
Z030815,"若本無此理,口自不欲味,耳自不欲聲,目自不欲色,鼻自不欲臭,四肢自不欲安佚。",C
Z030819,"有以理言者,天道流行,付而在人,則為仁義禮智之性,如所謂'五十而知天命,天命之謂性是也。",A
Z030822,此命字却合理與氣而言。,C
Z030829,"命也有性焉此命字專指氣而言,此性字却指理而言。",C
Z030845,"這命便似向來說人心相似,是有兩般命,却不是有兩箇命,有兼氣血說底,有全說理底。",C
Z030849,"所以說有命焉,君子不謂性也這命便是指理而言。",C
Z030851,"這命便是兼氣血而言,其實只是這一箇理,就氣禀論則不同。",C
Z030867,"君子不謂性命一章,只要遏人欲、長天理。",C
Z030871,"""曰:""固有此理,想曾言之。",C
Z030958,"盖義理本平易,却被人求得深了。",N
Z030961,"或問:""可欲之謂善,伊川云:""善與元者,善之長同理。",C
Z030967,"可者天理也,不可者,人欲也。",C
Z030988,"聖人之心,純乎天理,一念之發,無非至善,故曰乾,聖人之分也,可欲之善属焉。",C
Z030998,六五只說黄裳元吉文言》中不過說黄中通理、正位居體而己。,N
Z031047,"但隨許多頭面去說,又不可不逐頭面理會也。",N
Z031069,"孟子》曰:""其為人也寡欲章,只是言天理人欲相為消長分數。",C
Z031070,"其為人也寡欲,則人欲分數少,故雖有不存焉者寡矣;不存焉寡,則天理分數多也;其為人也多欲,則人欲分數多,故雖有存焉者寡矣。",C
Z031071,"存焉者寡,則是天理分數少也。",C
Z031079,"這不是僻道理,是合如此。",N
Z031106,"既不肯做狂,又不肯做狷,一心只要得人說好,更不理會自己所見所得與天理之是非。",N
Z031126,"有禹、湯之徳,便有禹、湯之業;有伊、周之徳,便有伊、周之業,終不如萬石君不言而躬行,凡事一切不理會。",N
Z031127,"有一家,便當理會一家之事;有一國,便當理會一國之事。",N
Z031129,"孟子若不明白說破,只理會躬行,教他自化,如何得化?""賀孫問:""此即《大學》明徳新民之至否?""曰:""然。",N
Z031134,"然而天下之事,雖至纎悉,舉不出於此理,非《集義》不可。",C
Z031147,"中庸》,初學者未當理會升卿。",N
Z031148,"中庸》之書難看,中間説鬼説神,都無理會。",N
Z031149,"學者須是見得箇道理了,方可看此書,將来印證。",N
Z031151,"問《中庸》曰:""而今都難恁理會。",N
Z031153,若且理會文義則可矣。,N
Z031155,"問《中庸大學》之别,曰:""如讀《中庸》,求義理,只是致知功夫,如謹獨修省,亦只是誠意。",N
Z031181,"""若不識得此理,則周子之言,更觧不得。",C
Z031187,"但不易二字,則是事之已然者,自後觀之,則見此理之不可易。",C
Z031194,"""曰:""便是此理難説。",C
Z031197,"天地間物,未甞無相對者,故程先生嘗曰:""天地萬物之理,無獨必有對,皆自然而然,非有安排也。",C
Z031210,"""後面説治怒處曰:""但於怒時,遽忘其怒,反觀理之是非,則於道思過半矣。",C
Z031265,"然到守不得處,只著變而硬守定則不得,至變得来合理,斷然著如此做,依舊是常。",N
Z031273,"問:""中庸二字孰重?""曰:""庸是定理,有中而後有庸。",C
Z031285,"游、楊、吕、侯諸先生解《中庸》,只説他所見一面道理,却不將聖人言語折衷,所以多失。",N
Z031287,"理學最難,可惜許多印行文字,其間無道理底甚多,雖伊、洛門人,亦不免如此。",N
Z031288,"如解《中庸》,正説得數句好,下面便有幾句走作無道理了,不知是如何。",N
Z031289,"舊嘗看《欒城集》,見他文勢甚好,近日看全無道理。",N
Z031296,"若是功罪分明,定是行賞罰,不可毫髪輕重,而今説舉而歸之於仁,更無理㑹。",N
Z031322,"故曰:'天生蒸民,有物有則,物乃形氣,則乃理也。",C
Z031326,"""先生曰:""只是一理,存是存此,養是養,此識得更無走作舜功。",C
Z031337,"問:""既云上智,何以更有人心?""曰:""掐著痛、抓著痒,此非人心而何?人自有人心、道心一箇生於血氣,一箇生於義理。",C
Z031341,"因鄭子上書,来問人心、道心,先生曰:""此心之靈,其覺於理者,道心也,其覺於欲者,人心也,可學。",C
Z031343,"盖覺於理謂性命,覺於欲謂形氣,,可學。",C
Z031347,"如其達性命之理,則雖人心之用,而無非道心。",C
Z031352,"且舜何不先説道心,後説人心大雅》云:""如此則人心生於血氣,道心生於天理。",C
Z031353,"人心可以為善,可以為不善,而道心則全是天理矣。",C
Z031359,"然必有義理存焉,有可以食,有不可以食。",C
Z031366,"然此又非有兩心也,只是義理、人欲之辨爾。",C
Z031374,"問《中庸》始言一理中散為萬事,末復合為一理曰:""如何説?曉得一理了,萬事都在裏面,天下萬事萬物,都要你逐一理㑹過方得。",C
Z031376,"以為反身而誠,則天下萬物之理,皆備於我,萬物之理,須你逐一去看,理㑹過,方可如何㑹反身而誠了,天下萬物之理,便自然備於我,成个甚麽?""又曰:""所謂中散為萬事,便是《中庸》中所説許多事,如智、仁、勇許多為學底道理與為天下國家有九經與祭祀鬼神許多事,聖人經書,所以好看。",C
Z031377,"中間無些子罅隙,句句是實理,無些子空缺處。",C
Z031378,"問《中庸》,始合為一理,,末復合為一理,始合而開,其開也有漸,末後開而復合,其合也亦有漸。",C
Z031379,"天命之謂性,是専言理,雖氣亦包在其中,然説理意較多。",C
Z031396,"率字只是循字,循此理便是道。",C
Z031405,'乃知循性是循其理之自然爾。,C
Z031408,"物物各有箇理,即此便是道。",C
Z031409,"""曰:""總而言之,又只是一箇理否?""曰:""是。",C
Z031418,"性字,通人物而言,但人物氣禀有異,不可道物無此理。",C
Z031420,"物物各有這理,只為氣禀遮蔽,故所通有偏正不同。",C
Z031424,"性善只一般,但人物氣禀有異,不可道物無此理。",C
Z031429,"""曰:""此性字,亦是以理言否?""曰:""是。",C
Z031430,"""又問:""鳶有鳶之性,魚有魚之性,其飛其躍,天機自完,便是天理流行發見之妙處。",A
Z031438,"又云:""天命之性,指理言;率性之道,指人物所行言。",C
Z031439,"或以率性為順性命之理,則謂之道。",C
Z031447,"盖本性,理也,而本賦之性則氣也。",C
Z031509,"即性是自然之理,不容加工。",C
Z031526,"盖釋氏不理㑹常行之道,只要空守著這一箇物事,便喚做道,與《中庸》自不同。",N
Z031527,"""説畢又曰:""闢異端説話,未要理㑹。",N
Z031549,"他都不理㑹是和,非只認得那衣食作息、視聴舉履,便是道,説我這箇㑹説話底。",N
Z031550,"㑹作用底,叫著便應底,便是神通妙用,更不問道理如何。",N
Z031551,"儒家則須是就這上尋討箇道理,方是道。",N
Z031555,"而今學者,就故紙上理㑹,也解説得去,只是都無那快活和樂底意思,便是和這佛家底,也不曾見得似他佛家者,雖是無道理,然他却一生受用,一生快活,便是它就這形而下者之中,理㑹得似那形而上者。",N
Z031556,"而今學者看来,須是先曉得這一層,却去理㑹那上面一層方好,而今都是和這下面一層,也不曾見得,所以和那上面一層,也理㑹不得。",N
Z031557,"又曰:""天地中間物物上,有這箇道理,雖至没緊要底物事,也有這道理。",C
Z031559,"只那日用事物上道理便在上面,這兩箇元不相離,凡有一物,便有一理。",C
Z031561,"""看来博學似箇没緊要物事,然那許多道理,便都在這上,都從那源頭上来。",C
Z031587,"桀、紂亦㑹,手持足履,目視耳聽,如何便喚做道?若便以為道,是認欲為理也。",C
Z031599,"""徐問:""講求義理時,此心如何?""曰:""思慮是心之發了。",N
Z031601,"""(淳○《㝢録》云:""問講求義理,便是此心在/否?""曰:""講求義理属思慮,心自動了是已。",N
Z031624,"問:""道也者,不可須臾離與莫見乎隠兩段,分明極有條理。",N
Z031627,"聖賢不是要作文,只是逐節次説出許多道理。",N
Z031631,"戒謹恐懼,是普説,言道理偪塞,都是無時而不戒謹恐懼,到得隠微之間,人所易忽,又更用謹。",N
Z031672,"問:""不睹不聞與謹獨何别?""曰:""上一節説存天理之本然,下一節説遏人欲於將萌。",C
Z031673,"又問:""能存天理了,則下面謹獨,似多了一截。",C
Z031674,"""曰:""雖是存得天理,臨發時也須㸃檢,這便是他宻處。",C
Z031675,"若只説存天理了,更不謹獨,却是只用致中,不用致和了。",C
Z031683,"問《中庸》戒懼、謹獨,學問辨行,用功之終始曰:""只是一箇道理,説著要貼出来,便有許多説話。",N
Z031700,"""問:""天地未判時,下面許多都已有否?""曰:""事物雖未有,其理則具。",C
Z031717,"""先生又云:""吕家之學,重於守舊,更不論理。",N
Z031745,"""又問:""余國秀謂戒懼是保守天理,謹獨是檢防人欲曰:""也得。",N
Z031773,"如《原壤之歌,乃是大惡,若要理㑹,不可但已。",N
Z031812,"盖是吾心本具此理,皆是合做底事,不容外面旋安排也。",C
Z031814,"然所以合做此事,實具此理,乃未發也。",C
Z031881,"問:""吕氏言中則性也或謂此與性即理也語意似同,銖疑不然。",C
Z031882,"先生曰:""公意如何?""銖曰:""理者,萬事萬物之道理,性皆有之,而無不具者也。",C
Z031883,故謂性即理則可。,C
Z031884,"中者,又所以言此理之不偏倚、無過不及者。",C
Z031906,"伊川謂當靜時,耳無聞,目無見,然見聞之理在始得,及動時,又只是這静底。",C
Z031947,"""正淳曰:""未發時,當以理義涵養。",C
Z031970,"如言一箇理之本,後方就時上事上,說過與不及之中。",C
Z032043,"或問:""致中和,位天地、育萬物,與喜怒哀樂不相干,恐非實理流行處。",A
Z032045,"以至哀矜鰥寡,樂育英材,這是萬物育不是,以至君臣、父子、夫婦、兄弟、朋友、長幼相處相接,無不是這箇,即這喜怒中節處,便是實理流行。",A
Z032046,"更去那處,尋實理流行。",A
Z032062,"有此理,便有此事;有此事,便有此理。",C
Z032063,"如一日克已復禮,天下歸仁如何?一日克已於家,便得天下以仁歸之,為有此理故也。",C
Z032070,"問:""善惡感通之理,亦及其力之所至而止耳。",C
Z032075,"""曰:""此莫是以理言之否?""曰:""然。",C
Z032087,"觀其㑹通,以行其典禮,此方真是義理也。",N
Z032090,此是窮理致知功夫。,N
Z032111,"如伊川云""中者,天下之正道;庸者,天下之定理是也。",C
Z032132,"今却恁地蹺説時,縁是智者過於明,他只去窮高極逺後,只要見得便了,都不理㑹行。",N
Z032138,"且先理㑹此四項,令有着落,又與極髙明、道中庸之義,全不相關。",N
Z032155,"且如賞一人,或謂當重,或謂當輕,於此執此兩端,而求其恰好道理而用之。",N
Z032308,"用則理之見於日用,無不可見也;體則理之隠於其内,形而上者之事,固有非視聽之所及者。",C
Z032311,"或曰:""季丈謂費是事物之所以然某以為費指物而言,隠指物之理而言。",C
Z032313,"以物與理對言之,是如此,只以理言之,是如此。",C
Z032319,"費而隠,只費之中理便是隠。",C
Z032322,"若曰理有已上難曉者,則是聖人亦只曉得中間一截道理,此不然也。",C
Z032323,"問:""至極之地,聖人終於不知,終於不能,何也?不知,是過此以往,未之或知之理否?""曰:""至,盡也。",C
Z032351,"其飛其躍,天機自完,便是天理流行發見之妙處。",A
Z032354,"察者,著也,非察察之察(《去偽録》作非/審察之察)詩中之意,本不為此《中庸》只是借此兩句,形容道體詩》云""遐不作人古注并諸家,皆作逺字,甚無道理記注訓胡字最妙。",N
Z032362,"猶言動容周旋,無非至理;出入語黙,無非妙道,言其上下察也。",C
Z032370,"在人則動静語黙,無非此理。",C
Z032374,"其曰正當處者,謂天理流行處,故謝氏亦以此論曾㸃事。",A
Z032375,"其所謂勿忘、勿助長者,亦非立此在四邊,做防檢,不得犯着,盖謂俱無此,而皆天理之流行耳。",A
Z032381,"子思之意,却是言這道理昭著,無乎不在。",C
Z032394,氣便載得許多理出来。,B
Z032411,"今説却是""將必有事焉作用功處説如何?""曰:""必是如此,方能見得這道理流行無礙也。",A
Z032415,"""文蔚曰:""如天道流行,化育萬物,其中無非實理,洒掃應對,酬酢萬變,莫非誠意寓於其間,是所謂費而隠也。",A
Z032417,"鳶飛魚躍,上下昭著,莫非至理。",C
Z032420,"""文蔚曰:""明道之意,只說天理自然流行。",A
Z032434,至程子則借以言是心之存而天理流行之妙耳。,A
Z032453,"如今許多道理,也只得恁地説,然所以不如古人者,只欠箇古人真見爾。",N
Z032457,"正淳云:""某雖不曾理㑹禪,然看得来,聖人之説,皆是實理,故君君臣臣、父父子子、夫夫婦婦,皆是實理流行。",A
Z032458,"釋氏則所見偏,只管向上去,只是空理流行爾。",A
Z032459,"""曰:""他雖是説空理,然真箇見得那空理流行。",A
Z032460,"自家雖是説實理,然却只是説耳,初不曾真箇見得那實理流行也。",A
Z032462,"如今伶俐者,雖理㑹得文義,又却不曾真見,質朴者又和文義,都理㑹不得。",N
Z032466,"""廣云:""所謂源頭工夫,莫只是存養修治底工夫否?""曰:""存養與窮理工夫,皆要到。",N
Z032467,"然存養中便有窮理工夫,窮理中便有存飬工夫。",N
Z032468,窮理便是窮那存得底;存飬便是飬那窮得底。,N
Z032469,"問語録》云""鳶飛戾天,魚躍于淵此與必有事焉而勿正心之意同或問》中論此云:""程子離人而言,直以此形容天理自然流行之妙。",A
Z032470,"上蔡所謂""察見天理,不用私意盖小失程子之本意。",N
Z032482,"問:""上下察,是此理流行,上下昭著,下面察乎天地,是察見天地之理。",A
Z032486,"如文理宻察,天地明察之察經中察字,義,多如此。",N
Z032487,"(廣○《閎祖録》云:""事地察,天地明/察上下察,察乎天地,文理宻察。",N
Z032555,"若拽轉頭来,便自道理流行。",A
Z032563,有是實理而後有是物。,C
Z032569,"誠者,實有之理。",C
Z032577,"林一之問:""萬物皆有鬼神,何故只於祭祀言之?""曰:""以人具是理,故於人言。",C
Z032628,"㣲之顯、誠之不可掩如此,夫皆實理也。",C
Z032634,"有是理,便有是氣,有是氣,便有是形,無非實者。",C
Z032657,"是説往来屈伸,乃理之自然,非有安排布置,故曰良能也。",C
Z032665,"""曰:""只這數句,便要理㑹。",N
Z032670,"但只是他皆是實理處發見,故未有此氣,便有此理,既有此理,必有此氣。",C
Z032674,"此莫是言理之自然,不待安排。",C
Z032703,"問:""鬼神之為徳,只是言氣與理否?""曰:""猶言性情也。",C
Z032712,"問:""南軒鬼神一言以蔽之曰誠而已此語如何?""曰:""誠是實然之理,鬼神亦只是實理。",C
Z032713,"若無這理,則便無鬼神、無萬物,都無所該載了。",C
Z032715,"徳只是就鬼神言,其情状皆是實理而已。",C
Z032719,"""曰:""伸是神,屈是鬼否?""先生以手圈卓上,而直指其中曰:""這道理圓,只就中分别恁地。",C
Z032737,"""此語何謂?""曰:""這箇亦是實有這理,便如此。",C
Z032745,"""問:""世俗所謂物怪神姦之説,則如何斷?""曰:""世俗大抵十分有八分,是胡説,二分亦有此理,多有是非。",C
Z032751,"""問""自家道理正則自不能相干。",N
Z032758,"然聖人制祭祀之禮,所以事鬼神者,恐不止謂但有此理,須有實事。",C
Z032759,"""曰:""若是見理明者,自能知之。",C
Z032775,"唯我有受福之理,故天既佑之。",C
Z032780,"此意甚好,然此亦其理之常,若堯、舜之子不肖,則又非常理也。",C
Z032834,"若公、榖二子,却是箇不曉事底儒者,故其説道理及禮制處,不甚差下得語恁地鄭重。",N
Z032905,"仁是築底處,試商量如何?伯豐言:""克去己私,復此天理,然後得其脩。",C
Z032907,"然聖賢言仁字處,便有箇温厚慈祥之意,帶箇愛底道理。",N
Z032930,"能知天,則知人、事親、脩身,皆得其理矣。",C
Z032934,"問知仁、勇曰:""理㑹得底是知,行得底是仁,着力去做底是勇。",N
Z032991,事未至而先知其理之謂豫。,C
Z033000,"事到面前,都理㑹得,它人處置不得底事,自家便處置得;它人理㑹不得底事,自家便理㑹得。",N
Z033005,"誠是實理,自然不假修為者也;誠之者,人之道,是實其實理,則是勉而為之者也。",C
Z033007,"問誠者,天之道,誠之者,人之道曰:""誠是天理之實,然更無纎毫作為。",B
Z033008,"聖人之生,其禀受渾然,氣質清明純粹,全是此理,更不待修為,而自然與天為一。",C
Z033009,"若其餘則須是博學、審問、慎思、明辨、篤行,如此不已,直待得仁義禮智與夫忠孝之道,日用本分事,無非實理,然後為誠。",C
Z033010,"有一毫見得,與天理不相合,便於誠有一毫未至。",C
Z033012,"今於日用間,若不實見得是天理之自然,則終是於誠為未至也。",C
Z033016,"此言在人當有真實無妄之知行,乃能實此理之無妄,指人事而言也。",C
Z033017,"盖在天固有真實之理,在人當有真實之功。",C
Z033018,"聖人不思不勉而從容中道,無非實理之流行,則聖人與天如一,即天之道也。",A
Z033021,"程子所謂實理""者,指理而言也;所謂""實見得是,實見得非""者,指見而言也。",N
Z033042,"須當研窮到底,使答者詞窮理盡始得。",N
Z033063,"豈獨此章?今次讀《章句,乃知一篇首尾相貫,只是説一箇《中庸》底道理。",N
Z033074,"自誠明謂之性,誠實然之理,此堯、舜以上事。",C
Z033075,"學者則自明誠謂之教,明此性而求實然之理。",C
Z033078,"此後觀書亦見理,静坐亦見理,森然於耳目之前。",C
Z033080,"或問:""如何是唯天下至誠?""曰:""唯天下至誠,言其心中實是天下至誠,非止一家一國而已,不須説至于實理之極。",C
Z033155,"然物只到得這裏,此亦是教化,是隨他天理流行發見處使之也。",A
Z033163,"人在天地中間,雖只是一理,然天人所為,各自有分,人做得底,却有天做不得底。",C
Z033182,知化育則知天理之流行。,A
Z033194,"撤去籠,則燈之全體著見,其理正如此也。",C
Z033253,"""又問""誠者自成,道者自道曰:""自成是就理説,自道是就我説。",C
Z033254,"有這實理,所以有此萬物;誠者,所以自成也,道却在我自道。",C
Z033263,"如禎祥、妖孽與蓍龜所告、四體所動,皆是此理已形見,但人不能見耳。",A
Z033266,"問誠者,自成也,而道自道也曰:""誠者,是箇自然成就底道理,不是人去做作安排底物事。",C
Z033276,"盖有是實理,則有是天;有是實理,則有是地。",C
Z033277,"如無是實理,則便没這天,也没這地。",C
Z033283,"盖人則有不誠,而理則無不誠者。",C
Z033299,"實有是理,故有是人;實有是理,故有是事。",C
Z033301,"問:""誠者,物之終始㸔来凡物之生,必實有其理而生,及其終也,亦是此理,合到那裏盡了。",C
Z033302,"""曰:""如人之生,固具此理,及其死時,此理便散了。",C
Z033310,"道夫以為誠者,物之終始,始學之士所當盡心,而聖人之所以為聖人者,亦不過如此,正所謂徹上徹下之理也。",C
Z033317,"問:""誠者,物之終始,不誠無物,是實有是理而後,有是物否?""曰:""且㸔他聖人説底正文語脉。",C
Z033318,"盖誠者,物之終始,却是事物之實理,始終無有間斷。",C
Z033320,"在人之心,苟誠實無偽,則徹頭徹尾,無非此理,一有間斷,則就間斷處,即非誠矣。",C
Z033333,"且如草木自萌芽發生,以至枯死,朽腐歸土,皆是有此實理,方有此物。",C
Z033334,"若無此理,安得有此物?",C
Z033345,"誠者,物之終始,物之終始,皆此理也。",C
Z033355,"如兩句,通理之實、人之實而言,有是理則有是物。",C
Z033356,"(天下之物,皆實理之所/為,徹頭徹尾,皆是此理)(所為未有無此/理而有此物也)無是理則雖有是物,若無是物矣。",A
Z033357,"盖物之終始,皆實理之所為也。",A
Z033359,"大意若曰實理為物之終始,無是理則無是物,故君子必當實乎此理也。",C
Z033376,誠只是實然之理。,C
Z033383,"問不誠無物曰:""實有此理,便實有此事。",C
Z033387,"誠者,物之終始,指實理而言;君子誠之為貴,指實心而言。",C
Z033425,"豈可便道自家終不到那田地?只是分别義理,令分明旋做將去。",N
Z033474,"徳性,猶言義理之性曰然。",N
Z033477,"廣大似所謂理一,精微似所謂分殊。",C
Z033479,"問高明是以理言中庸》是以事言否?""曰:""不是理與事極髙明是言心道中庸》是言學底事。",N
Z033507,"某嘗說陸子静説道理,有箇黑腰子,其初説得瀾翻,極是好聽,少間到那緊處時,又却藏了不説,又别尋一箇頭緒,瀾翻起来,所以人都捉他那緊處不着。",N
Z033518,"温故,只是存得這道理在,便是尊徳性;敦厚,只是箇朴實頭,亦是尊徳性。",N
Z033524,"""曰:""就知新言之,便是新来方理㑹得那枝分節解底。",N
Z033551,"然不先立得大者,不能盡得小者,此理愈説愈無窮,言不可盡。",C
Z033552,"如小徳川流,大徳敦化,亦此理。",C
Z033553,"千蹊萬壑,所流不同,各是一川,須是知得,然其理則一。",C
Z033567,"非如今人云略見道理了,便無功夫可做也。",N
Z033569,"問温故如何是存心之属?""曰:""言涵飬此已知底道理,常在我也道《中庸》,何以是致知之属?""曰:""行得到恰好處,無些過與不及,乃是知得分明,事事件件理㑹得到一箇恰好處,方能如此。",N
Z033580,"舉此數事,言大小精粗,一齊理㑹過貫徹了後,盛徳之效,自然如此。",N
Z033588,"若只去理㑹禮文,而不敦厚,則又無以居之。",N
Z033604,"若以為子思做,又却時復有箇子曰字,更没理㑹處。",N
Z033605,"(《賀録》云:""漢卿㸔文/字忒快,如今理㑹)(得了,更要熟讀,方有汁水。",N
Z033606,"某初㸔《中庸》,都理㑹不/得云云,只管讀来讀去,方見得許多章段分明)。",N
Z033607,"盖某僻性,讀書須先理。",N
Z033608,"㑹得這様分曉了,方去涵泳它義理。",N
Z033615,"如揲蓍,兩手皆有數,不可謂一邊有道理,一邊無道理。",N
Z033627,"道理不在這様處,便縱饒有道理,寜有幾何?如㸔此兩段,須先識取聖人功用之大氣象、規模廣大處。",N
Z033644,"然不専在此,只是合鬼神之理。",C
Z033684,"文是文章,如物之文縷,理是條理,每事詳宻審察,故曰足以有别。",N
Z033697,"上章是以聖言之,聖人徳業著見於世,其盛大自如此;下章以誠言之,是就實理上説。",C
Z033698,"其天其淵,實理自是如此。",C
Z033714,"或問:""夫焉有所倚?""曰:""自家都是實理,無些欠闕。",C
Z033717,"經綸大經,他那日用間底,都是君臣、父子、夫婦、人倫之理,更不必倚着人。",C
Z033720,"思謂不更靠心力去思勉他這箇實理,自然經綸大經、立大本、知化育,更不用心力。",C
Z033751,"""明道謂《中庸》,始言一理中散為萬事,末復合為一理。",C
Z033752,"雖曰合為一理,然自然有萬事在。",C
Z033755,"""(賀孫○《義剛録》云:""天下只是這道/理走不得。",C
Z033787,"因問孔子空空,顔子屢空與《中庸》所謂無聲無臭之理,曰:""以某觀《論語》之意,自是孔子叩鄙夫,鄙夫空空,非是孔子空空。",N
Z033797,"""因曰:""前日與公晦論程子鳶飛魚躍,活發潑地,公晦問:'畢竟此理是如何?'廣云:'今言道無不在,無適而非道固是,只是説得死搭搭地。",C
Z033808,"且漸漸思量,若一下便要理㑹得,如何㑹見得意思出?""",N
Z033813,"隂陽之理,有㑹䖏,有分䖏,事皆如此。",C
Z033815,"天地間道理,有局定底,有流行底。",C
Z033822,"伊川言《易變易》也,只説得相對底隂陽流轉而已,不説錯綜底隂陽交互之理。",C
Z033838,"所謂消息之理,其來無窮。",C
Z033844,"這道理在人如何㸔?直㸔是一般道理,横㸔是一般道理,所以謂之《易",C
Z033845,"天地間無兩立之理,非隂勝陽,即陽勝隂,無物不然,無時不然。",C
Z033853,"天地之間,無往而非隂陽,一動一静、一語一黙,皆是隂陽之理。",C
Z033854,"至如揺扇便属陽,住扇便属隂,莫不有隂陽之理。",C
Z033858,"繼之者善,是已發之理;成之者性,是未發之理。",C
Z033875,"至之曰正義》謂易》者,變化之總號,代換之殊稱,乃隂陽二氣生生不息之理。",C
Z033907,"如他《書則元有這事,方説出這箇道理易》則未曾有此事,先假託都説在這裏。",N
Z033921,"如云""敬以直内,義以方外本来只是卜筮,聖人為之辭以曉人,便説許多道理在上。",N
Z033923,"只平居玩味,看他所説道理,於自家所䖏地位,合是如何?故云""居則觀其象而玩其辭;動則觀其變而玩其占孔子所謂學《易》,正是平日常常學之,想見聖人之所謂讀,異乎人之所謂讀,想見胸中洞然於《易》之理,無纎毫蔽䖏,故云可以無大過。",N
Z033924,"""又曰:""聖人繋許多辭,包盡天下之理,止縁萬事不離乎隂陽,故因隂陽中而推説萬事之理。",C
Z033930,"如云'陽在下也又云下也賀孫問:""聖人所以因隂陽説出許多道理,而所説之理,皆不離乎隂陽者,盖縁所以為隂陽者,元本於實然之理。",C
Z033932,"纔有此理,便有此氣;纔有此氣,便有此理。",C
Z033933,"天下萬物萬化,何者不出於此理,何者不出於隂陽?""賀孫問:""此程先生所以説道天下無性外之物。",C
Z033935,"程子言易》中只是言反復往來上下,這只是一箇道理。",C
Z033945,"天下之理,單便動,兩便静。",A
Z033952,"問理與數,曰:""有是理,便有是氣;有是氣,便有是數。",C
Z033958,"問:""理與數,其本也只是一?""曰:""氣便是數。",C
Z033959,"有是理,便有是氣,有是氣,便有是数,物物皆然。",C
Z034026,"隂少於陽氣,理數皆如此。",C
Z034064,"(震一陽離兊二/陽乾三陽巽一)(隂坎艮二/隂坤三隂),雖似稍渉安排,然亦莫非自然之理。",C
Z034085,"邵子所謂《易》,程子多理㑹他底不得。",N
Z034086,"盖他只據理而説,都不曾去問他。",C
Z034108,"只是一箇盈虚消息之理,本是箇小底,變成大底,到那大處,又變成小底。",C
Z034127,"用六日七分,某却不見康節説用六日七分䖏文王卦序,亦不相應,他只用義理排将去。",N
Z034158,"某亦嘗如此理㑹來,尚未得其說。",N
Z034174,"上古民淳,未有如今士人識理義,嶢﨑蠢然而已,事事都曉不得。",N
Z034177,"及後來理義明,有事則便斷以理義。",N
Z034183,"葢古人淳質,不似後世人心機巧,事事理㑹得。",N
Z034184,"古人遇一事理㑹不下,便須去占。",N
Z034187,"若不如此,何縁見得開物成務底道理?即此是《易》之用,人人皆決於此,便是聖人家至戶到以教之也。",N
Z034188,"若似後人事事理㑹得,亦不待占。",N
Z034190,"又曰:""聖人恐人一向只把做占筮㸔,便以義理說出來。",N
Z034195,"問易》以卜筮設教,卜筮非日用,如何設教曰:""古人未知此理時,事事皆卜筮,故可以設教。",N
Z034201,"然伏羲之卦爻也難理㑹,故文王從而為之辭於其閒,無非教人之意。",N
Z034208,"易》本卜筮之書,後人以為止於卜筮,至王弼用老、莊解,後人便只以為理,而不以為卜筮亦非。",N
Z034214,"方伏羲畫卦時,止有竒偶之畫,何嘗有許多說話?文王重卦作繇辭,周公作爻辭,亦只是為占筮設到孔子,方始說從義理去。",N
Z034221,"今學者諱言《易》本為占筮作,須要說做為義理作。",N
Z034222,"若果為義理作時,何不直述一件文字?如《中庸大學》之書,言義理以曉人,須得畫八卦則甚周官》唯大卜掌三《易》之法,而司徒、司樂、師氏、保氏諸子之教國子、庻民,只是教以《詩書》,教以禮樂,未嘗以《易》為教也。",N
Z034226,"且聖人要說理,何不就理上直剖判說?何故恁地回互假托,教人不可曉,又何不别作一書?何故要假卜筮來說,又何故說許多吉凶悔吝?此只是理㑹卜筮後,因其中有些子理,故從而推明之。",N
Z034232,"如周公做一部《周禮》,可謂纎悉畢備,而《周易》却只掌於太卜之官,却不似大司樂教成均之屬様恁地重縁這箇只是理㑹卜筮。",N
Z034233,"大槩只是說箇隂陽,因隂陽之消長,却有些子理在其中。",C
Z034238,"然當初也只是理㑹罔罟等事,也不曾有許多嶢﨑,如後世《經世書之類,而今人便要說伏羲如神明様,無所不曉。",N
Z034239,"伏羲也自純朴,也不曾去理㑹許多事來。",N
Z034241,"但而今所以難理㑹時,葢縁亡了那卜筮之法。",N
Z034242,"如《周禮》太卜掌三《易》之法連山歸藏周易》,便是别有理㑹《周易》之法,而今却只有上下經兩篇,皆不見許多法了,所以難理㑹。",N
Z034243,"今人却道聖人言理,而其中因有卜筮之說。",N
Z034244,"他說理後,說從那卜筮上來做麽?若有人來與某辯,某只是不答。",N
Z034247,"(《淳録》云:""公謂卜筮之/書,便如今火珠林様)許多道理,依舊在其間。",N
Z034248,"但是因他作這卜筮後,却去推出許多道理來。",N
Z034249,"他當初做時,却只是為卜筮,畫在那裏,不是曉盡許多道理後,方始畫,這箇道理難說。",N
Z034271,"若是的定,把卦爻來作理㸔,恐死了。",N
Z034279,"若似而今説時,便只是秀才用得,别人都用不得了,而今人便説道解明理事來,便看道理如何後,作區處。",N
Z034285,"""安卿問:""如何恁地?""曰:""而今把作理説時,吉凶悔吝,皆斷定在九二、六四等身上矣。",N
Z034288,"""林擇之云:""伊川《易》説得理也太多。",N
Z034291,"""安卿問彖象》莫也是因爻而推其理否?""曰彖象文言繫辭》,皆是因而推明其理。",N
Z034295,"然而聖人見得那道理定後,常不要卜。",N
Z034312,"及孔子始取而敷繹,為《文言、雜卦、彖象之類,乃說出道理來。",N
Z034318,"孔子恐義理一向沒卜筮中,故明其義。",N
Z034321,"上古聖人,不是著此垂教,只是見得天地隂陽變化之理,畫而為卦,使因卜筮而知所修為避忌。",C
Z034339,"人若能見得道理已十分分明,則亦不須更卜。",N
Z034352,"""曰:""便是如此易》當初只是為占筮而作,文言彖象,却是推說做義理上去,觀《乾坤二卦,便可見。",N
Z034357,"""孔子雖說推明義理,這般所在,又變例推明占筮之意。",N
Z034376,"學者須曉某之正意,然後方可推說其他道理。",N
Z034379,"""(《池録》云:""如過劒門相似,須是驀直/攛過,脫得劒門了,却以之推說《易)(之道理,横說竪說,都不妨。",N
Z034386,"若曉得某一人說,則曉得伏羲、文王之《易,本是作如此用,元未有許多道理在,方不失《易》之本意。",N
Z034391,"如乾有乾之象,坤有坤之象,人占得此卦者,則有此用,以斷吉凶,那裏說許多道理。",N
Z034397,"及文王、周公分為六十四卦,添入乾元亨利貞坤元亨利牝馬之貞,早不是伏羲之意,已是文王、周公自說他一般道理了。",N
Z034401,"到得孔子盡是說道理,然猶就卜筮上,發出許多道理,欲人曉得所以凶、所以吉,卦爻好則吉,卦爻不好則凶。",N
Z034403,"反覆都就占筮上,發明誨人底道理。",N
Z034410,"又曰:""文王之心,已自不如伏羲寛濶,急要說出來;孔子之心,不如文王之心寛大,又急要說出道理來。",N
Z034411,"所以本意浸失,都不顧元初聖人畫卦之意,只認各人自說一副常道理。",N
Z034417,"又如舜命䕫教胄子,亦只是說箇寛而栗直而温之法,教人不失其中和之德而已,初未有許多道理。",N
Z034431,"""又云:""人如占得一爻,須是反觀諸身,果盡得這道理否坤》之六二,直方大,不習無不利須看自家能直能方,能大方,能不習無不利,凡皆類此。",N
Z034439,"""味道問:""聖人於《文言》,只把做道理説?""曰:""有此氣,便有此理。",C
Z034441,"聖人作《易,本為欲定天下之志,斷天下之疑而已,不是要因此說道理也。",N
Z034443,"然如此理,却自在其中矣。",C
Z034454,"其象如此,而理在其中矣。",C
Z034455,却不是因欲說道理而後說象也。,N
Z034456,"(時舉○《植録》云/《易》只是說象(初)(未有後人所說,許多道理,堆垜在上面。",N
Z034458,"""但聖人說象/則理在其中矣。",C
Z034461,"後人說《易》,只愛將道理/堆垜在上面,聖人本意,不解如此。",N
Z034468,"當時又那曾有某爻與某爻相應?那自是說這道理如此,又何曾有甚麽人,有甚麽人說有甚張三、李四?中間都是正吉,不曾有不正而吉。",N
Z034471,"此書初來,只是如此,到後來,聖人添許多說話,也只是怕人理㑹不得,故就上更說許多教分明。",N
Z034492,"如云""初九潛龍勿用這只是戒占者之辭,解者遂去這上面生義理,以初九當潛龍勿用,九二當利見大人。",N
Z034497,"若使此語出自聖人之口,則解者必去上面說道理,以為朱鳥如何,海湄如何矣。",N
Z034502,"說卦》中說許多卜筮,今人說《易》,却要掃去卜筮,如何理㑹得易每恨不得古人活法,只說得箇半死半活底。",N
Z034505,"或是用支干相合配處,或是因他物象揲蓍雖是占筮,只是後人巧去裏面,見箇小小底道理。",N
Z034506,"旁門曲徑正理,不只如此。",N
Z034520,"易》以卜筮用,道理便在裏面,但只未說到這處。",N
Z034525,"大凡人不曾著實理㑹,則說道理,皆是懸空。",N
Z034526,"如讀《易》,不曾理㑹揲法,則說《易》亦是懸空。",N
Z034529,"今人不曾理㑹陣法,則談兵亦皆是脫空。",N
Z034532,"大抵古人法度,今皆無復存者,只是這些道理,人尚胡亂說得去。",N
Z034534,"'道理人却說得去,法度却杜撰不得。",N
Z034610,"易》占不用龜,而每言蓍龜皆具此理也。",C
Z034638,"嘗謂:""伏羲畫八卦,只此數畫,該盡天下萬物之理。",C
Z034650,"大衍之數,是說蓍;天地之數,是說造化生生不窮之理。",C
Z034688,"""問:""渠之學如何?""曰:""専在數上,却窺見理。",C
Z034718,"如《鼎卦,分明是鼎之象,他說革是爐之象,亦恐有此理。",C
Z034745,"問《易》曰:""聖人作《易》之初,盖是仰觀俯察,見得盈乎天地之間,無非一隂一陽之理。",C
Z034746,"有是理則有是象,有是象則其數便自在這裏,非特河圖洛書》為然。",C
Z034769,"葢其所謂象者,皆是假此衆人共曉之物,以形容此事之理,使人知所取舍而已。",N
Z034771,"葢即那占筮之中,而所以處置是事之理,便在那裏了。",N
Z034776,"到得夫子,方始純以理言,雖未必是羲、文本意,而事上說理,亦是如此。",N
Z034778,"又曰易》是箇有道理底卦影易》以占筮作許多理,便也在裏。",N
Z034784,"今人心性徧急,更不待先說他本意,便將道理來滚說了易》如一箇鏡相似,看甚物來,都能照得。",N
Z034804,"康節《易》數,出於希夷,他在靜中,推見得天地萬物之理如此,又與他數合,所以自樂。",C
Z034809,"葢其心地虚明,所以推得天地萬物之理。",C
Z034831,"已前解《易》多只說象數,自程門以後,人方都作道理說了。",N
Z034834,"伯恭謂《易傳》,理到語精,平易的當,立言無毫髮遺恨,此乃名言。",N
Z034838,"但伊川以天下許多道理,散入六十四卦中,若作《易》看,即無意味,唯將來作事看,即句句字字有用處。",N
Z034839,"問胡文定《春秋》,曰:""他所說,盡是正理。",N
Z034842,"易傳》,須先讀他書,理㑹得義理了,方有箇入路,見其精密處。",N
Z034843,"葢其所言義理極妙,初學者未㑹使看,不識其味,都無啟發。",N
Z034845,"須是已知義理者,得此,便可磨礲入細。",N
Z034847,"易傳》難看,其用意精密,道理平正,更無抑揚。",N
Z034848,"若能看得有味,則其人亦大段知義理矣。",N
Z034849,"葢《易》中說理,是預先說下,未曾有底事,故乍看甚難,不若《大學中庸》有箇準則,讀著便令人識蹊徑詩》又能興起人意思,皆易看。",N
Z034851,"雖其說或失之過,識得理後,却細密商量,令平正也。",N
Z034853,"學者只得守此箇義理,固是好。",N
Z034858,"易傳》,義理精,字數足,無一毫欠闕。",N
Z034859,"他人著工夫補綴,亦安得如此自然?只是於本義不相合易》本是卜筮之書,卦辭爻辭,無所不包,看人如何用?程先生只說得一理。",N
Z034861,"""又問程《易》於《本義》如何?""曰:""程《易》不說《易》文義,只說道理極處,好看。",N
Z034873,"只是推本《繫辭》說程《易》除去解《易》文義處,只單說道理處則如此章說天,專言之則道也以下數句,皆極精。",N
Z034885,"易》要分内外卦看,伊川却不甚理㑹。",N
Z034888,"問伊川《易》說理太多?""曰:""伊川言:'聖人有聖人用,賢人有賢人用。",N
Z034905,"詩書》,略看訓詁,解釋文義,令通而已,却只玩味本文,其道理只在本文。",N
Z034907,"程子此書,平淡地慢慢委曲,說得更無餘藴,不是那敲磕逼拶出底義理,平鋪地放在面前。",N
Z034910,"問:""先儒讀書,都不如先生精密,如伊川解《易》,亦甚踈?""曰:""伊川見得箇大道理,却將經來合他這道理,不是解《易又問:""伊川何因見道?""曰:""他說求之六經而得也。",N
Z034911,"是於濓溪處,見得箇大道理,占地位了。",N
Z034916,"至微者理也,至著者象也。",C
Z034919,此是一箇理、一箇象、一箇辭。,C
Z034920,"然欲理㑹理與象,又須辭上理㑹。",N
Z034922,"凡於事物,須就其聚處理㑹,尋得一箇通路行去。",N
Z034933,"天地未有,萬物已具,此是體中有用;天地既立,此理亦存,此是顯中有微。",C
Z034962,"縁是這道理,人人同得看如何?也?自有人見得到底。",N
Z034964,"""而意不甚滿於《易》本義葢先生之意,只欲作卜筮用,而為先儒說道理太多,終是翻這窠臼未盡,故不能不致遺恨云。",N
Z034965,"先生問:""時舉看《易》如何?""曰:""只看《程《易》,見其只就人事上說,無非日用常行底道理。",N
Z034970,"""因云:""某少時看文字時,凡見有說得合道理底,須旁搜遠取,必要看得他透。",N
Z034984,"若論其理,則先自定,固已實矣。",C
Z034985,"用應始有,謂理之用實,故有;體該本無,謂理之體該萬事萬物,又初無形迹之可見,故無。",C
Z034986,"下面云稽考實理,以待事物之來,存此理之體,以應無窮之用。",C
Z034988,"以靜制動,理便是靜底,事便是動底。",C
Z034991,"這箇道理,若後人做事,如求官爵者,求之不已,便是取吝之道;求財利者,求之不已,亦是取吝之道。",N
Z034992,"又如潛龍勿用其理,謂當此時,只當潛晦,不當用。",N
Z034994,"所謂'君子動則觀其變而玩其占;若是無事之時,觀其象而玩其辭,亦當知其理如此。",N
Z034996,"某之說《易》所以異於前軰者,正謂其理當,人皆用之,不問君臣上下,大事小事,皆可用。",N
Z035006,"然其規模甚散,其辭又澁,學者驟去理㑹他文義,已自難曉,又且不曾盡經歴許多事意,都去湊他意不著。",N
Z035013,"葢《易》是箇極難理㑹底物事,非他書之比。",N
Z035015,"及孔子始取而敷繹為十經,彖象、繫辭、文言、雜卦》之類,方說出道理來。",N
Z035016,"易》只是空說箇道理,只就此理㑹,能見得如何?不如《詩書執禮》,皆雅言也。",N
Z035018,"如《春秋》,亦不是難理㑹底,一年事,自是一年事。",N
Z035020,"今人只管去一字上理㑹褒貶,要求聖人之意,千百年後,如何知得他肚裏事?聖人說出底,猶自理㑹不得,不曾說底,更如何理㑹得?",N
Z035021,"人自有合讀底書,如《大學語孟中庸》等書,豈可不讀?讀此四書,便知人之所以不可不學底道理與其為學之次序,然後更看《詩書禮樂。",N
Z035022,"某纔見人說看《易》便知他錯了,未嘗識那為學之序易》自是别是一箇道理,不是教人底書。",N
Z035029,"今人才說伏羲作《易》,示人以天地造化之理,便非是。",C
Z035036,"如《文言中元者,善之長""之類,如《中孚》九二""鳴鶴在隂,其子和之亦不必理㑹。",N
Z035038,葢為學只要理㑹自已胷中事爾。,N
Z035039,"某嘗謂上古之書,莫尊於《易》,中古後書,莫大於《春秋然此兩書,皆未易看,今人才理㑹二書,便入於鑿。",N
Z035040,"若要讀此二書,且理㑹他大義易》則是尊陽抑隂,進君子而退小人,明消息盈虚之理春秋》則是尊王賤伯,内中國而外夷狄,明君臣上下之分。",N
Z035043,"又人須是經歴天下許多事變,讀《易》方知各有一理,精審端正。",C
Z035045,"敬之問《易》曰:""如今不曾經歴得許多事,過都自湊他道理不著,若便去看,也卒未得他受用。",N
Z035046,"孔子晚而好《易》,可見這書卒未可理㑹。",N
Z035068,"在《易》則渾然一理,在人則渾然一)(心既有爻畫,方見得這爻是如何,這爻又是如何然/而皆是就這至虚至靜中,做許多象數道理出來此)(其所以靈若是似而今說得來,恁/地拖泥帯水,便都没理㑹處了)。",N
Z035079,"其實是古者卜筮書,不必只說理、象數,皆可說將去。",N
Z035086,"又云易》難看,不惟道理難尋,其中或有用當時俗語,亦有他事,後人不知者。",N
Z035095,"看《易》,且將爻辭看理㑹得後,却看象辭,若鶻突地看,便無理㑹處。",N
Z035108,"季通云:""看《易》者,須識理、象、數、辭四者,未嘗相離。",N
Z035109,"葢有如是之理,便有如是之象;有如是之象,便有如是之數。",C
Z035110,"有理與象數,便不能無辭易》六十四卦、三百八十四爻,有自然之象,不是安排出來。",C
Z035122,"縁在當時,只理㑹象數,故聖人明之以理。",N
Z035123,"潔淨精微,謂之《易易》自是不惹着事,只懸空說一種道理,不似它書,便各著事上說。",N
Z035132,"""曰:""他說道理,決不錯。",N
Z035200,"大率是就義理上看,不過如剛自外來而得中,分剛上而文柔等處看,其餘多在占處用也。",N
Z035213,"且《程傳賁卦所云,豈有乾坤重而為泰,又自泰而變為賁之理?若其說果然,則所謂""乾坤變而為六子,八卦重而為六十四,皆由乾坤而變""者,其說不得而通矣。",N
Z035217,"今所謂卦變者,亦是有卦之後,聖人見得有此象,故發於彖辭,安得謂之乾坤重而為是卦,則更不可變而為他卦耶?若論先天一卦,亦無既畫之後,乾一兊二,離三、震四,至坤居末,又安有乾坤變而為六子之理?凡今《易》中所言,皆是後天之易耳。",N
Z035233,"互體自左氏以言,亦有道理,只是今推不合處多。",N
Z035244,"王輔嗣又言:'納甲、飛伏,尤更難理㑹。",N
Z035263,"葢事之斟酌得宜,合理處,便是中,則未有不正者。",N
Z035264,"若事雖正,而處之不合時宜,於理無所當,則雖正而不合乎中。",N
Z035271,"凡人做事,須是剖決是非邪正,却就是與正處,斟酌一箇中底道理。",N
Z035276,"凡事先理㑹得正,方到得中,若不正,更理㑹甚中?顯仁陵寢時,要發掘旁近數百家墓,差御史往相度,有一人說,且教得中。",N
Z035277,"曾文清說,只是要理㑹箇是與不是,不理㑹中。",N
Z035278,"若還不合如此,雖一家不可發掘,何處理㑹中?且如今賞賜人與之,百金為多,五十金為少,與七十金為中。",N
Z035283,"若是一向䟽去,却不成道理;若一向密去,却又不是《易》底意思。",N
Z035295,"許多名目,須是逐一理㑹過,少閒見得一箇,却有一箇著落。",N
Z035299,"然非聖人見識卓絶,盡得義理之正,則所謂隨時取義,安得不差?""曰:""古人作《易》,只是為卜筮,今說《易》者,乃是硬去安排。",N
Z035307,"六十四卦,只是上經說得齊整,下經便亂董董地繫辭》也如此,只是上繫好,看下繫便没理㑹論語》後十篇亦然孟子》末後,却剗地好。",N
Z035322,"然小人亦具此理,只是他自反悖了。",C
Z035356,"太𤣥之說,只是老、莊,康節深取之者,以其書亦挨傍隂陽消長,來說道理。",N
Z035366,"歐陽公所以疑《十翼》非孔子所作者,他《童子問》中,說道仰以觀於天文,俯以察於地理又說""河出圖洛出書,聖人則之只是說作《易》一事,如何有許多般様?又疑後面有許多子曰。",N
Z035367,"既言子曰,則非聖人自作這箇自是它曉那前面道理不得了,却只去這上面。",N
Z035377,"老蘇說底,亦有去那物理上,看得著處。",N
Z035381,"朱震說卦畫七八,爻稱九六,他是不理㑹得老隂老陽之變。",N
Z035387,"""曰:""明仲說得開一件義理,他便說成一片。",N
Z035390,"范氏講義》,於淺處亦說得出,只不㑹深,不㑹密,又傷要說義理多。",N
Z035392,"想當時在講延進讀,人主未必曾理㑹得。",N
Z035429,"近見一兩人所注,說得一片道理,也都好。",N
Z035444,"若得諸公見得道理透,使諸公之心,便是某心,某之心,便是諸公之心,見得不差不錯,豈不濟事耶?""",N
Z035448,"""某云:""若如此,則聖人作《易》,須得用那偏底在頭上則甚?既是乾、坤,皆是偏底道理,聖人必須作一箇中卦始得。",N
Z035452,"以天地之氣言之,則剛是陽,柔是隂;以君子、小人言之,則君子是剛,小人是柔;以理言之,則有合當用剛時,合當用柔時。",C
Z035462,"既曰《易》有太極,則不可謂之無,濓溪乃有無極之說,何也?""曰:""有太極是有此理,無極是無形器方體可求。",C
Z035512,"問乾坤古無此二字,作易》者,特立此以明道,如何?""曰:""作《易》時,未有文字,是有此理,伏羲始發出,(可學。",C
Z035539,"以此理付之,便有主宰意。",A
Z035554,"""因舉《莊子孰綱維是,孰主張是""十數句曰:""他也見得這道理,如圭峯禪師說知字様。",N
Z035615,"""徐元震問《中庸》體物而不可遺曰:""所謂體物不可遺者,葢此理於人,初不相離,萬物皆體之,究其極,只是隂陽造化而已。",C
Z035620,"健故不息,惟健乃能不息,其理是自然如此。",C
Z035627,"乾者,天之性情,指理而言也。",C
Z035665,"元亨利貞,理也,有這四段,氣也。",C
Z035668,"所以伊川說""元者物之始;亨者物之遂;利者物之實,貞者物之成這雖是就氣上說,然理便在其中。",C
Z035669,"伊川這說話,改不得,謂是有氣則理便具。",C
Z035670,"所以伊川只恁地說,便可見得物裏面便有這理。",C
Z035674,"仁義禮智,似一箇包子,裏面合下都具了,一理渾然,非有先後。",C
Z035684,"理都如此,元亨利貞,只就物上看,亦分明。",C
Z035685,"所以有此物,便是有此氣;所以有此氣,便是有此理。",C
Z035686,"故《易傳》只說""元者萬物之始,亨者萬物之長;利者萬物之遂,貞者,萬物之成不說氣,只說物者,言物則氣與理皆在其中。",C
Z035703,"然發生中,已具後許多道理,此專言也。",C
Z035773,"""曰:""此所謂理定既實,事來尚虚,存體應用,稽實待虚。",C
Z035813,"讀《易》若通得本指後,便儘說去,儘有道理可言。",N
Z035814,"敢問本指?""曰易》本因卜筮而有象,因象而有占,占辭中便有道理。",N
Z035818,"葢潛龍則勿用,此便是道理,故聖人為彖辭、象辭、文言,節節推去無限道理。",N
Z035820,"先通得《易》本指後,道理儘無窮,推說不妨。",N
Z035859,"""曰:""凡說文字,須有情理,方是用九。",N
Z035860,"當如歐公説,方有情理。",N
Z035877,"他初非理㑹家數者,而此論最得之。",N
Z035905,"如《程《易》發明道理,大義極精,只於《易》文義,多有强說不通處。",N
Z035947,"天地是形而下者,只是這箇道理,天地是箇皮殻。",C
Z035982,"問衞老疑問》中天行健一段,先生批問,他云:""如何見得天之行健?""德明竊謂天以氣言之,則一晝一夜,周行乎三百六十度之中,以理言之,則於穆不已,無間容息,豈不是至健?""先生曰:""他却不是如此,只管去自强不息上討。",A
Z035986,"要學他如此不息,只是常存得此心,則天理常行,而周流不息矣。",A
Z036050,"若只理㑹利,却是從中間半截做下去,遺了上面一截義底小人,只理㑹後面半截君子從頭來。",N
Z036130,"萬物生理,皆始於此,衆善百行,皆統於此,故於時為春,於人為仁,亨是嘉之㑹。",C
Z036138,"利者,為義之和,萬物至此,各遂其性,事理至此,無不得宜,故於時為秋,於人為義;貞者,乃事之幹,萬物至此,收斂成實,事理至此,無不的正,故於時為冬,於人為智。",C
Z036165,"文言上不必大故求道理,看来只是恊韻説將去。",N
Z036223,"進徳修業,這四箇字,煞包括道理。",N
Z036224,"徳是就心上説,業是就事上説,忠信是自家心中誠實,修辭立其誠是説處,有真實底道理。",N
Z036230,"問:""忠信進徳,莫只是實理否?""曰:""此説實理未得,只是實心。",N
Z036240,"忠信説實理,信如吾斯之未能信。",N
Z036254,"忠信如惡惡臭,如好好色,直是事事物物,皆見得如此,純是天理,則徳日進不成。",C
Z036255,"只如此了,却修辭立誠,就事上理㑹,所以居業也。",N
Z036257,"問進徳、修業,進徳只一般説,至修業,却又言居業,何也?""曰:""未要去理㑹。",N
Z036304,"所謂進徳,又是他心中已得這箇道理了。",C
Z036307,"然所謂義以方外者,只是見得這箇道理合當恁地,便只斬截恁地做將去否?""曰:""見不分曉,則圓後糊塗,便不方了。",C
Z036333,"大抵看道理,要看得他分合,各有著落,方是仔細。",N
Z036337,"所以坤元亨、利牝馬之貞,都是説箇順底道理。",N
Z036404,"""問易》之忠信,莫只是實理?""曰:""此説實理未得,只是實心。",N
Z036418,"所謂忠信也,只是虚底道理而已,這裏極難説,須是合《中庸》反諸身而誠與《孟子》反身而誠諸處看。",N
Z036474,"盖真見得這道理,遂求以至之,知終終之,是属修辭立誠上説。",N
Z036476,"""又云:""忠信進徳,是見箇修辭立誠底道理;修辭立誠,是行箇忠信進徳底道理。",N
Z036488,"忠信是真箇見得這道理,決然是如此。",N
Z036491,"然而忠信便是見得修辭立誠底許多道理,修辭立誠,便是居那忠信底許多道理。",N
Z036493,"若不曾見得,則從何處進?分眀黑淬淬地,進箇甚麽?然見得箇道理是如此,却不去做,便是空見得,如不曾見相似。",N
Z036499,"若只見得不去行時也,如何存得許多道理?惟是見得而又能行,方可以存義也。",N
Z036514,"若是那始條理、終條理底,説得麄。",N
Z036526,"徳是心上説,義是那業上底道理。",N
Z036533,"既知得箇道理如此,則堅守之而勿失,所謂可與存義也。",N
Z036586,"卦畫如何?㑹有相見之理?只是説人占得這爻,利於見大人,萬物覩之覩便是見字。",N
Z036596,如此方成文理。,N
Z036600,"看来聖人不恁地死殺説,只逐義隨事,説道理而已。",N
Z036601,"味道問:""聖人於《文言》,只把做道理説?""曰:""有此氣,便有此理。",C
Z036625,"方其自小而大,各有生意,到冬時,疑若樹無生意矣,不知却自收斂在下,每實各具生理,更見生生不窮之意。",C
Z036677,"後天而奉天時,如'天叙有典,天秩有禮'之類,雖天之所已為,而理之所在,吾亦奉而行之耳。",C
Z036693,"前數説元亨處,却説得分眀,後面幾句無理會。",N
Z036695,這般底難十分理㑹。,N
Z036719,"""曰:""隂不比陽,隂只理會得一半,不似陽兼得隂,故無所不利;隂半用,故得於西南,䘮於東北。",N
Z036756,"説者雖多,究竟如何?""曰:""此不必論,只是當時下字時,偶有不同,必欲求説,則穿鑿却反晦了,當理會底。",N
Z036887,"但既有敬之名,則須還他敬字;既有義之名,則須還他義字,二者相濟則無失,此乃理也。",C
Z036893,"""景紹曰:""敬與誠如何?""曰:""敬是戒謹恐懼之義,誠是實然之理。",C
Z036898,"問前所説敬、義、誠三者,今思之,敬以直内,義以方外,是箇交相養之理,至於誠則合一矣。",C
Z036899,"""曰:""誠只是實有此理。",C
Z036970,"""又問十年乃字,十年只是指數窮理極而言耶?""曰:""易》中此等取象,不可曉。",N
Z036976,"却與婚媾之義相通,亦說得有理。",N
Z037048,"須是得自家屋裏人從我,方能去理㑹外頭人。",N
Z037163,"但被形字無理會,不敢改他底。",N
Z037328,"至大至小之事,皆是,固是萬物本自有此理,若非聖人裁成,亦不能如此齊整。",C
Z037349,"帝乙歸妹,今人只做道理譬喻推説。",N
Z037440,"天下有不可皆同之理,故隨他頭項,去分别類族如分姓氏,張姓同作一類,李姓同作一類。",C
Z037455,先謂理直也。,C
Z037457,"言其理/直而不得伸,所以先號咷)大師克而後相遇,則後笑矣。",C
Z037458,"盖亦義理之同物,終不得而間之,故相遇也。",C
Z037506,"虧盈益謙,是自然之理。",C
Z037522,"至如文言》之類,却是就上面發眀道理,非是聖人作《易》,專為説道理以教人也。",N
Z037572,"豫之時義,言豫之時底道理。",N
Z037584,"言介然之頃,不待終日,而便見得此道理。",N
Z037613,這便是蠱底道理。,N
Z037626,"巽而止,乃治蠱之道,言當柔順而止,不可堅正,必為此説,非惟不成道理,且非《易》彖》文義。",N
Z037653,"巽而止蠱,是事事不理㑹積沓,到後面,成一大弊,故謂之蠱,非謂治蠱之道,當巽而止。",N
Z037656,"""其意謂""屋弊不可大段整理,他只得且撐柱過。",N
Z037664,"問:""巽而止蠱,莫是遇事巽順,以求其理之所止而後,為治蠱之道。",N
Z037703,"不獨説道理,自是好讀。",N
Z037751,"觀天之神道,只是自然運行底道理,四時自然不忒。",N
Z037769,"大抵《彖辭,解得《易》極分眀,子細尋索,儘有條理。",N
Z037883,"或問:""碩果不食,伊川謂陽無可盡之理。",C
Z037905,"伊川謂陽無可盡之理,剥於上則生於下,無間可容息說得甚精。",C
Z037921,"子之半後,第二陽方生,陽無可盡之理。",C
Z037934,此理自是恁地。,C
Z037963,"'盖見此理,隂陽消長亦然。",C
Z037987,"大抵《彖辭,解得《易》極分眀,子細尋索,儘有條理。",N
Z037992,"心是一箇運用底物,只是有此四者之理,更無别物,只此體驗可見。",C
Z038022,"學者體認此理,則識天地之心,故在我之心,不可有間斷也。",C
Z038025,"及其成,則物之成實者,各具生理,所謂'碩果不食是已。",A
Z038026,"大具生理者,固各繼其生,而物之歸根復命,猶自若也。",A
Z038122,"天地之氣,有消長進退,故有復;聖人之心,純乎天理,故無復。",C
Z038161,"問曰:""此是静而後能動之理,如何?如人之天理,亦甚㣲,須是無私欲撓之,則順發出来。",A
Z038185,"无妄本是無望,這是沒理㑹時節,忽然如此得来面前,朱英所謂""無望之福是也。",N
Z038197,"問:""雖無邪心,苟不合正理,則妄也。",N
Z038198,"既旡邪,何以不合正?""曰:""有人自是其心全无邪,而却不合於正理。",N
Z038199,"如賢智者過之他,其心豈曾有邪?却不合正理。",N
Z038201,"因論《易傳雖无邪心,苟不合正理,則妄也,乃邪心也。",N
Z038212,"或說无妄曰:""卦中未便有許多道理。",N
Z038217,"杯珓又何嘗有許多道理?如程子之說,說得道理儘好儘開濶,只是不如此,未有許多道理在。",N
Z038233,"""又曰:""此不可大段做道理看,只就逐象上說,見有此象,便有此義。",N
Z038235,"如今人問杯珓,杯珓上豈曾有道理?自是有許多吉凶。",N
Z038239,"問不耕穫、不菑畬曰:""言不耕不穫、不菑不畬,無所為於前,無所冀於後,未嘗畧起私意以作為,唯因時順理而已程傳》作""不耕而穫,不菑而畬,不唯添了而字,又文勢牽强,恐不如此。",N
Z038249,"又如云:""極言无妄之義是要去義理上說,故如此解易》之六爻,只是占吉凶之詞,至《彖象,方說義理。",N
Z038266,"雖是占爻,然義理亦包在其中易傳》中說未字,多費辭。",N
Z038325,"頥六四一爻,理㑹不得。",N
Z038343,"如堯、舜之有朱均,豈不能多擇賢輔而立其子?且恁地平善過,然道理去不得,須是禪授,方合義。",N
Z038344,"湯、武豈不能出師以恐嚇紂?且使其悔悟修省?然道理去不得,必須放伐而後已。",N
Z038345,此所以事雖過而皆合理也。,N
Z038350,"雖云大過,亦是常理始得。",N
Z038388,"""又問:""六四舊讀樽酒簋貳用缶本義》從之,其說如何?""曰:""既曰樽酒簋貳又曰用缶,亦不成文理。",N
Z038393,"終无咎者,始雖不甚好,然於義理無害,故終亦无咎。",N
Z038443,"""又問日昃之《離曰:""死生常理也。",N
Z038446,"""曰:""人固知常理如此,只是臨時自不能安耳。",N
Z038489,"""(《德明錄》云:""/如暑往寒),(來日往月來,皆是常理。",N
Z038497,"感應自有箇自然底道理,何必思他?若是義理,却不可不思。",N
Z038501,"問:""伊川觧屈伸往來一段,以屈伸為感應,屈伸之與感應,若不相似,何也?""曰:""屈則感伸,伸則感屈,自然之理也。",C
Z038506,'其理亦只一般。,C
Z038510,"寒暑晝夜,無非此理。",C
Z038536,"器之問程子説感通之理曰:""如晝而夜,夜而復晝,循環不窮。",C
Z038537,"所謂一動一静,互為其根,皆是感通之理。",C
Z038539,"那件無對来,隂與陽對,動與静對,一物便與一理對,君可謂尊矣,便與民為對。",C
Z038542,"往來自還,他有自然之理。",C
Z038546,"趙致道問感通之理曰:""感是事來感我,通是自家受他感處之意。",C
Z038556,"""盖天下本無二理,果同歸矣,何患乎殊塗?果一致矣,何患乎百慮?所以重言何思何慮也。",C
Z038562,"設使長長為晝而不夜,則何以息?夜而不晝,安得有此光明?春氣固是和好,只有春夏而無秋冬,則物何以成?一向秋冬而無春夏,又何以生?屈伸往來之理,所以必待迭相為用而後,利所由生。",A
Z038567,"今山林冬暖而蛇出者,往往多死,此即屈伸往來,感應必然之理。",C
Z038568,"夫子因往來兩字,説得許多大,又推以言學,所以内外交相養,亦只是此理而已。",C
Z038574,"憧憧往來,朋從爾思云:""一往一來,皆感應之常理也。",C
Z038580,"一往一來,感應之常理也,自然如此。",C
Z038584,"憧憧只是加一箇忙廹底心,不䏻順自然之理,猶言助長正心與計獲相似。",C
Z038594,"""又問:""天下何思何慮?人固不能無思慮,只是不可加私心,欲其如此否?""曰:""也不曾教人不得思慮,只是道理自然如此。",C
Z038595,"感應之理,本不消思慮,空費思量空。",C
Z038614,"今之為相者,朝夕疲精神扵應接書簡之間,更何暇理㑹國事?世俗之論,遂以此為相業。",N
Z038627,"某嘗說:'此所謂平者,乃大不平也,不知怎生平得?""僴問張文定說:""元祐某人建議,欲為調停之說者云:'但能内君子而外小人,天下自治,何必深治之哉?此能體天理人欲者也。",C
Z038636,"章忿呌曰:'他日不能陪相公喫劍得便,至如此,無可平之理,盡是拙謀。",C
Z038650,"為宰相者,毎日只了得應接,更無心理㑹國事。",N
Z038659,"至扵理㑹官職差遣,理雪罪名,凡干身計,並請一靣進状。",N
Z038675,"問咸之九五傳》曰:""感非其所見而說者,此是任貞一之理則如此?""曰:""武王不泄邇,不㤀逺,是其心量該遍,故周流如此,是此義也。",N
Z038784,"然艱則吉者,畢竟有可進之理,但必艱始吉耳。",C
Z038822,"假使其所任之人,或有作亂者,亦将不恤之乎?雖以堯、舜之聖、臯䕫、益、稷之賢,猶云屢省乃成如何説?既得同心同徳之人而任之,則在上者一切不管,而任其所為,豈有此理?且彼所為既失矣,為上者如何不恤得?聖人無此等説話。",N
Z038848,"若晦而不眀,則晦得沒理㑹了。",N
Z038872,"或問易傳》云:""正家之道,在於正倫理、篤恩義。",N
Z038873,"'今欲正倫理,則有傷恩義,欲篤恩義,又有乖於倫理,如何?""曰:""須是於正倫理處,篤恩義,篤恩義而不失倫理,方可。",N
Z038883,"問:""君子以同而異作理一分殊看如何?""曰:""理一分殊,是理之自然如此。",C
Z038890,"又如今之言地理者,必欲擇地之吉,是同也。",N
Z038920,"至上六徃蹇来碩吉,却是蹇極,有可濟之理。",C
Z038929,"兩漢以来,人主還有理㑹正心誠意否?須得人主,如窮閻陋巷之士,治心修身,講眀義理,以此應天下之務,用天下之才,方見次第。",N
Z038930,"""因言:""神廟大有為之主,勵精治道,事事要理㑹。",N
Z039001,"吉凶是事,咎是道理。",N
Z039002,"盖有事則吉,而理則過差者,是之謂吉而有咎。",N
Z039003,"享于帝吉,是祭則受福底道理。",N
Z039073,"如人盡天地之事,聖人去這裡,又看見得那天地相遇底道理出来。",N
Z039081,"包無魚,又去這裏,見得箇君民底道理。",N
Z039086,"順天命説道理時,彷彿如伊川説也。",N
Z039088,"他是説豐萃之時,若不用大牲,則便是那以天下儉其親相似,也有此理。",N
Z039091,"大率是聖人觀象,節節地看見許多道理。",N
Z039092,"看到這裏,見有這箇象,便説出這一句来,又看見那箇象,又説出那一箇理来。",N
Z039125,"困卦》難理㑹,不可曉易》中有数卦如此繫辭》云:""卦有小大,辭有險易。",N
Z039131,"又曰:""看《易》不當更去卦爻中,尋求道理,當如何處置?這箇與人卜筮,以決疑惑。",N
Z039132,"若道理當為,固是便為之,若道理不當為,自是不可做,何用更占?却是有一様事,或吉或凶,成兩岐道理,處置不得,所以用占。",N
Z039154,"朱紱赤紱,若如伊川説,使《書傳》中説""臣下皆是赤紱則可詩》中却有""朱芾斯皇""一句,是説方叔,於理又似不通,某之精力,只推得到這裏。",N
Z039190,"大槩是説理,決不是説汲井。",N
Z039203,"厯豈是那年年改革底物?治厯明時,非謂厯當改革,蓋四時變革中,便有箇治厯明時底道理。",N
Z039256,"須是先理㑹箇光明正大底綱領條目,且令自家心先正了,然後於天下之事,先後緩急,自有次第,逐旋理㑹,道理自分明。",N
Z039258,"今未曾理㑹得正心脩身,便先要治國平天下;未曾理㑹自已上事業,便先要開物成務,都倒了。",N
Z039263,"而今諸公只管講《財貨源流》是如何?兵又如何,民又如何?陳法又如何?此等事,固當理㑹,只是須識箇先後緩急之序,先其大者急者,而後其小者緩者,今都倒了這工夫。",N
Z039323,"""曰:""不見有身,不見有人,所見者何物?""曰:""只是此理。",C
Z039390,"萬物皆止其所,只有理而已,不獲其身,不見其人也。",C
Z039521,"只是如日之中,則自然照天下,不可将作道理解他。",N
Z039588,"兊》說若不是剛中,便成邪媚,下面許多道理,都從這箇剛中柔外來說。",N
Z039590,"後人都做應天順人説了,到了順天應人,是言順天理應人心。",C
Z039595,"如《和兊商兊》之類,皆不甚親切為復》是解書,到末梢,㑹懶了看,不子細為復》聖人别有意義,但先儒解,亦皆如此,無理㑹。",N
Z039600,"伊川說得那道理多了,他見得許多道理了,不肯自做他說,須要寄搭,放在經上。",N
Z039631,"東坡說這一爻最好,縁他㑹做文字,理㑹得文勢,故說得合。",N
Z039680,"如鳥占之意象,若十分理㑹著,便須穿鑿。",N
Z039773,"問未濟所以亨者,謂之未濟,便是有濟之理。",C
Z039789,"他這箇説得䟽,到他密時,盛水不漏,到他䟽時,䟽得無理㑹。",N
Z039835,"繫辭或言造化以及《易》,或言易》以及造化,不出此理。",C
Z039837,"嘗說道看《易》底,不去理㑹道理,却只去理㑹這般底。",N
Z039838,"譬如讀詩》者,不去理㑹那四字句押韻底,却去理㑹《十五國風》,次序相似。",N
Z039839,"問第一章第一節,蓋言聖人因造化之自然以作《易曰:""論其初,則聖人是因天理之自然,而著之於《書。",C
Z039843,"""又曰:""此是因至著之象,以見至微之理。",C
Z039845,"是舉天地事理以明易》自是故以下却舉《易》,以明天地間事。",C
Z039912,"此已上是将造化之實體,對《易》中之理。",C
Z039943,"""又問:""通乾坤言之,有此理否?""曰:""有如何是易簡?""曰:""他行健所以易。",C
Z039966,"只觀隤然確然,亦可見得易簡之理。",C
Z039974,"""曰:""自上臨下為險,自下升上為阻,故乾無自下升上之義,坤無自上降下之理。",C
Z039979,"""又問:""健不是他要恁地,是實理自然如此。",C
Z039987,"坤惟承天以成物,别無作為,故其理至簡。",C
Z039992,"故易簡而天下之理得,則與天地參矣。",C
Z040000,"問易則易知,簡則易從曰:""乾坤只是健順之理,非可指乾坤為天地,亦不可指乾坤為二卦。",C
Z040001,"在天地與卦中,皆是此理。",C
Z040013,"且理㑹得易字了,下面自然如破竹。",N
Z040019,"""又曰:""簡便如順道理而行,却有商量。",N
Z040037,"黄子功問:""何以不言聖人之德業,而言賢人之德業?""曰:""未消理㑹這箇得。",N
Z040041,"所以君子富貴不能淫,貧賤不能移,威武不能屈,非是剛强健之理如此。",C
Z040042,"至於出門,如見大賔,使民如承大祭,非是巽懦順之理如此。",C
Z040043,"但要施之得其當,施之不當,便不是乾坤之理。",C
Z040057,"易簡理德,只是浄浄潔潔,無許多勞擾委曲。",C
Z040081,"竊意人心本善,物各有理。",C
Z040146,"居則觀其象,玩其辭,動則觀其變,玩其占,如何?""曰:""若是理㑹不得,却如何占得?必是閒常理㑹得此道理,到用時便占。",N
Z040188,"綸,如綸絲之綸,自有條理。",N
Z040189,"言雖是彌得外面無縫罅,而中則事事物物,各有條理。",N
Z040193,"問易》與天地準,故能彌綸天地之道曰:""凡天地有許多道理易》上都有所以與天地齊準,而能彌綸天地之道。",N
Z040199,"仰以觀天文,俯以察地理,是故知幽明之故。",N
Z040200,"注云:""天文則有晝夜上下,地理則有南北髙深,不知如何?曰:""晝明夜幽,上明下幽,觀晝夜之運,日月星辰之上下,可見此天文幽明之所以然;南明北幽,髙明深幽,觀之南北髙深,可見此地理幽明之所以然。",N
Z040202,"仰以觀於天文,俯以察於地理。",N
Z040203,"天文是陽,地理是隂,然各有隂陽。",N
Z040214,"正卿問原始反終,故知死生之說曰:""人未死,如何知得死之說?只是原其始之理,将後面摺轉來看,便見得以此之有,知彼之無。",C
Z040232,"古人說'徂落二字,極有義理,便是謂魂魄。",N
Z040249,"知周乎萬物,便是知幽明、死生、鬼神之理。",C
Z040261,三節各說一理。,C
Z040270,"安土敦乎仁,對樂天知命言之,所寓而安,篤厚於仁,更無夾雜,純是天理。",C
Z040271,"自《易》與天地準而下,皆發明隂陽之理。",C
Z040275,"若自家不安,何以能愛?敦只是篤厚,去盡已私,全是天理,更無夾雜,充足盈滿,方有箇敦厚之意。",C
Z040329,"只說一隂一陽,便見得隂陽徃來循環不已之意,此理即道也。",C
Z040333,"理是虚底物事,無那氣質,則此理無安頓處易》說""一隂一陽之謂道這便兼理與氣而言。",B
Z040334,"隂陽,氣也,一隂一陽則是理矣,猶言""一闔一闢謂之變,闔闢非變也,一闔一闢則是變也。",C
Z040336,"横渠言""由氣化,有道之名,合虚與氣,有性之名,意亦以虚為理。",C
Z040337,"然虚却不可謂之理,理則虚爾,亦猶敬則虚静,不可把虚静喚作敬。",C
Z040342,"""曰:""既曰無端無始,如何又始於静?看來只是一箇實理,動則為陽,静則為隂云云。",C
Z040349,"故人未生以前,此理本善,所以謂繼之者善此則屬陽;氣質既定,為人為物,所以謂成之者性此則屬隂。",C
Z040350,"問一隂一陽之謂道曰:""一隂一陽,此是天地之理。",C
Z040355,"如說純粹至善,却是統言道理。",N
Z040357,"就人身言之,道是吾心,繼之者善,是吾心發見惻隠羞惡之類,成之者性,是吾心之理,所以為仁義禮智是也。",C
Z040366,"繼之者善,方是天理流行之初,人物所資以始,成之者性,則此理各自有箇安頓處,故為人為物,或昏或明,方是定。",A
Z040367,"若是未有形質,則此性是天地之理,如何把做人物之性得?",C
Z040375,"""又問:""先生嘗說'性是理,本無是物,若譬之寳珠,則却有是物。",C
Z040421,"富有之謂大業言萬物萬事,無非得此理,所謂富有也。",C
Z040429,"""(按:此問是/据未定本)竊意以為,天地之理,動而陽,則萬物之發生者,皆其仁之顯著;静而隂,則其用藏而不可見。",A
Z040467,"自富有至效法,是說其理如此,用處却在那極數知來與通變上面。",C
Z040468,"葢說上面許多道理,要做這用。",N
Z040475,"""曰:""便是包括許多道理。",N
Z040478,"乾、坤只是理,理本無心。",B
Z040481,"且如四時,亦只是自然迭運,春夏生物,初不道要秋冬成之,秋冬成物,又不道成就春夏之所生,皆是理之所必然者爾。",A
Z040499,"然當體便各具此道理,静而正,須著工夫看。",C
Z040500,"徐又曰:""未動時,便都有此道理,都是真實,所以下箇正字。",C
Z040560,"有這理,便有這書。",C
Z040564,"配天地時,這箇理與他一般廣大。",C
Z040566,"問易簡之善,配至德曰:""此是以易》中之理,取外面一事來對謂《易》之廣大,故可配天地易》之變通,如老陽變隂,老隂變陽,徃來變化,故可配四時。",C
Z040570,"""又問易簡之善,配至德曰:""也是易》上有這道理,如人心之至德也。",C
Z040576,"問:""廣大變通,是《易》上自有底道理,是《易》上所說造化與聖人底?""曰:""都是他《易》上說底。",N
Z040592,"""又曰:""似這處不是他特地要恁地,是他天理合如此。",C
Z040593,"知識日多,則知日髙,這事也合理,那事也合理,積累得多,業便廣。",N
Z040603,"蓋上西階而先右足,則背却主人;上東階而先左足,則背却客,自是理合如此。",C
Z040663,"横渠""知崇天也""一段,言知識高明,如天形而上指此理。",C
Z040676,"雖是雜亂,聖人却於雜亂中,見其不雜亂之理,便與下句'天下之至動而不可亂'相對。",C
Z040697,"㑹通者,觀衆理之㑹,而擇其通者而行。",C
Z040758,"剡木為矢,弦木為弧,只為睽乖,故有威天下之象,亦必待穿鑿附㑹,就卦中推出制器之義,殊不知卦中但有此理而已。",C
Z040799,"揲蓍雖是一小事,自孔子來千五百年,人都理㑹不得。",N
Z040800,"唐時人説得雖有病痛,大體理㑹得是。",N
Z040822,"""又曰:""須知得是天理合如此。",C
Z040834,"以言是取其言,以明理㫁事,如《論語》上舉不恒其德,或承之羞否?""曰:""是。",N
Z040867,"定天下之象者,物象皆有定理,只以經綸天下之事也。",C
Z040888,"古人下這字,極子細,但看他那單用處,都有箇道理。",N
Z040889,"如經綸底字,綸是兩條絲相合,各有條理,凡用綸處,便是倫理底義。",N
Z040917,"道理若淺,如何開通得人?所謂""通天下之志,亦只似説開物相似,所以下一句也説箇成務易》是説那未有底,六十四卦,皆是如此。",N
Z040933,"這般些小道理,更無窮。",N
Z040936,"""問:""如何是極深?""曰:""要人都曉得至深難見底道理,都就《易》中見得。",N
Z040940,"問易》開物成務,冒天下之道是《易》之理。",C
Z040944,"須要就卦中一一見得許多道理,然後可讀《繫辭》也。",N
Z040945,"葢《易》之為書,因卜筮以設教,逐爻開示吉凶,包括無遺,如將天下許多道理,包藏在其中,故曰""冒天下之道如利用為大,作一爻象,只曰""下不厚事也自此推之,則凡居下者,不當厚事。",N
Z040951,"居則觀其象而玩其辭,動則觀其變而玩其占者,又不待卜而後見,只是體察,便自見吉凶之理。",C
Z040960,"神以知來,知以藏徃,皆具此道理,但未用之蓍龜,故曰""古之聰明睿知神武而不殺者夫此言只是譬喻,如聖人已具此理,却不犯手耳。",C
Z040962,"聖人既具此理,又將此理,復就蓍龜上發明出來,使民亦得前知而用之也。",A
Z040967,"故聖人以此洗心,退藏於密;以此洗心者,心中渾然此理,别無他物。",C
Z040974,"蓍龜雖未用,而神靈之理具在,猶武是殺人底事,聖人却存此神武而不殺也。",C
Z040983,"又説箇""齋戒以神明其德,皆是得其理,不假其物。",C
Z040984,"前面一截説《易》之理,未是説到蓍卦卜筮處,後面方説卜筮。",C
Z040986,"前面此字,指《易》之理言。",N
Z040990,"以此洗心,都只是道理。",N
Z041003,"一卦之中,凡爻卦所載,聖人所已言者,皆具已見底道理,便是藏往。",N
Z041004,"占得此卦,因此道理,以推未來之事,便是知來。",N
Z041005,"聖人以此洗心一段,聖人胷中,都無纎毫私意,都不假卜筮,只是以《易》之理洗心。",N
Z041021,"葢聖人見得天道人事,都是這道理,蓍龜之靈,都包得盡。",N
Z041022,"於是作為卜筮,使人因卜筮,知得道理都在這裏面。",N
Z041023,"問:""明於天之道,而察於民之故,天之道,便是民之故否?""曰:""論得到極處,固只是一箇道理。",N
Z041028,"在到得極時,固只是一理,要之須是都看得周匝始得。",C
Z041033,"又云:""民用之,則神明民德;聖人用之,則自神明其德蓍之德以下三句,是未涉於用,聖人以此洗心,是得此三者之理,而不假其物。",C
Z041045,"闔闢乾坤,理與事皆如此者,亦如此。",C
Z041046,這箇只説理底意思多。,C
Z041064,"但言其次序,須有這實理,方始有隂陽也,其理則一。",C
Z041068,"當未畫卦前,太極只是一箇渾淪底道理,裏面包含隂陽、剛柔、竒耦,無所不有。",C
Z041087,"到得成果子裏面,又有生生不窮之理,生將出去,又是無限箇太極,更無停息。",A
Z041094,"此言占得此卦,隂陽老少交變,因其變,便有通之之理,鼓之舞之以盡神。",C
Z041122,"問:""變而通之,如禮樂、刑政,皆天理之自然。",C
Z041138,"今看此緼字,正是如此取義易》是包著此理,乾坤》即是《易》之體骨耳。",C
Z041158,"只是説揲蓍求卦,更推不去,説做造化之理,息也得,不若前説較平。",C
Z041166,"設若以有形無形言之,便是物與理相間㫁了。",C
Z041176,"形而上者,指理而言;形而下者,指事物而言。",C
Z041177,"事事物物,皆有其理,事物可見,而其理難知。",C
Z041182,"形而上者是理,形而下者是物。",C
Z041185,"如為君須止於仁,這是道理合如此;為人臣止於敬,為人子止於孝,為人父止於慈,這是道理合如此。",C
Z041190,"理雖小,皆形而上者。",C
Z041191,"形而上者謂之道一段,只是這一箇道理。",C
Z041263,正是說他當然之理。,C
Z041269,"天地間一隂一陽,如環無端,便是相勝底道理隂符經》說""天地之道浸,故隂陽勝浸""字最下得妙。",C
Z041289,天下當只是有一箇道理。,C
Z041300,此便是吉凶貞勝之理。,C
Z041301,"這必是一箇識道理人說,其他多不可曉。",N
Z041306,"葢吉凶二義,無兩立之理,迭相為勝,非吉勝凶,則凶勝吉矣。",C
Z041340,"問:""人君臨天下,多少大事,只言理財、正辭如何?""曰:""是因上文而言。",N
Z041341,"聚得許多人,無財何以養之?有財不能理,又不得正辭,便只是分别是非。",N
Z041343,"理財、正辭、禁非,是三事,大槩是辨别是非。",N
Z041344,"理財言,你底還你,我底還我。",N
Z041381,"如云某年王某月,箇箇相似,無理㑹處。",N
Z041384,"若只冩一年、二年、三年,則官司詞訟簿厯,憑何而決?少間都無理㑹處。",N
Z041408,"問天下同歸而殊塗一章言萬變雖不同,然皆是一理之中所自有底,不用安排。",C
Z041411,"天下萬事萬變,無不有感通徃來之理。",C
Z041417,"大底有大底闔闢消息,小底有小底闔闢消息,皆只是這道理。",C
Z041420,"精研義理,無毫釐絲忽之差,入那神妙處,這便是要出來致用。",N
Z041464,"凡事未至而空説道理,易見;事已至而顯然道理也易見。",N
Z041473,"幾者,動之㣲,是欲動未動之間,便有善惡,便須就這處理㑹。",N
Z041474,"若到發出處,更怎生奈何得?所以聖賢説慎獨,便是要就幾㣲處理㑹。",N
Z041491,"今人亦有説道知得這箇道理,及事到面前,又却只隨私欲做將去,前所知者,都自忘了,只為是不曾知。",N
Z041507,"""所以《損》有男女構精之義,亦有此理。",C
Z041546,"將那道理來事物上,與人看,就那事物上,推出那裏面有這道理。",N
Z041547,"因論《易》九卦云:""聖人道理,只在口邊,不是安排來。",N
Z041555,"巽只是低心下意,要制事,須是將心入那事裏面去,順他道理,(方能制事/方能行權)。",N
Z041559,"憂患之道,聖人去這裏,偶然看見這幾卦有這箇道理,所以就這箇説去。",N
Z041560,"若論到底睽、蹇,皆是憂禍患底事,何故却不説?以此知只是聖人偶然去這裏,見得有此理,便就這裏説出。",N
Z041564,"天下道理,只在聖人口頭,開口便是道理,偶説此九卦,意思自足。",N
Z041566,"只就此九卦中,亦自儘有道理。",N
Z041572,"三説九卦,是聖人因上面説憂患,故發明此一項道理,不必深泥。",N
Z041592,"蓋事之初,在我亦有所勉强,在人亦有所難堪,乆之當事理、順人心,這裏方易,便如利者,義之和一般。",N
Z041607,"蓋巽一隂在下,二陽在上,隂初生時,已自稱量得箇道理了,不待顯而後見。",N
Z041608,"如事到面前,自家便有一箇道理處置他不待發露出來。",N
Z041610,"稱而隠,是巽順恰好底道理。",N
Z041635,"如井以辨義等句,只是隨道理説將去,此隨波逐流句也。",N
Z041638,"見得道理精熟後,於物之精㣲委曲處,無處不入,所以說巽以行權。",N
Z041639,"問巽以行權,權是逶迤曲折,以順理否?""曰:""然。",N
Z041641,"巽為風,如風之入物,只為巽,便能入義理之中,無細不入。",N
Z041648,"問易》之所言,无非天地自然之理,人生日用之所不能須㬰離者,故曰不可逺曰:""是。",C
Z041692,"其辭危,是有危懼之意,故危懼者,能使之安平;慢易者,能使之傾覆易》之書,於萬物之理,無所不具,故曰""百物不廢其要是約要之義,若作平聲,則是要其歸之意。",C
Z041729,"""又曰:""這只是説剛健之理如此,莫硬去天地上説。",C
Z041787,"既說諸心,是理㑹得了,於事上便審,一審便是研諸慮。",N
Z041790,"問變化云為,吉事有祥,象事知器,占事知來曰:""上兩句,只説理如此,下兩句,是人就理上知得。",C
Z041792,"惟其理如此,故於變化云為,則象之而知己有之器;於吉事有祥,則占之而知未然之事也。",C
Z041846,"隂少於陽氣,理數皆如此,用全用半,所以不同。",C
Z041886,和順字、理字最好。,N
Z041913,"昔者聖人之作《易》,將以順性命之理。",C
Z041918,"問:""將以順性命之理,而下言立天地人之道,乃繼之以兼三才而兩之此恐言聖人作《易》之由。",C
Z041920,"蓋聖人見得三才之理,只是隂陽、剛柔、仁義,故為兩儀、四象。",C
Z041921,"八卦也只是這道理,六畫而成卦也,只是這道理。",C
Z041923,"""問:""模寫出來,便所謂順性命之理,性命之理,便是隂陽、剛柔、仁義否?""曰:""便是順性命之理。",C
Z041928,"問立天之道曰:""隂陽,道理也,隂陽,氣也。",C
Z041931,"然器亦道,道亦器也,道未嘗離乎器,道亦只是器之理。",C
Z041932,"如這交椅是器,可坐便是交椅之理;人身是器,語言動作,便是人之理。",C
Z041933,"理只在器上,理與器未嘗相離。",C
Z041938,這道理只循環不已。,A
Z041940,"立天之道曰隂與陽,是以氣言;立地之道曰柔與剛,是以質言;立人之道曰仁與義,是以理言。",C
Z041955,"通貫是理本如此,兩之者,隂陽、剛柔、仁義也。",C
Z041959,"問:""分隂分陽,迭用柔剛,隂陽剛柔,只是一理,兼而舉之否?""曰:""然。",C
Z042018,"八卦次序,是伏羲底,此時未有文王次序,三索而為六子,這自是文王底,各自有箇道理。",C
Z042033,"若恁地逐段理㑹得來,也無意思。",N
Z042078,"陳仲蔚問:""三皇所説甚多,當以何者為是?""曰:""無理㑹。",N
Z042085,"前人之誤,既不可攷,則後人之論,又以何為據耶?此事已釐革了,亦無理㑹處。",N
Z042092,"又有曾孫周王發之説,到這裏便是)(難理㑹,不若只兩存之。",N
Z042094,"""子不合理)(㑹到此便是難曉。",N
Z042126,"又《唐叔得禾傳記所載,成王先封唐叔,後封康叔,決無姪先叔之理。",N
Z042131,"雖然如此,其間大體義理,固可推索。",N
Z042148,"因甚只記得難底,却不記得易底,便是未易理㑹。",N
Z042172,"若使古人見今之俗語,却理㑹不得也。",N
Z042201,"如《尚書》,收拾於殘闕之餘,却必要句句義理相通,必至穿鑿,不若且㸔他分明處,其他難曉者,姑闕之可也。",N
Z042216,"如《二典三謨》等篇,義理明白,句句是實理。",N
Z042224,"今人不於此等處理㑹,却只理㑹《小序某看得《書》小序,不是孔子自作,只是周、秦間低手人作,然後人亦自理㑹他本義未得。",N
Z042236,"理是心中所有,常存此心,以觀衆理,只是此兩事耳。",C
Z042243,"不必解者,如《仲虺之誥太甲》諸篇,只是熟讀,義理自分明,何俟於解?如《洪範》則須著意解,如《典謨》諸篇,辭稍雅奥,亦須畧解。",N
Z042282,"豈有百千年前人説底話?收拾於灰燼屋壁中與口傳之餘,更無一字訛舛,理㑹不得,兼小序皆可疑堯典》一篇,自説堯一代為治之次序,至讓于舜方止,今却説是讓于舜後方作舜典》,亦是見一代政事之終始,却説歴試諸艱,是為要受讓時作也。",N
Z042302,"又稱汝為上告下之詞,亦自有理。",N
Z042323,"後因見汪玉山駁張綱諡文定/奏状,畧云:""一行状云:""公講論經㫖,尤精於書,著為論)(説探㣲索隠,無一不與聖人契,世號張氏書解臣竊/以王安石訓釋經義,穿鑿傅㑹,専以濟其刑名法術)(之説,如《書義》中所謂'敢於殄戮,乃以乂民,忍威不可/訖凶徳不可忌之類,皆害理教,不可以訓綱作《書解)(掇拾安石緒餘,敷衍而潤餙之。",N
Z042342,"才老於考究上,極有工夫,只是義理上,自是㸔得,有不仔細。",N
Z042374,"允恭、克讓,程先生説得義理亦好,只恐書意不如此。",N
Z042375,"程先生說多如此詩尤甚,然却得許多義理在其中。",N
Z042381,"顯道問堯典》自欽明文思以下,皆説堯之徳,則所謂克明俊徳者,古注作能明俊徳之人,似有理。",N
Z042390,"釐則訓治釐降,只是他經理二女下降時事爾。",N
Z042462,"'必是他去治水,有不依道理處,壊了人多弄八九年無收煞,故舜殛之。",N
Z042464,"僝功亦非灼然知,是為見功,亦且是依古注説,亦厥君先敬勞肆徂厥敬勞肆往,姦宄殺人歴人宥肆亦見厥君事,戕敗人宥之類,都不成文理,不可曉。",N
Z042564,"只是從新整理起,此是最當先理㑹者,故從此理㑹去。",N
Z042579,"每遇廵狩,凡事理㑹一遍,如文字之類。",N
Z042644,"聖人斟酌損益,低昂輕重,莫不合天理人心之自然,而無毫釐杪忽之差。",C
Z042652,"此段《舜典》載得極好,有條理,又輕重平實。",N
Z042739,"盖終日以聲音養其情性,亦須理㑹得樂,方能聽。",N
Z042766,"""曰書序》本是無證據,今引来解説,更無理㑹了。",N
Z042822,"罪疑惟輕,豈有不疑而強欲輕之之理乎?王季海當國,好出人死罪,以積隂徳,至於奴與佃客殺主,亦不至死。",N
Z042823,"(《廣録》云:""豈有此理?某嘗謂雖堯·舜之/仁,亦只是罪疑惟輕而已。",N
Z042900,道心、人心之理。,C
Z042909,"問動於人心之㣲,則天理固已發見,而人欲亦已萌。",A
Z042910,"天理便是道心,人欲便是人心。",C
Z042924,"可為善,可為不善,道心者,兼得理在裏面。",C
Z042939,"程子曰:""人心人欲故危殆;道心天理故精㣲。",C
Z042963,'渠只於兩者交界處理㑹。,N
Z042967,"合道理底是天理,徇情欲底是人欲,正當於其分界處理㑹。",N
Z043025,"人心者,人欲也,危者,危殆也;道心者,天理也;㣲者,精㣲也。",C
Z043026,物物上有箇天理人欲。,C
Z043027,"""因指書几云:""如墨上亦有箇天理人欲,硯上也有箇天理人欲,分明與他,劈做兩片,自然分曉。",C
Z043038,"""程子曰:'人心,人欲也;道心,天理也。",C
Z043075,"天人一理,只有一箇分不同。",C
Z043085,"聖人只是依傍他天理行将去,如推箇車子,本自轉将去,我這裏只是畧扶助之而已。",B
Z043130,"禹貢》一書,所記地理治水曲折,多不甚可曉。",N
Z043145,"禹當時治水也,只理㑹河患,餘處亦不大段用功。",N
Z043155,"禹只是理河水,餘處亦因河溢有些患。",N
Z043162,"不先從下泄水,却先從上理㑹下水泄未得,上當愈甚是甚。",N
Z043170,"禹貢地理》,不須大段用心,以今山川都不同了,理㑹《禹貢》,不如理㑹。",N
Z043171,"如今地理,如《禹貢濟水今皆變盡了。",N
Z043173,"後人只白捉江州,又上數千里,不説一句,及到江州數千里間,連説數處,此皆不可曉者禹貢》,但不可不知之,今地理,亦不必過用心。",N
Z043183,"其所謂地脉,尚説不通,况《禹貢》本非理㑹地脉耶?""",N
Z043194,"問《禹貢地理曰禹貢》過字有三義,有山過、水過、人過,如過九江,至于敷淺原,只是禹過此處去也。",N
Z043207,"問:""銖理㑹得彭蠡否?""銖曰:""向來只據傳注,終未透達。",N
Z043218,"若其他江水兩岸,多是山石,想亦無汎濫之患,禹是不須大段去理㑹。",N
Z043223,"地理最難理㑹,全合《禹貢》不著了。",N
Z043245,"先決九川而距海,然後理㑹畎澮。",N
Z043257,"古人所謂味道之腴,最有理可學。",N
Z043261,"又如天乃錫王勇智,他特地説勇智兩字,便可見尚書》多不可曉,固難理㑹。",N
Z043271,"湯、武征伐,皆先自説一段義理。",N
Z043280,"問:""天道福善禍淫,此理定否?""曰:""如何不定?自是道理當如此,賞善罰惡,亦是理當如此。",C
Z043281,"不如此,便是失其常理。",C
Z043282,"""又問:""或有不如此者,何也?""曰:""福善禍淫,其常理也。",C
Z043285,"且如冬寒夏熱,此是常理當如此。",C
Z043380,一則無私欲而純乎義理矣。,N
Z043386,畢竟此理如何?學者皆莫能答。,C
Z043389,"只是夢中事,説是帝真賚不得,説無此事,只是天理亦不得。",C
Z043414,"蓋高宗舊學甘盤,於義理知之亦多,故使得這説。",N
Z043447,"問為學遜志、以意、逆志之分曰:""遜志,是小著這心,去順那事理,自然見得出。",N
Z043488,"説者乃以十一年為觀兵,尤無義理。",N
Z043494,"莊仲問:""天視自我民視,天聼自我民聼謂天即理也。",C
Z043495,"""曰:""天固是理,然蒼蒼者亦是天,在上而有主宰者,亦是天,各隨他所説。",C
Z043611,"""天下只是一理。",C
Z043612,"聖賢語言雖多,皆是此理。",C
Z043614,"然間有説道理分曉處,不須訓釋,自然分明。",N
Z043622,"天子作民父母,以為天下王,則許多道理,盡在此矣。",N
Z043630,"三徳亦只是就此道理上,為之權衡。",N
Z043636,"大抵諸書初㸔,其言若不勝其異,無理㑹處,究其指歸,皆只是此理。",N
Z043687,"又須知天下有許多名色人,須逐一做道理處著始得。",N
Z043693,"無偏無陂""以下,只是反復歌詠,若細碎解,都不成道理。",N
Z043697,"問:""箕子陳《洪範》言'彛倫攸叙,見事事物物中,得其倫理,則無非此道,非道便無倫理。",N
Z043730,"但古人意精宻,只於五事上體察,是有此理。",C
Z043741,"若只管外邊出意推将去,何所不可?只是理不如此。",C
Z043749,"今人皆以皇極為大中,最無義理。",N
Z043755,"今即以皇極為大中者,更不賞善,亦不罰惡,好善惡惡之理,都無分别,豈理也哉?",N
Z043762,洪範》却可理㑹。,N
Z043798,"林聞一問:""周公代武王之死,不知亦有此理否?""曰:""聖人為之,亦須有此理。",N
Z043808,"問:""周公作《鴟鴞》之詩,以遺成王,其辭艱苦深奥,不知成王當時,如何理㑹得?""曰:""當時事變在眼前,故讀其詩者,便知其用意所在。",N
Z043815,"""曰:""伯恭愛説一般如此道理。",N
Z043817,"假無風雷之變,周公亦須别有道理。",N
Z043823,"雨反風、禾盡起,也是差異,成王如何?又恰限去啓《金縢》之書,然當周公納䇿於櫃中,豈但二公知之?盤庚更沒道理。",N
Z043827,"若説道都是古人元文,如何?出于孔氏者,多分明易曉,出於伏生者,都難理㑹。",N
Z043846,"伯恭説《書》,自首至尾,皆無一字理㑹不得。",N
Z043944,"以為誓師之辭者,固是錯連下文説了,以為命諸侯之辭者,此去祭日,只争一兩日,無縁有先誥命諸侯之理。",N
Z043950,"若説不行,而必強立一説,雖若可觀,只恐道理不如此。",N
Z043958,"""曰:""這箇只是大綱綽得箇意脉子,便恁地説,不要逐箇字去討,便無理㑹。",N
Z043959,"這箇物事,難理㑹。",N
Z043992,"東坡解《呂刑王享國百年耄""作一句,荒度作刑""作一句,甚有理。",N
Z044010,"""安卿問:""律起於何時?""曰:""律是從古來底,逐代相承修過,今也無理㑹了。",N
Z044029,"""曰:""望之道理短。",N
Z044046,"如《清廟》一倡三歎者,人多理㑹不得。",N
Z044055,"詩人只見他恁地重三疊四説,将謂是無倫理次序,不知他一句不胡亂下。",N
Z044083,"今且就詩上理㑹意義,其不可曉處,不必反倒。",N
Z044084,"""因説:""嘗見蔡行之與陳君舉説《春秋》云:'須先㸔聖人所不書處,方見所書之義,見成所書者,更自理㑹不得,却又取不書者來理㑹,少間只是説得竒巧。",N
Z044098,"大抵今人説詩,多去辨他序文,要求著落,至其正文《闗闗雎鳩》之義,却不與理㑹。",N
Z044103,"如""漢廣徳廣所及也有何義理?却是下面""無思犯禮求而不可得""幾句,却有理。",N
Z044113,"出其東門》,却是箇識道理底人做。",N
Z044114,"林子武問詩》者,中聲之所止曰:""這只是《正風雅頌》是中聲,那變風不是伯恭堅要牽合説是,然恐無此理。",N
Z044121,"風·雅·頌,詩之標名,理㑹得那興、比賦時,裏面全不大段費解。",N
Z044154,"且㸔詩》意義如何?古人一篇詩,必有一篇意思,且要理㑹得這箇。",N
Z044166,"前輩都理㑹這箇不分明,如何説得詩本指,只伊川也自未見得㸔所説有甚廣大處,子細㸔本指,却不如此。",N
Z044169,"然亦須是篇篇句句理㑹著實,見得古人所以作此詩之意,方始於吟咏上有得。",N
Z044208,"不知先儒何故不虚心仔細㸔這道理,便只恁説却。",N
Z044220,"今謂君之儉,反過於禮,而民之俗猶知用禮,則必無是理也。",N
Z044228,"今序者不知本㫖,見有""勿踐履""之説,則便謂""仁及草木見戚戚兄弟,便謂""親睦九族見黄耉台背,便謂""飬老見""以祈黄耉,便謂""乞言見介爾景福,便謂""成其福禄細細碎碎,殊無倫理,其失為尤甚。",N
Z044248,"又其序與《詩,全不相合,詩詞理甚順,平易易㸔,不如序所云。",N
Z044252,"因論《詩》,歴言小序大無義理,皆是後人杜撰,先後增益,湊合而成,多就詩中採摭言語,更不能發明詩之大㫖。",N
Z044253,"纔見有漢之廣矣""之句,便以為徳廣所及;才見有命彼後車""之言,便以為不能飲食教載行葦》之序,但見牛羊勿踐,便謂仁及草木;但見戚戚兄弟,便謂親睦九族;見《黄耉台背,便謂飬老見以祈黄耉,便謂乞言見介爾景福,便謂成其福禄,隨文生義,無復倫理卷耳》之序,以求賢審官,知臣下之勤勞,為后妃之志事,固不倫矣。",N
Z044259,"大序却好,或者謂補湊而成,亦有此理書》小序亦未是。",C
Z044274,"且如今人見人纔做事,便作一詩,歌美之,或譏刺之,是甚麽道理?如此一似里巷無知之人,胡亂稱頌䛕説把持放鵰何以見先王之澤,何以為情性之正?詩中數處,皆應答之詩。",N
Z044300,"不知而今做義人到這處,将如何做?於理決不順。",C
Z044356,"才老欲音嚴為荘云,避漢諱,却無道理。",N
Z044391,"若逐一根究,然後討得些道理,則殊不濟事。",N
Z044395,"一字皆有理,如《詩》亦要逐字将理去讀,便都礙了。",N
Z044396,"問:""聖人有法度之言,如《春秋書》與《周禮》字較實詩》無理㑹,只是㸔大意,若要将序去讀,便礙了。",N
Z044416,"㸔詩義理外,更好㸔他文章。",N
Z044424,"盖是王公大人好生地做,都是識道理人言語,故它裏靣説得儘有道理,好仔細㸔,非如《國風》,或出於婦人小夫之口,但可觀其大槩也。",N
Z044439,"某遵用其説,去誦味來,固有箇涵泳情性底道理,然終不能有所啓發。",N
Z044456,"興只是興起,謂下句直説不起,故将上句帶起來説,如何去上討義理?今欲觀詩,不若且置小序及舊説,只将原詩虚心熟讀,徐徐玩味,候彷彿見箇詩人本意,却從此推尋将去,方有感發。",N
Z044464,"後人便自做箇道理解説,於其造意下語處,元不及究。",N
Z044474,"今公讀詩,只是将己意去包籠他,如做時文相似,中間委曲周旋之意,盡不曾理㑹得,濟得甚事?若如此㸔,只一日便可觀盡,何用逐日只捱得數章,而又不曾透徹耶?且如人入城郭,須是逐街坊·里巷·屋廬·臺榭·車馬·人物,一一㸔過方是。",N
Z044478,"詩》如今恁地注解了,自是分曉易》理㑹。",N
Z044479,"但須是沈潜諷誦,玩味義理,咀嚼滋味,方有所益。",N
Z044486,"須是打疊得這心光蕩蕩地,不立一箇字,只管虚心讀他,少間推來推去,自然推出那箇道理。",N
Z044487,"所以説""以此洗心便是以這道理,盡洗出那心裏物事,渾然都是道理。",N
Z044490,"㸔來書,只是要讀,讀得熟時,道理自見,切忌先自布置立説。",N
Z044531,"'先生《集傳》却㸔諸家解曰:'便是不如此,無却㸔底道理。",N
Z044532,"才説却理㑹,便是悠悠語。",N
Z044545,"有《詩》本末篇,又有論云:""何者為《詩》之本,何者為《詩之末?詩之本,不可不理㑹,詩之末,不理㑹得也無妨。",N
Z044582,"皆是後人託之,仍是不識義理不曉事。",N
Z044590,"且豈不是淫奔之辭?只縁《左傳》中韓宣子引""豈無他人,便将做""國人思大國之正已不知古人引詩,但借其言以寓己意,初不理㑹上下文義,偶一時引之耳。",N
Z044595,"當時解詩時,且讀本文四五十遍,已得六七分,却㸔諸人説與我意如何?大綱都得之,又讀三四十遍,則道理流通自得矣。",N
Z044615,"這一部《詩》并諸家解,都包在肚裏公而今只是見已前人解《詩》,便也要注解,更不問道理,只認捉著,便據自家意思,説於已無益,於經有害,濟得甚事?凡先儒解經,雖未知道,然其盡一生之力,縱未説得七八分,也有三四分。",N
Z044617,"今公纔㸔着,便妄生去取,肆以己意,是發明得箇甚麽道理?公且説人之讀書,是要将作甚麽用?所貴乎讀書者,是要理㑹這箇道理,以反之於身,為我之益而已。",N
Z044628,"前輩謂二南》猶《易》之乾坤,其詩粹然無非道理,與他詩不同。",N
Z044632,"闗睢》一詩,文理深奥,如《乾坤卦》一般,只可熟讀詳味,不可説。",N
Z044645,"且要從《關關雎鳩在河之洲云云裏靣㸔義理是如何?今人讀書,只是説向外面去,却於本文全不識。",N
Z044666,"且依古人書,恁地讀去,久後自然見得義理。",N
Z044707,"某所著《詩傳》,盖皆推尋其脉理,以平易求之,不敢用一毫私意。",N
Z044727,"""又問詩序》説麟趾之時,無義理,曰:""此語有病。",N
Z044728,"時舉説:""雖衰世之公子,皆信厚如麟趾之時,似亦不成文理。",N
Z044746,"如此詩序,自是兩三人作,今但信詩,不必信序,只㸔詩中説""不我以不我過、不我與便自見得不與同去之意,安得勤而無怨之意?""因問器之:""此詩《召南》詩》如何?公方㸔《周南》,便又説《召南讀書且要逐處沈潜,次第理㑹,不要班班剥剥,指東摘西,都不濟事。",N
Z044766,"讀詩須合如此㸔所謂詩可以興、可以觀、可以羣、可以怨是詩中一箇大義,不可不理㑹得也。",N
Z044773,"前乎千百世之已往,後乎千百世之未來,只是此箇道理。",C
Z044777,"""曰:""不知古人文字之美,詞氣温和,義理精宻如此,秦、漢以後,無此等語。",N
Z044791,"又如《摽有梅》,女子自言婚姻之意,如此㸔來,自非正理。",N
Z044816,"雖於理為未當,然視夫父子相殺、兄弟相戮者,則大相逺矣。",C
Z044891,"問鷄鳴詩序》却似不妨,詩中却要理㑹。",N
Z044969,"聖賢格言,自是句句好,須知道那一句有契於心,著實理㑹得那一句透,如此推來推去,方解有得。",N
Z044972,"""因云:""如《破斧詩》,却是一箇好話頭,而今却只去理㑹那聖人之徒,便是不曉。",N
Z044974,"""曰:""當初只是疑被堅執鋭,是麄人,如何謂之聖人之徒?""曰:""有麄底聖人之徒,亦有讀書識文理底盜賊之徒。",N
Z044975,"破斧詩》,最是箇好題目,大有好理㑹處。",N
Z045025,"盖居患難則人情不期而相親,故天理常易復;處逸樂,則多為物欲所轉移,故天理常隠而難尋。",C
Z045027,"""曰:""所謂生于憂患,死于安樂,那二章,正是遏人欲而存天理,須是恁地㸔。",C
Z045165,"文王詩,直說出道理。",N
Z045166,"帝命文王,豈天諄諄然命之耶?只文王要恁地,便是理合如此,便是帝命之也。",C
Z045171,"""曰:""理是如此。",C
Z045173,"在帝左右,察天理而左右也。",C
Z045192,"先生以為無甚義理之興,或解云云,先生曰:""解書之法,只是不要添字。",N
Z045199,"古注并諸家,皆作逺字,甚無道理禮記》注訓胡字甚好。",N
Z045203,"時舉説《皇矣詩先生謂:""此詩稱文王徳處,是從無然畔援、無然歆羨上説起,後面却説不識不知,順帝之則見得文王先有這箇工夫,此心無一毫之私,故見於伐崇伐宻,皆是道理合著恁地,初非聖人之私怒也。",C
Z045220,"履巨跡之事,有此理。",C
Z045281,"(《賀孫録》云:""這裏若有些/違理,恰似天知得一般。",N
Z045289,"今所以理㑹不透,祗是以天與仁為有二也。",N
Z045295,"""道夫曰:""如此則是合正理而不紊其序,便是仁。",N
Z045299,"""因言:""讀書窮理,當體之於身。",N
Z045306,"詩中辭氣,若作自警,甚有理,若作刺厲王,全然不順。",N
Z045308,"抑》小序衞武公刺厲王,亦以自警,不應一詩既刺人,又自警之理。",N
Z045366,"古人只是平說《中庸》,無一理不明,即是明哲。",N
Z045367,"若只見得一偏,便有蔽,便不能見得理盡,便不可謂之明哲。",N
Z045368,"學至明哲,只是依本分行去,無一事不當理,即是保身之道。",N
Z045399,"因說《孝經》,是後人綴緝,問此與《尚書》同出孔壁,曰:""自古如此說,且要理㑹道理是與不是。",N
Z045400,"""適有問重卦并彖象者,某答以且理㑹重卦之理,不必問此是誰作,彼是誰作。",N
Z045403,"問孝經》一書,文字不多,先生何故不為理㑹過?""曰:""此亦難說。",N
Z045407,"如下面說孝莫大於嚴父,嚴父莫大於配天,則豈不害理?儻如此,則須是如武王、周公,方能盡孝道。",N
Z045410,"其言在《左氏傳國語》中,即上下句文理相接,在《孝經》中,却不成文理。",N
Z045419,"只是雜史傳中胡亂冩出來,全無義理。",N
Z045435,"此等處,儘有理㑹不得處。",N
Z045448,"人道《春秋》難曉,據某理㑹來,無難曉處。",N
Z045450,"但是㸔今年有甚麽事,明年有甚麽事?禮樂征伐,不知是自天子出,自諸侯出,自大夫出,只是恁地,而今却要去一字半字上,理㑹褒貶,却要去求聖人之意,你如何知得他肚裏事?",N
Z045488,"魯桓之弑,天王之不能討,罪惡自著,何待於去秋冬而後見乎?又如貶滕稱子,而滕遂至於終春秋》稱子,豈有此理?今朝廷立法,降官者猶經赦叙復,豈有因滕子之朝桓,遂併其子孫而降爵乎?",N
Z045495,"或有解《春秋》者,専以日月為褒貶,書時月則以為貶,書日則以為褒,穿鑿得全無義理。",N
Z045496,"若胡文定公所解,乃是以義理穿鑿,故可觀。",N
Z045531,"不如且研窮義理,義理明則皆可遍通矣。",N
Z045542,"叔器問讀《左傳》法?""曰:""也只是平心㸔那事理。",N
Z045561,"又諸侯不朝聘於周,而周反下聘於列國,是甚道理?",N
Z045562,"左氏之病,是以成敗論是非,而不本於義理之正。",N
Z045569,"'夫只知有利害,不知有義理。",N
Z045575,"然世間利害如何,被人趨避了?君子只㸔道理合如何,可則行,不可則止,禍福自有天命。",N
Z045584,"吾雖處得)(十分利,有害隨在背後,不如且就理上求之。",N
Z045586,"若不明其理而顧利害,則見危致命者,反不如/偷生苟免之人。",N
Z045594,"問左傳》載卜筮有能先知數世後事,有此理否?""曰:""此恐不然。",N
Z045598,"左傳國語惟是周室一種士大夫,說得道理大故細宻。",N
Z045604,胡文定義理正當。,N
Z045606,"李丈問《左傳》如何?""曰左傳》一部,載許多事,未知是與不是,但道理亦是如此,今且把來㕘攷。",N
Z045607,"""問《公榖》如何?""曰:""據他說,亦是有那道理。",N
Z045609,"如孫復、趙啖、陸淳、胡文定,皆說得好道理,皆是如此。",N
Z045612,"擇之說文定說得理太多,盡堆在裏面曰:""不是如此底,亦壓從這理上來。",N
Z045615,"只是不知大義,専去小處理㑹,往往不曾講學公榖》考事甚踈,然義理却精。",N
Z045620,"史學者記得事却詳,於道理上便差,經學者於義理上有功,然記事多悮。",N
Z045637,"且如公與夫人如齊,必竟是理㑹甚事,自可見。",N
Z045639,"今理㑹得一箇義理後,将他事來處置,合於義理者為是,不合於義理者為非,亦有喚做事而未盡善者,亦有謂之不是而彼善於此者。",N
Z045642,"只是《春秋》却精細,也,都不說破,教後人自将義理去折𠂻。",N
Z045648,"其有合道理者,疑是聖人之舊。",N
Z045649,"春秋》難理㑹公糓》甚不好,然又有甚好處。",N
Z045678,"今日得程《春秋解》,中間有說好處,如難理㑹處,他亦不為決然之論。",N
Z045700,但《春秋》自難理㑹。,N
Z045706,"""曰:""文定是如此說道理也是恁地。",N
Z045707,"但聖人只是書放那裏,使後世因此去考見道理,如何便為是,如何便為不是。",N
Z045730,"""問:""洽尋常如何理㑹是相命?""曰:""嘗考之矣。",N
Z045741,"""曰:""說亦有理。",N
Z045743,"且如解經,不使道理明白,却就其中,多使故事,大與做時文答䇿相似。",N
Z045772,"問:""春王正月,是用周正,用夏正,曰:""兩邊都有證據,将何從?""(《義剛録》云:""這箇難稽/考,莫去理㑹這箇。",N
Z045773,""")某向來只管理㑹,此不放下,竟擔閣了。",N
Z045782,"今/更不可理㑹,據今叶時'字,則當作尼字讀。",N
Z045791,"""仁,人心也,固有此理,然不知仁如何,却喚做元。",C
Z045792,"如程子曰:""天下之理,原其所自,未有不善易傳》曰:""成而後有敗,敗非先成者也;得而後有失,非得何以有失也?""便說得有根源。",C
Z045804,"義剛曰:""荘公見潁考叔而告之悔,此是他天理已漸漸明了。",C
Z045806,"及其既動,却好開明義理之說,使其心豁然知有天倫之親。",N
Z045824,"遇他做得來好時,便說他好,做得來不好時,便說他不是,却都不折之以理之是非,這是他大病。",N
Z045829,"左氏豫凶事之說,亦有此理。",C
Z045852,"先儒謂《春秋》不譏,是否?""曰:""他當初只是據事如此寫在,如何見他譏與不譏?當桓公被殺之初,便合與他理㑹,使上有明天子,下有賢方伯,便合上告天子,下告方伯,興復讐之師。",N
Z045853,"只縁周家衰弱,無赴愬處,荘公又無理㑹,便自與之主婚,以王姬嫁齊,及到桓公時,又自隔一重了。",N
Z045866,"若謂《春秋》謹嚴,便没理㑹,或只是魯亂已甚,後來季友立得僖公,再整頓得箇社稷起,有此大功,故取之,與取管仲意同。",N
Z045909,"中國之諸侯,晉以私伐之,乃反使楚人來救,如晋侯侵曹,晉侯伐衞,楚人救衞,其辭皆聖人筆削,要來此處㸔義理。",N
Z045940,"""文蔚曰:""里克當獻公在時,不能極力理㑹,及獻公死後,却殺奚齊,此亦未是。",N
Z045942,"獻公在日,與他說不聼,又怎生奈何得他?後來亦用理㑹,只是不合殺了他。",N
Z045991,"問:""民受天地之中以生,中是氣否?""曰:""中是理,理便是仁義禮智,曷常有形象來?凡無形者,謂之理,若氣則謂之生也。",C
Z045997,"知生則便知死,只是此理。",C
Z046002,"世間自有箇道理如此,不可謂無,特非造化之正耳。",C
Z046042,"或問:""子産相鄭,鑄刑書作丘賦,時人不以為然,是他不達為國以禮底道理,徒恃法制以為國,故鄭國日以衰削。",N
Z046075,"盖自平王以來,便恁地無理㑹了。",N
Z046095,"大抵齊、魯之儒多質實,當時或傳誦師説,見理不明,故其言多不倫禮記》中亦然。",N
Z046099,"如朝聘、㑹盟、侵伐等事,皆是因人心之敬肆,為之詳畧,或書字或書名,皆就其事而為之義理最是酙酌,毫忽不差。",N
Z046100,"後之學《春秋》,多是較量齊、魯長短,自此以後,如宋襄、晉悼等事,皆是論伯事業,不知當時為王道作邪,為伯者作邪?若是為伯者作,則此書豈足為義理之書?""曰:""大率本為王道,正其紀綱。",N
Z046101,"㸔已前《春秋》文字雖觕,尚知有聖人明道正誼道理,尚可㸔。",N
Z046110,"今将六經做時文,最説得無道理。",N
Z046153,"問:""先生於二禮書春秋》未有說,何也?""曰春秋》是當時實事,孔子書在册子工,後世諸儒學未至,而各以己意揣度,正横渠所謂非理明義精而治之,故其說多鑿是也。",N
Z046157,"此無他,是不曾見耳康誥》以下三篇,更難理㑹。",N
Z046184,"甞謂後世有大聖人者作,與他整理一番,令人甦醒,必不一一盡如古人之繁,但倣古之大意。",N
Z046211,且是要理㑹大本大原。,N
Z046214,"如今所理㑹許多,正是籩豆之事。",N
Z046215,"曾子臨死,教人不要去理㑹這箇。",N
Z046221,"看孟子不去理㑹許多細碎,只理㑹許多大原大本。",N
Z046222,"又曰:""理㑹《周禮》,非位至宰相,不能行其事。",N
Z046223,"自一介論之,更自逺在,且要就切實理㑹受用處。",N
Z046228,"若使不合於道理,不和於人神,雖有必勝之法,無所用之問器逺昨日又得書,説得大綱也是如此。",N
Z046230,"只是説得都似,須是理㑹到十分,是始得如人射一般。",N
Z046238,"今合下便要做第四五等人,説道就他才地如此,下梢成甚麽物事?""又曰:""須是先理㑹本領端正,其餘事物,漸漸理㑹到上面。",N
Z046239,"若不理㑹本領了,假饒你百靈百㑹,若有些子私意,便粉碎了。",N
Z046245,"""又曰:""胡氏開治道齋,亦非獨只理㑹這些。",N
Z046247,"""又曰:""君舉所説,某非謂其理㑹不是,只不是次序。",N
Z046249,"如今人須是理㑹身心,如一片地相似,須是用力仔細開墾。",N
Z046253,"""來那様事,不著理㑹。",N
Z046254,"若本領是了,少間如兩漢之所以盛是如何,所以衰是如何?三國分併是如何?唐初間如何興起,後來如何?衰?以至於本朝,大綱自可理㑹。",N
Z046256,"某之諸生,度得他脚手,也未可與拈盡許多,只是且教他就切身處理㑹。",N
Z046275,"且如一日全不得去講明道理,不得讀書,只去應事也,須使這心,常常在這裏。",N
Z046276,"若不先去理㑹得這本領,只要去就事上理㑹。",N
Z046277,"雖是理㑹得許多骨董,只是添得許多雜亂,只是添得許多驕吝。",N
Z046278,"某這説的,定是恁地,雖孔子復生,不能易其説,這道理只一而已。",N
Z046279,"今日百事,無人理㑹,姑以禮言之。",N
Z046288,"及政和間,修《五禮》,一時姦邪以私智損益,疏略牴牾,更没理㑹,又不如《開寳禮",N
Z046289,"漢儒説禮制,有不合者,皆推之以為商禮,此便是没理㑹處。",N
Z046292,"向來朝廷理㑹制度,某道却是一件事,後來只恁休了。",N
Z046325,"黄只是讀書,不曽理㑹這功夫。",N
Z046333,"古者禮學,是專門名家,始終理㑹此事,故學者有所傳授,終身守而行之。",N
Z046337,"本不當如此,姑狥人情,從厚為之,是何所為如此?豈有堂堂中國朝廷之上,以至天下儒生,無一人識此禮者?然而也是無此人,州州縣縣秀才與太學秀才,治《周禮》者,不曽理㑹得《周禮》,治《禮記》者,不曾理㑹得《禮記》,治《周易》者,不曾理㑹得《周易》,以至《春秋詩都恁地,國家何頼焉?""因問張舅,聞其已死,再三稱歎,且詢其子孫,能守其家學否,且云:""可惜朝廷不舉用之,使典禮儀。",N
Z046339,"這箇典禮,自是天理之當然,欠他一毫不得,添他一毫不得。",C
Z046341,"這都不是聖人白撰出,都是天理決定合著如此。",C
Z046342,"後之人此心未得似聖人之心,只得將聖人已行底,聖人所傳於後世底,依這様子做,做得合時,便是合天理之自然。",C
Z046358,"為人子者,方遭喪禍,使其一一欲纎悉盡如古人制度,有甚麽心情去理㑹?古人此等衣服冠屨,每日接熟於耳目,所以一旦喪禍,不待講究,便可以如禮。",N
Z046359,"今却閒時,不曾理㑹,一旦荒迷之際,欲旋講究,勢必難行。",N
Z046368,"且如冠,便須於祭祀,當用如何底,於軍旅當用如何底,於平居當用如何底;於見長上當用如何底,於朝廷治事,當用如何底?天子之制當如何,卿大夫之制當如何,士當如何,庻人當如何?這是許多冠都定了,更須理㑹衣服等差,須用上衣下裳,如佩玉之類,只於大朝㑹、大祭祀用之,五服亦各用上衣下裳,齊斬用麄布,期功以下,又各為降殺,如上組衫一等紕繆鄙陋服色,都除了。",N
Z046370,"今若只去零零碎碎,理㑹些小,不濟事。",N
Z046372,"楊通老問禮書曰:""看禮書,見古人極有精宻處,事無微細,各各有義理。",N
Z046375,"兼自家工夫未到,只去理㑹這箇下梢,溺於器數,一齊都昏倒了。",N
Z046382,"舊嘗以此例授潘恭叔,渠亦曽整理數篇來。",N
Z046397,"余正父欲用《國語》,而不用《周禮然《周禮》豈可不入《國語辭多理寡,乃衰世之書,支離蔓衍,大不及《左傳看此時文章若此,如何㑹興起國家?坐間朋友問是誰做?""曰:""見説是左丘明做。",N
Z046398,"因理㑹所編《禮書》,分經分傳而言曰:""經文精確峻潔,傳文則詞語泛濫國語》所載事跡,多如此。",N
Z046404,"因云:'某已衰老,其間合要理㑹文字,皆起得箇頭在,及見其成與不見其成,皆未可知。",N
Z046405,"萬一不及見此書之成,諸公千萬勉力整理得成。",N
Z046411,"若今便要理㑹一二項小小去處,不濟事,須大看世間,都得其宜方好。",N
Z046413,"又云:'使鄭康成之徒制作也,須略成箇模様,未説待周公出制作,如今全然没理㑹,奈何?若有考禮之人,又須得上之人信得及這事行之天下,亦不難。",N
Z046439,"契敷五教,是欲使人明於人倫,曉得這道理;䕫典樂教胄子,是欲使人飬其徳性,而實有諸已,此是一篇綱領。",N
Z046468,"""不當則有罰,再不當則削其地,三不當則罷之廢之而托於諸侯為寓公,恐無此理。",N
Z046485,"禮編》纔到長沙,即欲招諸公來同理㑹後見彼事叢,且不為久留計,遂止。",N
Z046496,"今以半日看義理文字,半日類禮書,亦不妨。",N
Z046594,"(淳○《義剛録》云:""擇之云/自《通典》後,无人理㑹《禮)(本朝但有陳祥道、陸佃畧理㑹來曰:""陳祥道理㑹得/也穏,陸農師也有好處,但杜撰處多,如《儀禮》云云)",N
Z046633,"㸔來髙祖死,豈有不為服之理?須合行齊衰三月也。",N
Z046642,"""又問先儒争濮議事,曰:""此只是理㑹稱親。",N
Z046682,"祖無奠而亡者難獨享否?""曰:""不須如此理㑹禮》說有奠處便是合有奠,無奠處便合無奠,更何用疑?其他可疑處却多。",N
Z046693,"只為學有先後,先須理㑹自家身心合做底學周禮》却是後一截事,而今且把來說㸔,還有一句干渉吾人身心上事否?""",N
Z046725,"或謂周公作此書,有未及盡行之者,恐亦有此理。",N
Z046799,"若是恁地,每一國添了許多地,便著移了許多人家社禝,恐無此理。",N
Z046805,"他那舊時國,都恁大了,却封得恁地小,教他與那大國雜居也,於理勢不順。",N
Z046830,"所以吾儒貴窮理致知,便須事事物物理㑹過。",N
Z046835,"至其他卿,則一人理一事。",N
Z046933,用之曰:'人如何測得如此?恐無此理。,N
Z046934,"""曰:""雖不可知,然厯家推筭,其數皆合,恐有此理。",N
Z046960,"問六德、智、聖曰:""智是知得事理,聖便髙似智,皆無所不通明底意思。",N
Z047012,"先生與曹兄論井田曰:""當時須别有箇道理,天下安得有箇王畿千里之也?將鄭康成圖來,安頓於上。",N
Z047026,"㸔來道字,只是曉得那道理而已。",N
Z047027,"大而天地事物之理,以至古今治亂、興亡、事變、聖賢之典䇿,一事一物之理,皆曉得所以然,謂之道。",N
Z047064,"這箇今且理㑹得大槩,若要盡依他行時,也難。",N
Z047071,"前軰云:'夲朝稅輕於什一也只是向時可恁地說,今何啻數倍?縁上面自要許多用,而今縣中,若省解些月椿㸔,州府不來打罵麽?某在漳州,解發銀子,折了星兩,運司來取,被某不能管得,判一箇,可付一笑字,聽他們自去理㑹。",N
Z047082,"若只坐視他害民又不得,却如何區處?""(《淳録》云:""封建以大體言之,却是聖人公共為民/底意思,是為正理。",N
Z047083,"以利害計之,第一世所封之)(功臣猶做得好,在第二世繼而立者,箇箇定是不曉/事,則害民之事,靡所不為,百姓被苦,來訴國君,因而)(罷了,也不是不與他理㑹,亦不是末論别處/如何?只這一處,利少而害多,便自行不得),更是人也自不肯去。",N
Z047085,"(《淳録》作他定/以荒僻不樂),寜肯作錢塘縣尉?唐時理㑹一番襲封刺史,人都不肯去。",N
Z047089,"若是以大槩論之,聖人封建,却是正理,但以利害言之,則利少而害多。",N
Z047095,"如子由便是只管說後說得,更無理㑹。",N
Z047118,"周禮》六書制字,固有從形者,然為義各不同,却如何必欲說義理得?龜山有辯荆公字說三十餘字。",N
Z047173,"雖不曉義理,却尚自記得。",N
Z047176,"如《周禮王制》,是制度之書大學中庸》,是説理之書儒行樂記》,非聖人之書,乃戰國賢士為之。",N
Z047196,"鄭康成是箇好人,考禮名數,大有功,事事都理㑹得。",N
Z047214,"'若不改,成甚義理?""",N
Z047219,"又如陸農師㸃""人生十年曰幼作一句學作一句下放,此亦有理。",N
Z047249,"記《曲禮》者撮其言,反帶若夫""二字,不成文理,而鄭康成又以丈夫解之,益謬他也。",N
Z047256,"""此説如何?""曰:""道理亦大綱是如此,只是説得不甚分曉。",N
Z047286,"問禮》云:'父不祭子,夫不祭妻何也?""曰:""便是此一説,被人解得,都無理㑹了。",N
Z047430,"王制特禴、祫禘、祫嘗、祫烝之説,此沒理㑹。",N
Z047438,"又云春秋》書禘于太廟,用致夫人又不知禘於太廟,其禮如何?太廟是周公之廟,先儒有謂魯亦有文王廟左氏載鄭祖厲王,諸侯不敢祖天子,而當時越禮如此,故公廟設於私家,皆無理㑹處。",N
Z047442,"盖是風氣之中,有自然之理,便有自然之字,非人力所能安排。",C
Z047466,"漢赤帝子事,果有之否?""曰:""豈有此理?盡是鄙俗相傳傅㑹之談。",N
Z047468,"只是他前代推得,都沒理㑹。",N
Z047474,"是時諸公皆爭以為本朝當用土德,改正五代之序,而去其一以承周,至引太祖初生時,胞衣如菡萏,徧體如真金色,以為此真土德之瑞,一時煞争議,後來卒用火德,此等皆沒理㑹。",N
Z047527,"如信,就本然之理說,是信,就自家身上說,信又不同,就物上說,又不同。",C
Z047575,'粗者亦有此理。,C
Z047686,"聖賢生斯世,若是見似,而今都無理㑹他,豈不為之惻然?思有以救之?孔子三月無君,則皇皇如也,但不可枉尺直尋。",N
Z047693,"古人服各有等降,若理㑹得雜服,則於禮亦思過半矣。",N
Z047708,"今人多以難中有道理,而不知通其易,則難自通,此不可不曉。",N
Z047710,"若先其難者,理㑹不得,更進步不去,須先其易者難處,且放下,少間見多了,自然相證而解説字,人以為悅,恐只是説字說證之義也。",N
Z047713,"非特善問,讀書求義理之法皆然。",N
Z047714,"置其難處先,理㑹其易處,易處通,則堅節自迎刃而解矣。",N
Z047720,"盖義理相說之久,其難處自然觸發解散也。",N
Z047736,"好惡無節於内,知誘於外,不能反躬,天理滅矣。",A
Z047755,"然這天理本是儱侗,一直下來。",C
Z047757,"才差其界限,則便是不合天理。",C
Z047758,"所謂禮樂,只要合得天理之自然,則無不可行也。",C
Z047770,"""曰:""禮主減,樂主盈,鬼神亦只是屈伸之義,禮樂、鬼神一理。",C
Z047790,"如云""為六畜五牲三犧,以奉五味""云云之類,都是做這箇去合那天,都無那自然之理。",C
Z047795,"此是言一氣之和,無所不通否?""曰:""此亦以理言。",C
Z047796,"有是理,即有是氣。",C
Z047798,"""文蔚曰正義》却有甘露降、醴泉出等語曰:""大綱亦是如此,縁先有此理,末梢便有這徵驗。",C
Z047821,"如《易直子諒之心""一句,子諒從來說得無理㑹。",N
Z047823,"子武問:""天則不言而信,莫只是實理;神則不怒而威,莫只是不可測知否?""曰:""也是恁地。",C
Z047827,"李丈問四時之祫,髙祖有時而在穆曰:""某以意推之,如此無甚𦂳要,何必理㑹?禮書大槩差舛不可曉。",N
Z047971,"衆心之所輻湊處,便自暖,故便有一箇靈底道理。",C
Z047975,"""廣云:""人心聚處,便有神,故古人郊則天神格,廟則人鬼享,亦是此理。",C
Z047985,"然方其生也,而隂陽之理,已附其中矣。",B
Z047986,"""又曰:""今且未要理㑹到鬼神處。",N
Z047987,大凡理只在人心。,C
Z047988,"此心一定,則萬理畢見,亦非能自見也。",B
Z047996,"問:""聖人凡言鬼神,皆只是以理之屈伸者言也。",C
Z047997,"至言鬼神禍福凶吉等事,亦只是以理言。",C
Z047999,"人能順理則吉,逆理則凶,於其禍福亦然。",C
Z048009,"鬼神固是以理言,然亦不可謂無氣。",C
Z048042,"鄉飲酒義三讓之義,注䟽以為""月三日而成魄魄三月而成時""之義,不成文理,説倒了。",N
Z048069,"又云五禮新儀》固未是,至如今又皆不理㑹。",N
Z048080,"神宗嘗欲正此禮數,王安石答以""先理㑹得學問了,這般事,自有人出理㑹遂止。",N
Z048207,"義剛曰:""如俗禮,若不大段害理者,些小不必盡去也得。",N
Z048218,"'某怕聖人出來,也,只隨今風俗,立一箇限制,須從寛簡,而今考得禮,仔細一一如古,固是好,如考不得,也,只得隨俗不礙理底行去。",N
Z048223,"""又云:""一人自在下面,做不濟事,須是朝廷理㑹一齊與整頓過。",N
Z048224,"""又云:""康節説:'某今人須著今時衣服,忒煞不理㑹也。",N
Z048274,"衆議欲以日易月,張晉彦為司理,為明仲言:""前世以日易月,皆是有遺詔。",N
Z048285,"要合那邊,要合這邊,到這裏一重大利害處,却沒理㑹,却便成易了。",N
Z048287,"器逺問:""安常習故是如何?""曰:""且如親生父母,子合當安之,到得立為伯叔後,疑於伯叔父有不安者,這也是理合當如此。",C
Z048291,"以理觀之,自是不安。",C
Z048304,"至如理絲櫛髪,可試考之,畫作圖子,更參以《通典》及今律令,當有以見古人之意,不苟然也。",N
Z048371,"今不立昭穆,即所謂祔于曾祖、曾祖姑者,無情理也。",N
Z048375,"如此則只當祔禰,今祔於祖,全無義理。",N
Z048456,"因說地理曰:""程先生亦揀草木茂盛處,便不是不擇。",N
Z048458,"若是不知此理,亦不是。",C
Z048494,"""或云:""恐無此理。",C
Z048500,"若水浸,則安能擊觸有聲?不知此理如何?""",C
Z048508,"如今士大夫家,都要理㑹古禮。",N
Z048512,(五六百年/無人整理)子謂為芻靈也善謂為俑者不仁。,N
Z048525,"東坡只是謂祖宗幾年合祭,一旦分之,恐致禍,其説甚無道理。",N
Z048526,"元城謂:""子由在政府,見其論無道理,遂且罷議。",N
Z048545,"如今祀天地山川神,塑貎像以祭,極無義理。",N
Z048554,"一部《周禮》,却是看得天理爛熟也。",N
Z048570,"若説五祀無神處,是甚麽道理?""叔器問:""天子祭天地,諸侯祭山川,大夫祭五祀,士庶人祭其先,此是分當如此否?""曰:""也是氣與他相關。",N
Z048578,"""某説:""人家還醮無意思,,豈有斟一盃酒,盛兩箇餅,要享上帝?""且説有此理無此理。",C
Z048612,"夫子像設置於椅上,已不是,又復置在臺座上,到春秋釋奠,却乃陳簠簋籩豆於地,是甚義理?某幾畨説要塑宣聖坐于地上,如設席模様,祭時却自席地。",N
Z048647,"在南康時,甞要入文字從祀,伯魚以漸去任,不欲入文字理㑹事,但封與劉淳叟,以其為學官,可以言之。",N
Z048649,"子約為籍田令,多少用意主張,諸禮官都没理㑹了,遂休。",N
Z048650,"坐客云:""想是從來不曾理㑹得,故怕理㑹。",N
Z048653,"""因問:""張舅忠甫家,須更别有禮書,令還鄉日詢求之,致道云:""今以時文取官,下梢這般所在,全理㑹不得。",N
Z048666,"又思量,渠不是要理㑹這般事人,故已之。",N
Z048695,"那箇好㡳,自是合當宗祀,如何毁得如今?若道三宗只是親廟,則是少一箇親廟了,便是《書》難理㑹。",N
Z048737,"今看《孟子》,考禮亦踈,理㑹古制,亦不甚得,他只是大槩説。",N
Z048749,"(《淳録》云:""向解《孟/子,且隨文如此)若理㑹著實行時大不如此。",N
Z048787,且如孟子當時也自理㑹那古制不甚得。,N
Z048808,"若與他厮殺時,還是不殺人麽?當此時,是天理,是人欲,恁地看來,是未有箇道理。",C
Z048810,"但而今看來,也未有箇道理。",C
Z048823,"却又率五諸侯,合得五十六萬兵,走去彭城,日日去喫酒,取那美人,更不理㑹,却被項羽來殺得狼當走,湯、武便不肯恁地。",N
Z048840,"只假一不理選,限官與其子孫,令祭其廟為是。",N
Z048845,"夲朝因仍舊制,反更率略,較之唐制,尤没理㑹。",N
Z048846,"唐制尤有近古處,猶有條理可觀。",N
Z048852,"唐制頗放,此最有條理。",N
Z048955,"""又曰:""陸子静始初理㑹家法,亦齊整。",N
Z048997,"'盖今蠻洞中猶有此,但擇美丈夫為之,不問族類事見杜佑所作《理道要訣》末篇",N
Z049051,"古人祭禮次喪禮,盖謂從那始作重時,(重用木司)/馬儀用帛),便做那祭底道理來。",N
Z049058,"使聖人復出,亦必理㑹,教簡要易行。",N
Z049065,"竊謂後世有大聖人者作,與他整理一過,令人蘇醒,必不一一如古人之繁,但放古人大意,簡而易行耳温公儀》,人所憚行者,只為閒辭多,長篇浩瀚,令人難讀,其實行禮處無多。",N
Z049174,"若只是一廟,只祭得父母,更不及祖矣,無乃不盡人情?""曰:""位卑則流澤淺,其理自然如此。",C
Z049201,"余正父謂:""此《春秋》時,自是世卿,不由天子,都没理㑹。",N
Z049286,"過每論士大夫家忌日,用浮屠誦經追薦,鄙　　旣無此理,是使其先不血食也。",N
Z049293,"若是無大礙於義理,行之亦無妨。",N
Z049306,"要整理,又須大費一廻,只得恁地包在那裏。",N
Z049360,"人事徃徃前軰皆如此,今人都不理㑹,其間有如此者。",N
Z049456,"今官貟執笏,最無道理。",N
Z049517,"今人契拜父母兄弟,極害義理。",N
Z049519,"問:""盤坐於理有害否?""曰:""古人席地,亦只是盤坐,又有跪坐者。",N
Z049573,"然用啓字則有義理,用覆字,却無義理。",N
Z049602,"惟本朝太祖,神聖特異,初不曾理㑹樂,但聼樂聲,嫌其太髙,令降一分,其聲遂和。",N
Z049661,"'所以/仁宗晚年,極力要理㑹雅樂,終未理㑹得)",N
Z049688,"古來解書,最有一箇韋昭無理㑹。",N
Z049728,"平日也不曾去理㑹,這須是樂家辨得聲音底,方理㑹得。",N
Z049729,"但是這箇别是一項,未消得理㑹。",N
Z049738,"唐祖孝孫說八十四調,季通云:""只有六十調,不以變宫變徴為調,恐其說有理。",N
Z049752,"温公與范蜀公、胡安定與阮逸、李照争辨,其實都自理㑹不得,却不曾去㸔《通典通典》說得極分明。",N
Z049770,元善理㑹事都不。,N
Z049771,"要理㑹箇是只信口胡亂說,事事喚做曾經理㑹來。",N
Z049775,"廣云:""如此則杜佑想是理㑹得樂。",N
Z049810,"季通理㑹樂律,大段有心力,看得許多書,也是見成文字。",N
Z049833,蓋下學中上逹之理皆具矣。,C
Z049892,"此盖自然之理,與《先天圖》一般,更無安排。",C
Z049940,"""因問:""康節一元開物閉物之説是否?""曰:""有此理,不易他窺測至此。",C
Z050025,"/其終卒歸於擇善固執,眀善誠身,博文約禮而已,只是要人自去理㑹。",N
Z050031,"鄧子禮問:""孟子恁地,而公孫萬章之徒,皆無所得?""曰:""也只是逐孟子,上上下下,不曽自去理㑹。",N
Z050033,"問:""周子是從上面先見得?""曰:""也未見得是恁地否?但是周先生天資髙,想見下面工夫也不大,故費力,而今學者,須是從下學理㑹。",N
Z050039,"周子㸔得這理熟,縱横妙用,只是這數箇字,都括盡了。",C
Z050040,"周子從理處㸔,邵子從數處㸔,都只是這理。",C
Z050041,"砥曰:""畢竟理較精粹。",C
Z050042,"""曰:""從理上㸔,則用處大數,自是細碎。",C
Z050050,"'又問:'明道之學,後來固别,但其本自濂溪發之,只是此理推廣之耳。",C
Z050076,"今只説敬意,只在所由,只一理也。",C
Z050077,"一理者,言仁義中正而主靜。",C
Z050086,"如説""鳶飛魚躍,謂心勿忘,勿助長處,伊川較子細説較無過,然亦有不可理㑹處。",N
Z050095,"先生云:""後來須著㸔,不㸔,無縁知他道理。",N
Z050112,"如性即理也一語,直自孔子後,惟是伊川説得盡這一句,便是千萬世説性之根基。",C
Z050113,"理是箇公共底物事,不解㑹不善。",C
Z050121,"自少讀書,如《禮記儀禮》,便都已理㑹了。",N
Z050122,"古人謂居喪讀喪禮,亦平時理㑹了,到這時,更把來温審,不是方理㑹。",N
Z050146,"觀其平日辯異端、闢邪説,如此之詳,是豈不讀其書而以耳剽決之耶?至於鄙賤之事,雖𤨏屑,然孰非天理之流行者?但此理既得,自然不習而無不能耳。",A
Z050177,"問:""孔子六經之書,盡是説道理内實事,故便覺得此道大。",N
Z050198,"""曰:""只這數句,便要理㑹。",N
Z050204,"但只是他皆是實理處發見,故未有此氣,便有此理,既有此理,必有此氣。",C
Z050208,"太極圖》,只是一箇實理,一以貫之。",C
Z050210,"易》有太極,是生兩儀、四象、八卦,皆有形狀,至於太極,有何形狀?故周子曰""無極而太極盖云無此形狀,而有此道理耳。",C
Z050212,"如沖漠無朕,畢竟是上面無形象,然却實有此理。",C
Z050215,"盖恐人將太極做一箇有形象底物㸔,故又説無極,言只是此理也。",C
Z050216,"無極而太極,只是說無形而有理。",C
Z050217,"所謂太極者,只二氣五行之理,非别有物為太極也。",C
Z050218,"又云:""以理言之,則不可謂之有,以物言之,則不可謂之無。",C
Z050219,"無極而太極,只是無形而有理。",C
Z050221,"既謂之無極,則不可以有底道理,強搜尋也。",C
Z050227,"曰:""無極者無形,太極者有理也。",C
Z050229,"""曰:""太極既無氣,氣象如何?""曰:""只是理。",C
Z050236,"問太極解》引'上天之載,無聲無臭此上天之載,即是太極否?""曰:""蒼蒼者,是上天之理,在載字上。",C
Z050238,"""問:""先生之意不正,是以無極、太極為理。",C
Z050241,"太極無形象,只是理。",C
Z050247,"無極是有理而無形,如性何嘗有形?太極是五行隂陽之理,皆有不是空底物事。",C
Z050251,"無中自有此理,又不可將無極便做太極。",C
Z050276,"若以為止是隂陽,隂陽却是形而下者,若只専以理言,則太極又不曾與隂陽相離。",C
Z050285,"今曰:'而則只是一理,無極而太極,言無能生有也。",C
Z050301,"濓溪恐人道太極有形,故曰無極而太極是無之中,有箇至極之理。",C
Z050323,太極只是箇理。,C
Z050327,"太極只是理理,不可以動静言。",C
Z050328,"惟動而生陽,静而生隂,理寓於氣,不能無動静所乘之機。",B
Z050352,"如今看道理未精進,便須於尊德性上用功;於徳性上有不足處,便須於講學上用功。",N
Z050360,"太極非是别為一物,即隂陽而在隂陽,即五行而在五行,即萬物而在萬物,只是一箇理而已。",C
Z050365,"""問:""此理在天地間,則為隂陽而生五行,以化生萬物;在人則爲動静而生五常,以應萬事。",A
Z050366,"""曰:""動則此理行,此動中之太極也;静則此理存,此静中之太極也。",A
Z050377,"太極自是涵動静之理,却不可以動静分體用。",C
Z050385,"問:""太極動而生陽,静而生隂,見得理先而氣後。",C
Z050388,"""問:""未有一物之時,如何?""曰:""是有天下公共之理,未有一物所具之理。",C
Z050390,"譬如鼻息,無時不嘘,無時不吸,嘘盡則生吸,吸盡則生嘘,理自如此。",A
Z050395,"此理只循環生去,動静無端,隂陽無始。",A
Z050408,"公道未動以前如何?""曰:""只是理。",C
Z050409,"""曰:""固是理,只不當對動言。",C
Z050418,"問:""太極動而生陽,是有這動之理,便能動而生陽否?""曰:""有這動之理,便能動而生陽;有這静之理,便能静而生隂。",A
Z050419,"既動則理又在動之中,既静則理又在静之中。",C
Z050421,"有此理為氣之主,氣便能如此否?""曰:""是也。",A
Z050422,"既有理便有氣,既有氣,則理又在乎氣之中。",C
Z050424,"自下推而上去,五行只是二氣,二氣又只是一理,自上推而下來,只是此一箇理。",C
Z050425,"萬物分之以為體,萬物之中,又各具一理。",C
Z050426,"所謂乾道變化,各正性命然總又只是一箇理,此理處處皆渾淪。",C
Z050430,"初間只是這一粒分去物物各有理,總只是一箇理。",C
Z050431,"""曰:""鳶飛魚躍,皆理之流行發見處否?""曰:""固是。",A
Z050433,"或問太極曰:""未發便是理,已發便是情。",C
Z050441,"太極者,如屋之有極,天之有極,到這裏更没去處,理之極至者也。",C
Z050442,"陽動隂静,非太極,動静只是理有動静,理不可見,因隂陽而後知理搭在隂陽上,如人跨馬相似。",B
Z050452,"問:""動静是太極,動静是隂陽動静?""曰:""是理動静。",A
Z050457,"""仲履云:""太極便是人心之至理。",C
Z050460,"'曰:'此是一事一物之極,統天地萬物之理,便是太極。",C
Z050479,"問動静者所乗之機,曰:""理搭於氣而行。",B
Z050528,"或問《太極圗》之説曰:""以人身言之,呼吸之氣,便是隂陽,軀體血肉,便是五行,其性便是理。",C
Z050529,"""又曰:""其氣便是春夏秋冬,其物便是金木水火土,其理便是仁義禮智信。",C
Z050531,"問:""五行之生,各一其性理同否?""曰:""同而氣質異。",C
Z050532,"""曰:""既説氣質異,則理不相通。",C
Z050544,是氣與理合而成性也。,C
Z050545,"(賀孫○《或録》云:""真,理也,精/氣也。",C
Z050576,"或問:""萬物各具一太極,此是以理言,以氣言?""曰:""以理言。",C
Z050584,"問五性感動而善惡分曰:""天地之性,是理也。",C
Z050590,"""又問太極圗》,何為列五者於隂陽之下?""曰:""五常是理,隂陽是氣。",C
Z050594,"以氣言之,/曰隂陽五行,以理言之,曰健順五行之性。",C
Z050650,"如《乾之元亨利貞,元即仁,亨即中,利即義,貞即正,皆是此理。",C
Z050673,"如先生解曰:""非此心無欲而静,則何以酬酢事物之變,而一天下之動哉?今於此心寂然無欲而静處,欲見所以正義者,何以見?""曰:""只理之定體便是。",C
Z050674,"""又曰:""只是那一箇定理,在此中,截然不相侵犯。",C
Z050679,"中則無過不及,隨時以取中,正則當然之定理,仁則是惻隠慈愛之處,義是裁制斷決之事。",C
Z050716,"周子太極之書,如《易》六十四卦,一一有定理,毫髪不差,自首至尾,只不出隂陽二端而已。",C
Z050717,"始處是生生之初,終處是已定之理。",C
Z050720,"問太極圖》,自一而二,自二而五,即推至於萬物易》則自一而二,自二而四,自四而八,自八而十六,自十六而三十二,自三十二而六十四,然後萬物之理備西銘》則止言隂陽洪範》則止言五行,或畧或詳,皆不同,何也?""曰:""理一也。",C
Z050731,"或求先生揀《近思録》,先生披數板云,也揀不得,乆之乃曰:""無極而太極,不是説有箇物事,光輝輝地在那裏,只是説這裏當初皆無一物,只有此理而已。",C
Z050732,"既有此理,便有此氣,既有此氣,便分隂陽,以此生許多物事。",A
Z050733,"惟其理有許多,故物亦有許多。",C
Z050780,"這道理自一而二,二而五。",A
Z050799,"㬊問誠上篇舉《易》一隂一陽之謂道""三句,曰:""繼成二字,皆節那氣底意思説,性善二字,皆只説理。",C
Z050800,"但繼之者善,方是天理流行處;成之者性,便是已成形有分段了。",A
Z050816,"周子所謂原始反終,只於衰盡處,可見反終之理。",C
Z050834,"""又問:""繼之者善,成之者性,何以分繼善、成性為四截?""曰:""繼成屬氣,善性屬理。",C
Z050835,"性已兼理氣,善則専指理。",C
Z050836,"""又曰:""理受於太極,氣受於二氣五行。",C
Z050865,"問:""誠,五常之本,同此實理於其中,又分此五者之用。",C
Z050872,"誠無為,誠實理也。",B
Z050878,"光祖問誠無為幾善惡,曰:""誠是當然,合有這實理。",C
Z050880,"曾問誠無為幾善惡曰:""誠是實理,無所作為,便是天命之謂性,喜怒哀樂未發之謂中。",B
Z050904,"周子一書,都是説這道理。",N
Z050907,"""問:""此都是説這道理。",N
Z050916,人性豈有不動?但須於中分得天理人欲方是。,C
Z050934,"凡此兩件相對説者,無非隂陽之理。",C
Z050937,"""又曰:""隂陽之理皆善。",C
Z050940,"""又曰:""有善惡,理却皆善。",C
Z050945,"理謂有條理,通謂通達,守謂確實。",N
Z050959,"發字充字,就人㸔,如性焉安焉、執焉復焉,皆是人如此,㣲不可見,周不可窮,却是理如此。",C
Z050964,"言其不疾而速,一念方萌而至理已具,所以微而不可見也;充,廣也;周,徧也。",C
Z050967,"此三句,就人所到地位而言,即盡夫上三句之理,而所到有淺深也。",C
Z050978,"言聖人毫釐發動處,此理無不見,寂然不動者,誠也。",C
Z050992,"""人傑因曰:""凡㸔文字,縁理㑹未透,所以有差。",N
Z051015,"周子止説到五行住,其理亦只消如此,自多説不得,包括萬有,舉歸於此。",C
Z051039,"舉李先生曰:""齊宣王説好色,孟子便如此説,説好貨,便如此説,説好勇,便如此説,皆有箇道理,便説將去。",N
Z051040,此是盡心道理。,N
Z051041,"當時不曉,今乃知是無不通底道理。",N
Z051047,"大抵古人之學,本是欲行伊尹耕於有莘之野,而樂堯、舜之道,凡所以治國平天下者,無一不理㑹。",N
Z051054,"今世又有一般人,只道飽食煖衣無外慕,便如此涵養,去亦不是,須是一一理㑹去。",N
Z051059,"""又曰:""此箇道理,縁為家家分得一分,不是一人所獨得,而専者,經世濟物。",N
Z051067,"今人若不塊然不以天下為志,便又切切然理㑹不干巳事,如世間一様學問,専理㑹典故世務,便是如此。",N
Z051086,"所以根隂根陽,理也,形而上者也。",C
Z051099,"此理如何?""曰:""譬之晝夜,晝固是屬動,然動却來管那神不得。",C
Z051106,"""曰:""所謂神者,是天地之造化否?""曰:""神即此理也。",C
Z051110,凡物皆有此理。,C
Z051113,"""先生曰:""文字不可泛㸔,須是逐句逐段理㑹。",N
Z051114,"此一段未透,又去㸔别段,便鶻突去,如何㑹透徹,如何㑹貫通?且如此段,未説理㑹到十分,亦且理㑹七分,㸔來㸔去,直至無道理得説,却又再換一段,㸔踈畧之病,是今世學者通患。",N
Z051116,"""問:""經書須逐句理㑹,至如史書易曉,只㸔大綱如何?""曰:""較之經書不同,然亦自是草率不得。",N
Z051128,"通書》論樂,意極可觀,首尾有條理。",N
Z051143,"問一是純一,静虚是此心,如明鑑止水,無一毫私欲填於其中,故其動也,無非從天理流出,無一毫私欲撓之。",A
Z051153,"""問:""如何是鶻突底?""一?""曰:""須是理㑹得敬落著處。",N
Z051171,"明是萬物收斂醒定在這裏,通是萬物初發達,公是萬物齊盛,溥是秋來萬物,溥徧成遂,各自分去,所謂各正性命曰:""在人言之則如何?""曰:""明是曉得事物,通是透徹無窒礙,公是正無偏陂,溥是溥徧萬事,便各有箇理去。",C
Z051211,此三句是言理别。,C
Z051215,"以下並言命,實是實理。",C
Z051216,"厥彰厥微,只是説理有大小精粗。",C
Z051231,"千五百年間,不知人如何讀這箇,都似不理㑹得這道理。",N
Z051232,"又云:""一實萬分,萬一各正,便是理一分殊處。",C
Z051233,"問理性命章注云:""自其本而之末,則一理之實,而萬物分之以為體,故萬物各有一太極。",C
Z051287,"如人君止於仁,人臣止於敬,全是天理,更無人欲,則内不見已,外不見人,只見有理。",C
Z051301,"萬物各止其所,便都純是理也。",C
Z051318,"存飬到實處,則心純/乎理,更無些子夾雜,又如何持守)?何用飬,何用操存?""又問反身而誠曰:""此心純一,於理,徹底皆實,無夾雜,亦無虚偽。",C
Z051324,"近思録》首卷所論誠中、仁三者,發明義理,固是有許多名,只是一理,但須隨事别之。",C
Z051327,中只是喜怒哀樂未發之理。,C
Z051403,"""曰:""如何?""曰:""仁者,生之理而動之機也。",A
Z051407,"""問:""生之理便是體否?""曰:""若要見得分明,只看程先生説心譬如榖種,生之性便是仁便分明。",C
Z051417,"""問:""偏言則曰愛之理,專言則曰心之德如何?""曰:""偏言是指其一端,因惻隱之發,而知其有是愛之理。",C
Z051418,"專言則五性之理,兼舉而言之,而仁則包乎四者是也。",C
Z051421,"伊川言:""天所賦爲命,物所受爲性,理一也。",C
Z051425,"""曰:""造化之跡,是日月星辰、風雨之屬;二氣良能,是屈伸徃來之理。",C
Z051428,"伊川言:""在物爲理,凢物皆有理。",C
Z051429,"""蓋理不外乎事物之間。",C
Z051432,"在物爲理,處物爲義。",C
Z051433,"理是在此物上,便有此理;義是於此物上,自家處置,合如此,便是義,義便有箇區處。",C
Z051434,"問在物爲理,處物爲義曰:""且如這桌子是物,於理可以安頓物事。",C
Z051440,"自此而下,雖有許多般,要之形而上者,謂之道,形而下者謂之器,皆是實理。",C
Z051441,"以時節分段言之,便有古今;以血氣支體言之,便有人已,却只是一箇理也。",C
Z051447,"問詳此一段意,只是體當這箇實理。",C
Z051448,"雖説出有許多般,其實一理也。",C
Z051454,"故説神如在其上,如在其左右,又皆是此理顯著之跡,看甚大事小事都離了,這箇事不得上,而天地鬼神,離這箇不得下,而萬事萬物,都不出此。",C
Z051456,"形而上者,無形無影,是此理;形而下者,有情有狀,是此器。",C
Z051457,"然有此器則有此理,有此理則有此器,未嘗相離,却不是於形器之外,别有所謂理。",C
Z051460,"""曰:""道只是統言此理,不可便以道爲用。",C
Z051461,"仁義禮智、信是理,道便是統言此理。",C
Z051463,"如說其理則謂之道,是指體言,又説率性則謂之道,是指用言。",C
Z051466,"如《通書》云'動而正曰道,用而和曰德曰正是理。",C
Z051467,"雖動而得其正,理便是道。",C
Z051468,"若動而不正,則不是道,和亦只是順理。",C
Z051471,"故下云'匪仁、匪義、匪禮、匪智匪信悉邪也,只是此理,故又云:""君子慎動。",C
Z051474,"智是具是非之理,知識便是察識得這箇物事好惡。",C
Z051480,"""(直卿云:""㸔來神字,夲不專説氣也,可就理上説。",C
Z051485,"如寒暑晝夜,闔闢徃來,天地之間,隂陽交錯,而實理流行,葢與道爲體也。",A
Z051486,"寒暑晝夜闔闢徃來,而實理於是流行其間。",A
Z051488,故曰其體則謂之易言易爲此理之體質也。,C
Z051493,"其體則謂之《易,在人則心也,其理則謂之道,在人則性也;其用則謂之神,在人則情也。",C
Z051497,"(《賀孫録》云:""體/非體用之謂)言體則亦是形而下者,其理則形而上者也。",C
Z051499,"以其體謂之易,以其理謂之道。",C
Z051502,"其體則謂之《易,其理則謂之道,其用則謂之神。",C
Z051503,"人傑謂:""隂陽闔闢屈伸徃來則謂之《易皆是自然,皆有定理,則謂之道;造化功用不可測度,則謂之神。",C
Z051507,"""翌日再問云:""旣就人身言之,却以就人身者,就天地言之可乎?""曰:""天命流行,所以主宰管攝是理者,即其心也,而有是理者,即其性也。",A
Z051508,"如所以爲春夏,所以爲秋冬之理是也。",C
Z051515,"只是所以爲此者,是合下有此道理。",C
Z051518,"其體則謂之《易,其理則謂之道,其功用則謂之鬼神易》是隂陽屈伸,隨時變易。",C
Z051521,"聖人便於六十四卦,只以隂陽竒耦寫出來,至於所以爲隂陽爲古今,乃是此道理。",C
Z051524,"其體則謂之《易,其理則謂之道,其用則謂之神。",C
Z051528,"名雖不同,只是一理發出,是箇無始無終底意。",A
Z051541,"雖其爲天地爲人物,各有不同,然其實則有一條脉絡相貫,故體認得此心,而有以存飬之,則心理無所不到,而自然無不愛矣。",C
Z051543,"故世之忍心無恩者,只是私欲蔽錮,不曾認得我與天地萬物心相貫通之理,故求仁之切要,只在不失其本心而已。",C
Z051560,"到伊川説""性即理也,無人道得到這處,理便是天理,又那得有惡?孟子説性善,便都是説理。",C
Z051561,"善雖是就發處説,然亦就理之發處説。",A
Z051566,"在這道理,無他巧,只是熟,只是專一。",N
Z051567,"人生氣禀,理有善惡。",C
Z051568,"此理字,不是説實理,猶云理當如此。",N
Z051584,"性自稟賦而言,人生而静以上,未有形氣,理未有所受,安得謂之性?""又問:""纔説性時,便已不是性。",C
Z051589,"若就向上説,則天理方流出,亦不可謂之性。",A
Z051591,"此言人生,性與氣混合者曰:'有此氣爲人,則理具於身,方可謂之性。",C
Z051604,"敬夫向亦執此説,嘗語之云:""凡物皆有對,今乃欲作尖邪物,何故?程先生論性,只云性即理也。",C
Z051608,"""曰:""就已稟時説性者,渾然天理而已。",C
Z051615,"""泳又問:""舊來因此以水喻性,遂謂天道純然一理,便是那水本來清。",C
Z051655,"""曰:""此理天命也""一句,亦可見。",C
Z051661,"""明道又云:""善惡皆天理,謂之惡者,本非惡,但或過或不及,便如此。",C
Z051678,"此是氣質之性,蓋理之與氣雖同,畢竟先有此理而後有此氣。",C
Z051685,"人物未生時,只可謂之理,説性未得,此所謂在天曰命也。",C
Z051686,"纔説性時,便已不是性者,言纔謂之性,便是人生以後,此理已堕在形氣之中,不全是性之本體矣。",C
Z051688,"大抵人有此形氣,則是此理始具於形氣之中,而謂之性。",C
Z051691,"凡人説性,只是説繼之者善也者,言性不可形容,而善言性者,不過即其發見之端而言之,而性之理,固可黙識矣。",C
Z051711,"但有天理,更不可言性。",C
Z051713,"人生而靜以上,不容説,此只是理,才説性時,便已不是性。",C
Z051719,"問人生而靜以上一段曰:""有兩箇性字,有所謂理之性,有所謂氣質之性,下一性字是理。",C
Z051721,"生而靜以上,便只是理,不容説,才説性時,便只説得氣質,不是理也。",C
Z051754,"如後段所謂""其體則謂之《易,其理則謂之道,其用則謂之神。",C
Z051777,"此只是先生向所謂初之意否?""曰:""萬物之生,天命流行,自始至終,無非此理。",A
Z051781,"問:""天地萬物之理,無獨必有對。",C
Z051782,"對是物也,理安得有對?""曰:""如髙下、小大、清濁之類,皆是。",C
Z051783,"曰:""髙下、小大、清濁,又是物也,如何?""曰:""有髙必有下,有大必有小,皆是理必當如此。",C
Z051785,"這對處不是理對,其所以有對者,是理合當恁地。",C
Z051786,"天地萬物之理,無獨必有對。",C
Z051798,"問:""天下之理,無獨必有對,有動必有靜,有隂必有陽,以至屈伸消長、盛衰之類,莫不皆然。",C
Z051806,然又却只是一箇道理。,C
Z051816,"天地間亭亭當當直上直下之正理,出則不是,敬而無失,最盡居敬。",C
Z051827,"""曰:""無妄是兼天地萬物所同得底渾淪道理,不欺是就一邊説。",C
Z051832,"凡所當行之事,皆是先有此理,却不是臨行事時,旋去尋討道理。",C
Z051833,"""曰:""此言未有這事,先有這理。",C
Z051834,"如未有君臣,已先有君臣之理;未有父子,已先有父子之理。",C
Z051835,"不成元無此理,直待有君臣父子,却旋將道理,入在裏面。",C
Z051836,"""又問:""既是塗轍,却只是一箇塗轍,是如何?""曰:""是這一箇事,便只是這一箇道理,精粗一貫,元無兩様。",C
Z051841,"未應固是先,却只是後來事;已應固是後,却只是未應時理。",C
Z051843,"如未有君臣,已先有君臣之理在這裏,不是先本無,却待安排也。",C
Z051845,"如既有君君臣臣底塗轍,却是元有君臣之理也。",C
Z051846,"子升問沖漠無朕一段,曰:""未有事物之時,此理已具,少間應處,只是此理。",C
Z051849,"或問未應,不是先一條曰:""未應,如未有此物,而此理已具,到有此物,亦只是這箇道理。",C
Z051851,"且如未有塗轍,而車行,必有塗轍之理。",C
Z051855,"問:""近取諸身,百理皆具。",C
Z051860,"此所謂生生之理,自然不息也。",A
Z051889,"於思慮上發時,便加省察,更不使形於事爲於物誘之際,又當於視聼言動上理㑹取。",N
Z051893,"只在外來底天理,渾是一箇,只不善,便是不從天理出來,不從天理出來,便是出外底了。",C
Z051913,"葢在天只有此理,若無那形質,則此理無安頓處。",B
Z051916,"盖理只是一箇渾然底人,與天地混合無間。",C
Z051920,"""仁者,天地生物之心,而人物之所得以爲心,人未得之,此理亦未嘗不在天地之間。",C
Z051921,"只是人有是心,便自具是理以生。",A
Z051931,"若知得有箇道理,可以學做聖人,他豈不願爲?縁他不知聖人之可學,飽食終日,無所用心,不成空過。",N
Z051935,"若見得這道理髙,見世間萬般皆低。",N
Z051939,"舜弼問定性書,也難理㑹?""曰:""也不難。",N
Z051941,"此性字,是箇心字意,明道言語甚圎轉,初讀未曉得,都沒理㑹,子細㸔,却成段相應。",N
Z051948,"且如今人私欲萬端,紛紛擾擾,無可奈何,如何得他大公?所見與理皆是背馳,如何便得他順應?""道夫曰:""這便是先生前日所謂也須存得這箇在。",C
Z051952,"須是知得天下之理都著,一毫私意不得,方是所謂知止而後有定也。",C
Z051958,"初㸔似無統,子細理㑹,中間自有絡脉,貫串将去。",N
Z051963,"第能於怒時,遽忘其怒,而觀理之是非,遽忘其怒是應;廓然而大公而觀理之是非是應。",C
Z052024,"明道言語渾淪,子細㸔,節節有條理。",N
Z052035,"大抵理只是此理,不在外求。",C
Z052036,"若於外復有一理時,却難爲,只有此理故。",C
Z052044,"如楊、墨,何嘗有邪心?只是不合正理。",N
Z052051,"若修其言辭,正爲立已之誠意,乃是體當自家敬以直内、義以方外之實事,便是理㑹;敬義之實事,便是表裏相應。",N
Z052059,"明道便只辨他修辭二字,便只理㑹其大規模,伊川却與辨治經》,便理㑹細宻,都無縫罅。",N
Z052075,"這般處,只管將來玩味,則道理自然都見。",N
Z052082,"且理㑹自家切己䖏明善了,又更須㸔自家進誠心與未。",N
Z052087,"問:""明道說:'學者識得仁體,實有諸己,只要義理栽培一段。",N
Z052095,"如云均受此氣,均得此理,所以須用愛也,未說得這裏在,此又是説後面來事。",C
Z052105,"明道以上蔡記誦,爲玩物䘮志,葢爲其意不是理㑹道理,只是誇多鬭靡爲能。",N
Z052134,天分即天理也。,C
Z052136,"論學便要明理,論治便須識體。",N
Z052137,"這體字,只事理合當做處。",C
Z052187,"有這物則有這理,有那物即有那道理,並行而不相悖,並育而不相害。",C
Z052202,"真妄是於那發處,别識得天理、人欲之分,如何?""曰:""皆天也。",C
Z052204,"雖是妄,亦無非天理,只是發得不當地頭。",C
Z052214,"問:""公只是仁底道理,仁却是箇流動發生底道理,故公而以人體之,方謂之仁否?""曰:""此便是難説。",C
Z052225,"能去其私,則天理便自流行,不是克己了,又别討箇天理來放在裏面也。",A
Z052242,"公是仁之理,公而以人體之,故曰仁。",C
Z052243,"竊謂仁是本有之理,公是克己功夫,到處公,所以能仁。",C
Z052247,"葢有形氣,便具此生理,若無私意間隔,則人身上全體,皆是仁。",C
Z052253,"能無私心,則此理流行,即此人而此仁在矣。",A
Z052260,"問:""公而以人體之如何?""曰:""仁者,心之德,在我本有此理,公却是克己之極功,惟公然後能仁。",C
Z052276,"仁是人心所固有之理,公則仁,私則不仁,未可便以公爲仁。",C
Z052307,"或問:""力行如何是淺近語?""曰:""不明道理,只是硬行。",N
Z052309,"若見得道理時,皆是當恁地行。",N
Z052312,"無事時,且存飬在這裏,提撕警覺,不要放肆,則講習應接時,便當思量義理。",N
Z052320,"問:""伊川謂敬是涵飬一事,敬不足以盡涵飬否?""曰:""五色飬其目,聲音飬其耳,義理飬其心,皆是飬也。",N
Z052329,"""先生曰:""豈不是如此?""又曰西銘》本不曾説理一分殊,因人疑後,方説此一句。",C
Z052331,"""曰:""如此則末後以此二書併授之,還是以尹子已得此意,還是以二書互相發,故曰:'他好把《西銘》與學者㸔他也是要教他知天地間有箇道理,恁地開闊。",C
Z052376,"初間只管道是,且随力量恁地,更不理會細宻處,下梢都衰塌了。",N
Z052394,"如釋氏教人,便有些是這箇道理,如曰如何是佛胡亂掉一語,教人只管去思量,又不是道理,又别無可思量心只管在這上,行思坐想,乆後忽然有悟,中字亦有何形象?又去那處,討得箇中?心本來是錯亂了,又添這一箇物事在裏面,這頭討中又不得,那頭又討不得,如何㑹討得?天祺雖是硬捉,又且把定得一箇物事在這裏。",N
Z052423,"某嘗謂人未讀書,且先收斂得身心在這裏,然後可以讀書,求得義理。",N
Z052430,程子是將來就人身上説敬則這道理流行。,A
Z052433,"如必有事焉而勿正心勿忘勿助長孟子意是説做工夫處,程子却引來鳶飛魚躍處,説自然道理。",C
Z052442,"""曰:""下面云'誠敬而己矣恐是説天地間一箇實理如此。",C
Z052447,天地、人只是一箇道理。,C
Z052448,"天地設位,而變易之理不窮,所以天地生生不息,人亦全得此理。",A
Z052455,"若能到私欲浄盡,天理流行處,皆可謂之仁。",A
Z052466,"今人平日講究所以治國平天下之道,而自家身已,全未曾理㑹得。",N
Z052467,"若能理㑹自家身己,雖與外事,若茫然不相接,然明徳在這裏了。",N
Z052482,"""曰:""一日萬㡬,也無並應底道理,須還他逐一件理㑹。",N
Z052499,"天理人欲非禮勿,視聴言動不是非,禮是一箇物事,禮又是一箇物事,勿又是一箇物事,只是勿便是箇主宰。",C
Z052503,"""曰:""有主於中,外邪不能入,便是虚;有主於中,理義甚實,便是實。",C
Z052576,"雖耳無聞、目無見,然見聞之理在始得。",C
Z052604,"所謂静中有物者,莫是喜怒哀樂雖未形,而含喜怒哀樂之理否?""曰:""喜怒哀樂,乃是感物而有,猶鏡中之影,鏡未照物,安得有影?""曰:""然則静中有物,乃鏡中之光明。",C
Z052612,"静中有物如何?""曰:""有聞見之理在,即是静中有物。",C
Z052629,"不道是不好事,而今若讀《論語》,心又在《孟子》上,如何理㑹得?若做這一件事,心又在那事,永做不得。",N
Z052656,"安卿問:""伊川言'目畏尖物,此理須克去。",C
Z052760,"謂即孝弟,便可至命㸔來孝弟上面,更有幾多事?如何只是孝弟便至命?""曰:""知得這孝弟之理,便是盡性至命也。",C
Z052765,"""又問:""程子以窮理盡性至命爲一事,横渠以爲不然。",N
Z052769,"蓋幽明始終,固無二理,然既是人,便與神,自是各一箇道理;既是生,便與死,各自一箇道理。",C
Z052770,"所以程先生云'一而二,二而一也曰:""他己説出,但人不去㸔有王某者,便罵學不躐等""之說,說只是一箇道理。",C
Z052819,"'然於道理,未有所見,故其説前後相反,沒理㑹。",N
Z052824,"若将來解解不得,須是看得道理大段熟,方可㸔。",N
Z052845,"是以此見皆在此心,如何?纔昏便不得?或有所遷就,或有所囘避,或先有所主張,隨其意之所重,義理便差了。",N
Z052866,"凡此數條者,果皆有此理否?""曰:""此皆一時談論所及,學者記録如此。",C
Z052871,"聖人垂訓如此,則霹靂震死等事,理之所有,不可以爲無也。",C
Z052882,"龍亦是天地間所有之物,有此物則有此理,取卵而去,容或有之。",C
Z052886,"""此莫只是大綱,言其本同出,若論其得此理,莫己不同。",C
Z052902,"末云:'吾之心即天地之心,吾之理即萬物之理,一日之運,即一嵗之運。",C
Z052906,程先生又説性即理也更説得親切。,C
Z052909,"""又問:""性即理何如?""曰:""物物皆有性,便皆有其理。",C
Z052912,"水之潤下、火之炎上、金之從革、木之曲直、土之稼穡,一一都有性,都有理。",C
Z052921,"""曰:""意謂理有善有惡,但不甚安。",C
Z052971,"誠是實理,自然如此,此處却不曾帶那動,只恁地平安在這裏。",B
Z052976,"問:""誠然後能敬,未知誠須敬然後誠,敬小誠大,如何説?""曰:""必存此實理,方能敬。",C
Z052987,"若把那去炊飯,殺其人之所當殺,豈不是天理?只縁翻了道理,有背有面,順之則是,背之則非,縁有此理,方有此惡。",C
Z053002,"善只是當恁地底,惡只是不當恁地底,善惡皆是理。",C
Z053004,"然以其反而不善,則知那善底自在,故善惡皆理也。",C
Z053005,然却不可道有惡底理。,C
Z053007,"善便有一箇元底意思,生便是繼,如何分作兩截?""曰:""此亦先言其理之統如此,然亦未甚安。",C
Z053011,"季容甫問:""中理在事,義在心,如何?""曰:""中理,只是做得事來中理,義則所以能中理者也。",C
Z053012,"義便有揀擇取舍易傳》曰:""在物爲理,處物爲義。",C
Z053014,"問:""遺書有古言乾坤不用六子一段,如何?""曰:""此一段却主張,是自然之理。",C
Z053086,"第能於怒時,遽忘其怒,而觀理之是非。",C
Z053121,"呂舍人記伊川說人有三不幸,以爲有髙才能文章,亦謂之不幸,便是這事乖,少間盡被這些子能解擔閣了一生,便無暇子細理㑹義理,只從外面見得些皮膚,便説我已㑹得,筆下便冩得去,自然無暇去講䆒那精微,被人扛得來大,又被人以先生長者目我,更不去下問,少間𫝊得滿鄉滿保,都是這般種子。",N
Z053131,"問:""遺書云'堯、舜幾千年,其心至今在何謂也?""曰:""此是心之理,今則分明昭昭,具在面前。",C
Z053139,"問:""伊川曰:""聖人與理爲一,無過不及,中而已。",C
Z053142,聖人只是一箇中底道理。,C
Z053144,"恐彼是説天資之才,與此才别,到得理明無不可用是理明則天資之才不用。",C
Z053205,"先生問:""如何是理隂陽過未?""對曰:""下面三語,便是理隂陽。",C
Z053231,"學者惟當以正自守,而窮理之有無,久久當自見得。",C
Z053232,"讀書講明義理,到此等處,雖有不同,姑闕其疑,以俟它日,未晚也。",N
Z053238,"程先生可謂言約而理盡,括盡二書曲折。",N
Z053247,"外書録伊川語:""今僧家讀一卷經,便有一卷經中道理受用。",N
Z053278,"多少分曉,只是人自昏了,所以道理也要箇聰明底人,㸔一㸔,便見也是快活人,而今如此費人口頰,猶自不曉。",N
Z053292,"顔子得一善,則拳拳服膺而不失,孟子必有事焉而勿忘,何嘗要人如此?若是箇道理,須著存取。",N
Z053294,"伊川曰:""實理者,實見得是實,見得非實理與實見不同。",C
Z053296,"蓋有那實理,人須是實見得,見得恁地確定,便有實見得,又都閒了。",C
Z053297,"先生顧陳安卿曰:""伊川説實理,有不可曉處云,實見得是,實見得非。",C
Z053300,"理自是理,見自是見。",C
Z053301,"蓋物物有那實理,人須是實見得。",C
Z053316,"觀其意,蓋以中爲理,偏爲不周徧之意。",C
Z053344,"問思入風雲變態中,曰:""言窮理精深,雖風雲變態之理,思亦到。",C
Z053376,"""曰:""如何不同?若如此説,却是天理别在一處去了。",C
Z053412,"若所謂山川之融結,糟粕煨燼,即是氣之查滓,要之皆是示人以理。",C
Z053418,"一箇動一箇靜,便是機處,無非教也,教便是說理。",C
Z053441,"天地與聖人都一般,精底都從那粗底上發見,道理都從氣上流行,雖至粗底物,無非是道理發見,天地與聖人皆然。",A
Z053442,"問:""游氣紛擾一段,是說氣與理否?""曰:""此一段,專是說氣,未及言理。",C
Z053483,葢物物有箇天理。,C
Z053487,"趙共父問:""天體物而不遺,猶仁體事而無不在也,以見物物各有天理,事事皆有仁。",C
Z053496,"問:""天體物而不遺,猶仁體事而無不在,何也?""曰:""理者,物之體;仁者,事之體。",C
Z053504,"昊天曰明,及爾出王言往來游衍,無非是理。",C
Z053572,"見李先生說云:'舊理㑹此叚不得,終夜椅上坐思量,以身去裏面體,方見得平穩。",N
Z053573,"每看道理處,皆如此。",N
Z053574,"某時爲學,雖畧理㑹得,有不理㑹得處,便也恁地過了,及見李先生後,方知得是恁地下工夫。",N
Z053576,"舊時未理㑹得,是下了多少工夫,而今學者却恁地泛泛然都没𦂳,要不把當事,只是謾學。",N
Z053577,"理㑹得時也好,理㑹不得時也不妨。",N
Z053589,"問心統性情曰:""性者,理也。",C
Z053600,"性是有此理,情是動處。",C
Z053601,"""又曰:""人受天地之中,只有箇心性,安然不動,情則因物而感,性是理,情是用,性靜而情動。",C
Z053620,"性如心之田地,充此中虚,莫非是理而已。",C
Z053650,葢内外相應之理。,C
Z053658,"吾内事未至,而先知其理之謂豫。",C
Z053670,"性天德,命天理,則無不是元來至善之物矣。",C
Z053675,"故窮理盡性,則我之所受,皆天之德;其所以賦予我者,皆天之理,氣之不可變者,惟死生脩夭而已。",C
Z053679,"問:""窮理盡性,則性天德、命天理。",C
Z053685,"""又曰:""性天德,命天理。",C
Z053714,"孟子之意,只是說窮理之至,則心自然極其全體而無餘,非是要大其心而後,知性知天也。",C
Z053721,"心理流行,脉絡貫通,無有不到。",A
Z053731,"問:""物有未體,則心爲有外體之義,如何?""曰:""此是置心在物中,䆒見其理,如格物致知之義,與體用之體不同。",C
Z053738,"如今人理㑹學,須是有見聞,豈能舍此?先是於見聞上,做功夫到,然後脫然貫通。",N
Z053759,"""問:""此便是陽動隂靜否?""曰:""此是陽動隂靜之理。",C
Z053764,"塞只是氣,吾之體,即天地之氣;帥是主宰,乃天地之常理也,吾之性,即天地之理。",C
Z053783,"若不是此兩句,則天自是天,我自是我,有何干渉?""或問:""此兩句,便是理一處否?""曰:""然。",C
Z053794,"""又問理一而分殊,言理一而不言分殊,則爲墨氏兼愛;言分殊而不言理一,則爲楊氏爲我。",C
Z053795,"所以言分殊而見理一底,自在那裏;言理一而分殊底亦在,不相夾雜。",C
Z053807,"西銘》要句,句見理一而分殊。",C
Z053808,"西銘》通體是一箇理一分殊,一句是一箇理一分殊,只先看乾稱父三字。",C
Z053809,"或問《西銘》理一而分殊曰:""今人說,只說得中間五六句理一分殊。",C
Z053810,"據某看時,乾稱父坤稱母,直至存吾順事,没吾寧也,句句皆是理一分殊,喚做乾稱坤稱,便是分殊。",C
Z053815,"逐句渾淪看,便見理一,當中横截斷看,便見分殊。",C
Z053817,"'看此二句,足以包括《西銘》一篇之統體,可見得理一分殊處分曉。",C
Z053821,"道夫言:""看《西銘》,覺得句句是理一分殊。",C
Z053822,"""曰:""合下便有一箇理一分殊,從頭至尾,又有一箇理一分殊,是逐句恁地。",C
Z053823,"""又曰:""合下一箇理一分殊,截作兩叚,只是一箇天人。",C
Z053828,"西銘》一篇,始末皆是理一分殊。",C
Z053829,"以乾爲父坤爲母,便是理一而分殊。",C
Z053830,"予兹藐焉,混然中處,便是分殊而理一。",C
Z053831,"天地之塞,吾其體,天地之帥吾其性,分殊而理一。",C
Z053832,"民吾同胞,物吾與也,理一而分殊,逐句推之,莫不皆然。",C
Z053837,"一之問西銘》理一而分殊曰:""西銘》自首至末,皆是理一而分殊。",C
Z053838,"乾父坤母,固是一理,分而言之,便見乾坤自乾坤,父母自父母,惟稱字便見異也。",C
Z053839,"""又問:""自惡㫖酒至勇於從而順令此六聖賢事,可見理一分殊乎?""曰:""惡㫖酒育英才是事天,顧養及錫類則是事親,每一句皆存兩義,推類可見。",C
Z053844,"若不是此二句爲之關紐,則下文言同胞、言兄弟等句,在他人中,物皆與我,初何干渉?其謂之兄弟同胞,乃是此一理,與我相爲貫通。",C
Z053847,"西銘》大綱是理一而分自爾殊,然有二說。",C
Z053848,"自天地言之,其中固自有分别;自萬殊觀之,其中亦自有分别,不可認是一理了,只滾做一看,這裏各自有等級差别。",C
Z053853,"他說理一而分殊,而今道天地不是父母,父母不是天地,不得分明是一理。",C
Z053858,問西銘》理一而分殊。,C
Z053860,"不是伊川說破,也難理㑹。",N
Z053862,"用之問:""西銘》所以理一分殊,如民物則分,同胞吾與大君家相,長幼殘疾,皆自有等差。",C
Z053866,"民吾同胞,同胞裏面,便有理一分殊底意,物吾與也,吾與裏面,便有理一分殊底意。",C
Z053867,"乾稱父,坤稱母,道是父母,固是天氣而地質,然與自家父母,自是有箇親踈,從這處便理一分殊了。",C
Z053868,"看見伊川說這意較多,龜山便正是疑同胞吾與爲近於墨氏,不知他同胞吾與裏面便自分理一分殊了。",C
Z053871,"""(劉用之問西銘》理一而分殊。",C
Z053873,"如《西銘》劈頭來,便是理一而分殊。",C
Z053874,"且乾稱/父,坤稱母,雖以乾坤爲父母,然自家父母,自有箇(親)(踈,這是理一而分殊,等而下之,以至爲大君爲宗子,/爲大臣家相。",C
Z053875,"若理則一,其分未嘗不殊。",C
Z053878,不知他同胞同與裏面)(便有箇理一分殊。,C
Z053881,"問西銘》句句是理一分殊,亦只就事天事親處分否?""曰:""是。",C
Z053884,"理一而分殊,龜山說得又别。",C
Z053885,"他只以民吾同胞,物吾與及,長長幼幼爲理一分殊曰:""龜山是直說底意思否?""曰:""是。",C
Z053913,"大抵《西銘》前三句,便是《綱要》,了得即句句上自有理一分殊。",C
Z053914,"(後來已有/一篇說了)方云:""指其名者,分之殊,推其同者,理之一。",C
Z053915,林子武問《龜山《語錄》曰西銘》理一而分殊。,C
Z053916,"知其理一,所以爲仁;知其分殊,所以爲義。",C
Z053930,"禮、智、信當來不是要仁使時仁來用,要義使時義來用,只是這一箇道理,流出去,自然有許多分别。",A
Z053932,"虛明而能應物者,便是心,應物有這箇道理,便是性,㑹做出來底,便是情,這只一箇物事。",C
Z053933,"龜山說理,一似未透,據老幼及人""一句,自將分殊都說了。",N
Z053946,"問:""横渠語范巽之一叚如何?""曰:""惟是今人不能脫然如大寐之得醒,只是捉道理說,要之也說得去,只是不透徹。",N
Z053949,"""直卿曰:""張子語比釋氏更有窮理工夫在。",N
Z053955,"葢云事固當考索,然/心未有主,却泛然理會不得)。",N
Z053959,"講治之思,莫非在我這道理之内。",C
Z053972,葢道只是致一公平之理而已。,C
Z053979,"如精氣爲物,游魂爲變,此是理之常也。",C
Z054019,"問:""横渠言有無,諸子之陋也?""曰:""無者無物,却有此理,有此理則有矣。",C
Z054039,"如由太虚有天之名,由氣化有道之名,合虚與氣有性之名,合性與知覺有心之名,亦說得有理;由氣化有道之名,如所謂率性之謂道是也。",C
Z054040,"然使明道形容此理,必不如此說。",C
Z054050,"'却不知形而上者,還他是理,形而下者,還他是器。",C
Z054054,"""曰:""雖無形,却有理。",C
Z054071,"問:""横渠云'太虛即氣太虛何所指?""曰:""他亦指理,但說得不分曉。",C
Z054086,"問横渠言'帝天之命,主於民心曰:""皆此理也。",C
Z054102,"問:""横渠說""天性在人,猶水性之在冰,凝釋雖異,爲理一也。",C
Z054105,"蓋謂性之爲體本虛而理未嘗不實,若與釋氏不同。",C
Z054110,"問:""横渠謂'所不能無感者為性,性只是理,安能感?恐此言只可名心否?""曰:""横渠此言,雖未親切,然亦有箇模樣。",C
Z054111,"蓋感固是心,然所以感者,亦是此心中有此理,方能感,理便是性。",C
Z054120,"蓋此理自無息止時,晝夜寒暑,無一時停,故逝者如斯,而程子謂與道爲體。",A
Z054121,"這道理今古晝夜,無須臾息,故曰不能己",A
Z054125,"雖在聞見,亦同此理。",C
Z054130,"合理者無不吉,悖理者無不凶。",C
Z054136,"命有二,有理有氣。",C
Z054158,"""又問:""横渠云:'太虛即氣乃是指理爲虛,似非形而下。",C
Z054159,"""曰:""縱指理爲虚,亦如何?夾氣作一處。",C
Z054167,"蓋有此理,則清濁虛實,皆在其中。",C
Z054172,"這道理本平正,清也有是理,濁也有是理,虛也有是理,實也有是理,皆此理之所爲也。",A
Z054201,"伊川亦云:'除却身,只是理,懸空只是箇義理。",C
Z054202,"横渠云:""學者識得仁體後,如讀書,講明義理,皆是培壅。",N
Z054210,"那得一箇在不仁不義與仁義之中底物事?不是人欲,便是天理,不是天理,便是人欲。",C
Z054225,"""某問須亦窺見理?""曰:""雖窺見理,却不介意了。",C
Z054227,"聖人知天命以理,他只是以術。",C
Z054232,"他用那心時,都在緊要上用,被他靜極了,看得天下之事理精明。",N
Z054235,"若不是養得至靜之極,如何見得道理如此精明?只是他做得出來,須差異。",N
Z054295,"他也只是見得一箇麄底道理,後來便都無人識。",N
Z054304,"謂如見花方蓓蕾,則知其將盛,既開則知其將衰,其理不過如此。",C
Z054306,"蓋理在數内,數又在理内。",C
Z054307,"康節是他見得一箇盛衰消長之理,故能知之。",C
Z054309,"程先生有一柬,說《先天圖》,甚有理,可試往聽,他就看觀其意,甚不把當事。",N
Z054317,"蓋其學本於明理,故明道謂其觀天地之運化,然後頽乎其順,浩然其歸。",N
Z054319,"蓋他玩得此理熟了,事物到面前便見,便不待思量。",N
Z054361,"""廣云:""伊川謂自古言數者,至康節方說到理上曰是如此。",C
Z054362,"如揚子雲亦畧見到理上,只是不似康節精。",C
Z054374,"""道指天地萬物自然之理而言;心指人得是理,以爲一身之主而言。",C
Z054381,"人身是形耳,所具道理,皆是形而上者。",C
Z054389,"先生問:""性如何是道之形體?""淳曰:""道是性中之理。",C
Z054393,"道是在物之理,性是在已之理。",C
Z054394,"然物之理都在我,此理之中,道之骨子,便是性。",C
Z054404,"或問:""性者,道之形體如何?""曰:""天之付與,其理本不可見,其緫要却在此。",C
Z054405,"蓋人得之於天理,元無欠闕,只是其理却無形象,不於性上體認,如何知得?程子曰:""其體謂之道,其用謂之神,而其理屬之人,則謂之性,其體屬之人,則謂之心,其用屬之人,則謂之情",C
Z054419,"蓋道即理也,如父子有親,君臣有義是也。",C
Z054420,"然非性,何以見理之所在?故曰""性者道之形體。",C
Z054421,"仁義禮智,性也,理也,而具此性者,心也。",C
Z054436,"榖種之生,乃生之理,乃得此生理以爲仁。",A
Z054456,"問:""康節云""天根月窟閑來往,三十六宫都是春蓋云天理流行而已,常周旋乎其間。",A
Z054499,"要之天地之理,却自是當知,數亦何必知之?伊川謂:'雷自起處起,何必推知其所起處?惟有孟子見得曰:'莫非命也,順受其正。",C
Z054553,"""又問:""和靖專於主敬集義處少?""曰:""和靖主敬把得定,亦多近傍理。",C
Z054587,"各家去奔走仕宦,所以不能理㑹得透。",N
Z054591,"某看來,這道理,若不是拚生盡死去理㑹,終不觧得。",N
Z054599,"若不早死,也須理㑹得到。",N
Z054600,"""蔡又因說律管云:""伊川何不理㑹?想亦不及理㑹,還無人相共理㑹。",N
Z054601,"然康節所理㑹,伊川亦不理㑹。",N
Z054602,"""曰:""便是伊川不肯理㑹這般所在。",N
Z054616,"道理自是有小有大,有初有終。",C
Z054619,"如曾子三省處,皆只是實道理。",C
Z054629,"葢此理無形體,故易差,有百般滲漏。",C
Z054655,"西北人勁直,才見些理,便如此行去。",N
Z054665,"吕與叔後來亦看佛書,朋友以書責之,吕云:""某只是要看他道理如何?其文集上雜記,亦多不純,想後來見二程了却好。",N
Z054677,"謝氏謂:""去得矜字,後來矜,依舊在,說道理,愛揚揚地。",N
Z054678,"或問:""謝上蔡以覺言仁,是如何?""曰:""覺者,是要覺得箇道理。",N
Z054682,"問:""上蔡說仁,本起於程先生引醫家之說而誤曰:""伊川有一叚說,不認義理最好,只以覺爲仁,苦不認義理,只守得一箇空心,覺何事?""",N
Z054683,"上蔡以知覺言仁,只知覺得那應事接物底,如何,便喚做仁?須是知覺那理方是。",N
Z054685,"喚著便應,抉著便痛,這是心之流注在血氣上底,覺得那理之是非,這方是流注在理上底。",N
Z054688,"只覺得痛癢,不覺得理底,雖㑹於那一等,也不便是仁。",N
Z054704,"但不知渠說本體是何性,若不指理,却錯了。",C
Z054767,"上蔡云:""誠是實理,不是專說是理。",C
Z054768,"後人便只於理上說,不於心上說,未是。",C
Z054780,"理義是本有,自能悅心,在人如行慊於心。",A
Z054809,"龜山詩文,說道理之類,才說得有意思,便無收殺。",N
Z054810,"楊曰:""是道理不透否?""曰:""雖然,亦是氣質弱,然公平無病。",N
Z054819,"須要將一部《論語》,粗粗細細,一齊理㑹去,自然有貫通處,却㑹得仁方好。",N
Z054822,"范濟美博學高才俊甚,故龜山只引剛毅木訥告之,非定理也。",N
Z054828,"龜山沒,西山嘗有佛經䟽,追薦之,唯羅先生却是著實子細去理㑹。",N
Z054829,"某舊見李先生時,說得無限道理。",N
Z054830,"也曾去學禪,李先生云:'汝恁地懸空理㑹得許多,而靣前事却又理㑹不得。",N
Z054831,"道亦無𤣥妙,只在日用間,著實做工夫處理㑹,便自見得。",N
Z054832,"後來方曉得它說,故今日不至無理㑹耳。",N
Z054835,"他性慢,看道理也如此。",N
Z054836,"平常處看得好,緊要處却放緩了,做事都渙散,無倫理。",N
Z054853,"第二,理㑹東南綱運。",N
Z054929,"自此一年間,只理㑹得箇蔡京,這後面光景迫促了,金人之來,已不可遏矣。",N
Z054955,"然當時國勢已如此,金初退後,便須急急理㑹,如救焚拯溺。",N
Z054956,"諸公今日論蔡京,明日論王黼,當時姦黨,各已行遣了,只管理㑹不休,擔閣了日子。",N
Z054962,"""先生曰:""龜山曽理㑹文字來。",N
Z055053,"""又曰:""謝昌國論《西銘》,理一而分殊,尤錯了。",C
Z055061,"君子、小人者,天理人欲而已矣。",C
Z055083,"又云:""豈有見理已明,而不能處事者?""此語亦好。",N
Z055098,"曾吉甫答文定書中,天理人欲之說,只是籠罩,其實初不曾見得,文定便許可之,它便只如此住了。",C
Z055107,"胡致堂說:""道理無人及得他。",N
Z055141,"做出那事,便是這裏有那理。",C
Z055142,"凡天地生出那物,便都是那裏有那理。",C
Z055148,"仲思問五峰中誠、仁如何?""曰:""中者性之道,言未發也;誠者命之道,言實理也;仁者心之道,言發動之端也。",C
Z055153,"""又疑:""中、誠、仁一而己,何必别言?""曰:""理固未嘗不同。",C
Z055158,"仲思問:""天之所以命乎人者,實理而已。",C
Z055170,"須逐句看他言誠時,便主在實理發育流行處;言性時,便主在寂然不動處;言心時,便主在生發處。",A
Z055173,"問誠者,物之終始而命之道曰:""誠是實理,徹上徹下,只是這箇生物,都從那上做來,萬物流形,天地之間,都是那底做。",A
Z055174,"五峯云:'誠者命之道,中者性之道,仁者心之道此數句說得宻如何?大本處却含糊了,以性爲無善惡,天理人欲都混了,故把作同體。",C
Z055250,"上蔡既受書,文定乃徃見之,入境人皆訝知縣不接監司論理,上蔡既受他書,也是難爲出。",N
Z055263,"荀子但只見氣之不好,而不知理之皆善。",C
Z055287,"""又讀至彪居正問心一叚,先生曰:""如何可學?""謂不於原本處理㑹,却待些子發見曰:""孟子此事,乃是一時間爲齊王耳。",N
Z055296,"不知此理,却從何而出。",C
Z055326,"""君子、小人,天理人欲而已矣。",C
Z055345,"若只云有好惡,而善惡不定於其中,則是性中理不定也。",C
Z055348,"唯伊川""性即理也""一句,甚切至。",C
Z055365,"君子好惡以道,小人好惡以欲,是好人之所惡,惡人之所好,亦是性也而可乎?""或問:""天理人欲,同體異用之說,如何?""曰:""當然之理,人合恁地底,便是體,故仁義禮智爲體。",C
Z055370,"或問天理、人欲,同體而異用,同行而異情。",C
Z055419,"它此等上不曾理㑹,却都要將一大話包了。",N
Z055425,"雖天文地理,亦須看得他破,方可議之。",N
Z055437,"五峰有本亭記》甚好,理固是好,其文章排佈之類,是文人之文,此其所居也。",N
Z055481,"學者只是敬以直内,義以方外,見得世間無處不是道理。",N
Z055482,"雖至微至小處,亦有道理,便以道理處之,不可專要去靜處求。",N
Z055514,"因言廖用中議和事云:""廖用中固非詭隨者,但見道理,不曾分曉。",N
Z055526,"且如人理㑹,惟精惟一,允執厥中。",N
Z055539,"人性卞急,發不中節者,當於平日言語動作間,以緩持之,持之久,則心中所發,自有條理。",N
Z055566,"靜坐理㑹道理,自不妨。",N
Z055568,"理㑹得道理明透,自然是靜。",N
Z055571,"不知到羅浮靜極後,又理㑹得如何?,某心常疑之,以今觀之,是如此。",N
Z055572,"葢心下熱閙,如何看得道理出?須是靜方看得出。",N
Z055574,"心下無事,則道理始出,道理既出,則心下愈明靜矣。",N
Z055577,"蓋義理自有著力看不出處,然此亦是後面事,初間亦須用力去理㑹始得。",N
Z055582,"李先生云:""看聖賢言語,但一踔看過,便見道理者,却是真意思。",N
Z055612,"李先生云:""天下事道理多。",N
Z055633,"伯恭說道理與作爲,自是兩件事。",N
Z055661,善只是自然純粹之理。,C
Z055693,"""曰:""他本只是禪榦問""嘗看文字,多是虛字上無緊要處,最有道理。",N
Z055696,"且如今說秉彛,這箇道理,却在彛字上、秉字下。",N
Z055697,"所以莊子謂""批大卻、導大窽便是道理,都在空處。",N
Z055699,"""問莊子》云""聞解牛得養生,如何可以養生?""曰:""只是順他道理,去不假思慮,不去傷著他,便可以養生。",N
Z055701,"""問莊子此意如何?""曰:""也是他見得箇道理如此。",N
Z055702,"""問:""他本是絶滅道理,如何有所見?""曰:""他也是就他道理中,見得如此。",N
Z055703,"""因嘆曰:""天下道理,各見得恁地剖析開去,多少快活。",N
Z055734,"""是時,南軒少年,又處得地位,不是而人情皆如此,何以成得事?""南軒亦間至太上處理㑹事之類,太上曰:""尚記得卿父娶時如何事?卿今如此?""南軒奏邊事,并不可和之意,太上亦順應之。",N
Z055743,"南軒再召時,論:""今日自是當理㑹恢復,然不如此理㑹,須是有劄子。",N
Z055744,"""上大喜,次日降出劄子,御批:""恢復須是如此理㑹,即除侍講云。",N
Z055752,"春風駘蕩家家到,天理流行事事清。",A
Z055763,"於義理之文亦然,極為病。",N
Z055770,"盖人心之靈,天理所在,用之則愈明。",C
Z055771,"只提醒精神,終日著意,看得多少文字,窮得多少義理,徒為懶倦,則精神自是憒憒,只恁昏塞不通,可惜。",N
Z055775,"時下雖是鈍滯,便一件了得一件將來,却有盡理㑹得時。",N
Z055777,"舊見李先生説""理㑹文字,湏令一件融釋了後,方更理㑹一件融釋""二字,下得極好。",N
Z055779,"今若一件未能融釋,而又欲理㑹一件,則第二件又不了,推之萬事事不了,何益?",N
Z055784,"器之問野有死麕曰:""讀書之法,湏識得大義,得他滋味,没要緊處,縱理㑹得,也無益。",N
Z055785,"大凡讀書,多在諷誦中見義理。",N
Z055806,"如今讀一件書,湏是真箇理㑹得這一件了,方可讀第二件;讀這一叚,湏是理㑹得這一叚了,方可讀第二叚。",N
Z055812,"如今人不曾竭盡心力,只見得三兩分了,便草草揭過,少間只是鶻突無理㑹,枉著日月,依舊似不曾讀相似。",N
Z055814,"如今讀書,湏是加沈潜之功,將義理去澆灌胷腹,漸漸盪滌去那許多淺近鄙陋之見,方㑹見識髙明。",N
Z055819,"""因説:""如今讀書,多是不曾理㑹得一處通透了,少間却多牽引前面疑難來説,此最學者大病。",N
Z055820,"譬如一箇官司,本自是鶻突了,少間又取得許多鶻突底證,見來證對,却成一塲,無理㑹去,又有取後面未。",N
Z055821,"""曾理㑹底來説,却似如今只來建陽縣,猶自未見得分曉,却又將建寧府與南劔州事來説,如何説得行?少間弄來弄去,只是胡説瞞人。",N
Z055825,"某平生也,費了些精神,理㑹《易》與《詩》,然其得力則未若《語孟》之多也易》與《詩》中所得,似雞肋焉。",N
Z055828,"令欲直得聖人本意不差,未湏理㑹經,先湏於《論語孟子》中,專意看他,切不可忙,虛心觀之,不湏先自立見識,徐徐以俟之,莫立課程。",N
Z055831,"讀書貪多,最是大病,下梢都理㑹不得。",N
Z055841,"某舊年思量義理未透,直是不能睡。",N
Z055860,"某自十五六時至二十嵗,史書都不要看,但覺得閑是閑,非没要緊,不難理㑹。",N
Z055866,"看道理,若只恁地説過一遍便了,則都不濟事。",N
Z055870,"延平先生嘗言:""道理湏是日中理㑹,夜裏却去静處,坐地思量,方始有得。",N
Z055877,"某舊日理㑹道理,亦有此病。",N
Z055879,"某後刻意經學,推見實理,始信前日諸人之誤也。",N
Z055880,"器之問:""嘗讀《孟子》求放心章》,今毎覺心中有三病,籠統不專一,看義理,毎覺有一重似簾幙遮蔽,又多有苦心不舒快之意。",N
Z055881,"""曰:""若論求此心,放失有千般萬様病,何止於三?然亦别無道理。",N
Z055888,"""器之又問:""先生徃時初學,亦覺心有不專一否?""曰:""某初為學,全無見成規模,這邊也去理㑹尋討,那邊也去理㑹尋討。",N
Z055891,看來湏是先理㑹箇安着處。,N
Z055892,"譬如人治生,也湏先理㑹箇屋子,安著身已方始如何經營如何?積累漸漸,湏做成家計。",N
Z055894,"為學者不先存此心,雖説要去理㑹,東東西西,都自無安著處。",N
Z055905,"舊在湖南,理㑹乾坤,乾是先知,坤是踐履,上是知至,下是終之。",N
Z055906,"却不思今只理㑹箇知,未審到何年月,方理㑹終之也。",N
Z055908,"却不知未發念慮時静,應物時動,静而理感亦有動,動時理安亦有静。",C
Z055921,"某尋常莫説前軰,只是長上及朋友,稍稍説道理底,某便不敢説他説得不是。",N
Z055933,"'他只是要如此,然豈有此理?只如孔子答顔子克己復禮為仁。",N
Z055939,"子静舊年也不如此,後來弄得直恁地差異,如今都教壊了,後生箇箇不肯去讀書,一味顛蹷没理㑹處,可惜可惜。",N
Z055949,"""也理㑹得箇昭昭靈靈底禪劉後説與某。",N
Z055954,"始見李先生與他説,李先生只説不是,某却倒疑李先生理㑹此未得,再三質問,李先生為人簡重,却是不甚㑹説,只教看聖賢言語。",N
Z055973,"某年二十餘,已做這工夫,將謂下梢理㑹得多少道理,今忽然有許多年紀,不知老之至此也。",N
Z055974,"只理㑹得這些子,嵗月易得蹉跎,可畏如此。",N
Z055976,"某舊時用心甚苦,思量這道理,如過危木橋子,相去只在毫髪之間,才失脚,便跌落下去,用心極苦。",N
Z055977,"五十嵗已後,覺得心力短,看見道理,只争絲髪之間,只是心力把不上。",N
Z055978,"所以《大學中庸語孟》諸文字,皆是五十嵗已前做了,五十已後,長進得甚不多,而今人看文字,全然心粗,未論説道理,只是前軰一様文士,亦是用幾多工夫,方做得成,他工夫更多。",N
Z055979,"若以他這心力,移在道理上,那裏得來?如韓文公答李翊一書,與老蘇上歐陽公書,他直如此用工夫,未有苟然而成者。",N
Z055989,"只今六十一嵗,方理㑹得恁地。",N
Z055998,"理㑹得時,今老而死矣,能受用得幾年?然十數年前,理㑹不得死,又却可惜。",N
Z056007,"""漢卿又問:""前年侍坐,所聞似與今别,前年云:'近方看得這道理透。",N
Z056010,"還當以前是就道理説,今就勲業上説。",N
Z056015,"某當初講學也,豈意到這裏?幸而天假之年,許多道理在這裏。",N
Z056038,"""符舜功曰:""趙昌父前日在此,好作詩,與之語道理,如水投石。",N
Z056051,"且如伊川解經》,是㨿他一時所見道理,恁地説,未必便是聖經本㫖。",N
Z056058,"今人纔説《易》是卜筮之書,便以為辱累了易》見夫子説許多道理,便以為《易》只是説道理,殊不知其言吉㓙悔吝,皆有理,而其教人之意,無不在也。",N
Z056059,"夫子見文王所謂元亨利貞者,把來作四箇説,道理亦自好,故恁地説。",N
Z056062,"然孔子却不是曉文王意不得,但他又自要説一様道理也。",N
Z056069,"問:""先生解經,有異於程子説者,如何?""曰:""程子説,或一句自有兩三説,其間必有一説是,兩説不是,理一而已,安有兩三説皆是之理?盖其説或後嘗改之,今所以與之異者,安知不曾經他改來?盖一章而衆説叢然,若不平心明目,自有主張,斷入一説,則必無衆説皆是之理。",C
Z056070,"方伯謨勸先生少著書曰:""在世間喫了飯後,全不做得些子事,無道理。",N
Z056108,"父慈而教,子孝而箴,看我是能恁地不恁地小學》所説,教人逐一去上面,尋許多道理,到著《大學》,亦只是這道理,又教人看得就切實如此,不是胡亂恁地説去。",N
Z056114,"脩身大法小學》備矣,義理精㣲近思録》詳之。",N
Z056139,"若只讀此,則道理孤單,如頓兵堅城之下,却不如《語孟》,只是平鋪説去,可以遊心。",N
Z056155,"某從十七八嵗讀,至二十嵗,只逐句去理㑹,更不通透。",N
Z056164,"湏是時復玩味,庶幾忽然感悟,到得義理與踐履處融㑹,方是自得這箇意思,與尋常思索而得意思不同。",N
Z056165,"問《孟子》首章,是先剖判箇天理人欲,令人曉得,其托始之意甚明。",C
Z056172,"某當初看時,要逐句去看他,便但覺得意思促廹,到後來放寛看,却有條理。",N
Z056173,"然此書不特是義理精明,又且是甚次第底文章?某因熟讀後便見,自此也知作文之法。",N
Z056176,"""曰:""是他見得這道理通透,見得裏面本來,都無别物事,只有箇仁義,到得説將出,都離這箇不得,不是要安排如此。",N
Z056180,"如曾子只守箇忠恕,子思只守箇誠,孟子只守箇仁義,其實皆一理也。",C
Z056182,"是他見得道理做出,都是這箇説出,也只是這箇,只各就地頭説,不是把定這箇將來做。",N
Z056183,"如堯、舜是多少道理?到得後來衣鉢之傳,只説人心惟危,道心惟㣲,惟精惟一,允執厥中緊要在上三句説㑹如此,方得箇中,方得箇恰好。",N
Z056186,"因整要略謂孟子》發明許多道理都盡,自此外更無别法。",N
Z056188,"要知雖有此數十條,是古人已説過,不得不與他理㑹,到得做工夫時,却不用得許多難得勇猛底人,直截便做去。",N
Z056229,"或問《敬齋箴》後面,少些從容不廹之意,欲先生添數句曰:""如何解廹切?今未曾下手在,便要從容不廹,却無此理。",N
Z056252,"温公《通鑑》,以魏為主,故書蜀丞相亮冦何地?從《魏志》也,其理都錯。",N
Z056262,"如周亡之後,秦未帝之前,自是無所統屬底道理,南北亦只是並書。",N
Z056321,"因論常平倉曰:""某自㸃二州,知常平之弊如此,更不敢理㑹。",N
Z056344,"問:""今之神祠,無義理者極多。",N
Z056345,"若當官處於極無義理之神祠,雖係勅額,凡祈禱之類,不徃可否?""曰:""某當官所至,湏理㑹一番,如儀案所具,合祈禱神示有無義理者,使人可也。",N
Z056349,"若待他飢時理㑹,更有何䇿?東邊遣使去賑濟,西邊遣使去賑濟,只討得逐州幾箇紫綾冊子來,某處已如何措置,某處已如何經畫,元無實恵及民。",N
Z056387,"遂與受理,委楊敬仲,敬仲深以為:""子訴母不便,某告之曰:'曾與其父思量否?'其父身死,其妻輒棄背,與人私通,而敗其家業,其罪至此。",N
Z056398,"詣學學官以例講書,歸謂諸生曰:""且湏看他古人道理意思如何,今却只做得一篇文字,讀了,望他古人道理意思處,都不曽見。",N
Z056406,"上昇一事,斷無此理,豈有許多人,一日同登天?自後又却不見一箇登天之人。",N
Z056408,"其佛肉身,嘗留公㕔,禱祈徼福,果有知道理人為汀州,合先投畀水火,以祛民惑,愚民施財,崇修佛宇,所在皆然。",N
Z056427,"在法,屬官自合毎日到官長處,共理㑹事,如有不至者,自有罪。",N
Z056443,"楊通老云:""天下事體,固是説道,當從原頭理㑹來也。",N
Z056444,"湏是從下面細處,理㑹將上始得。",N
Z056463,"某毎到,即以法曉諭,定要如此,亦使磨底磨得,子細審底審得子細,有新簿、舊簿不同處,便批出理㑹。",N
Z056483,"如合有鑄印處,乃是兵刑錢榖處,如尉有鑄印,亦有管部弓兵、司理、主郡刑獄,乃無鑄印。",N
Z056503,"此事最不難理㑹,而無一人肯言之者,不知何故。",N
Z056511,"古者山澤之利,與民共之,今都占了,是何理也?合盡行除罷,而行廹無及矣。",N
Z056584,"學校本是來者不拒,去者不追,豈有固而留之之理?且學問,自是人合理㑹底事,只如明明徳一句,若理㑹得,自提省人多少。",N
Z056586,"只把此切已做工夫,有甚限量?此是聖賢緊要警䇿人處,如何不去理㑹,不理㑹學問,與蚩蚩横目之氓何異?""",N
Z056587,"客説社倉訟事曰:""如今官司鶻突,都無理㑹,不如莫辨。",N
Z056591,"今䝉使府委送某事如何?一,某人於某年月日,於某處理某事,某官如何斷一,又於某時某再理,某官如何斷一,某今看詳此事理如此,於條合如何結絶?如此人之能否,皆不得而隠。",N
Z056623,"今人獄事,只管理㑹,要從厚不知不問是非善惡,只務從厚,豈不長姦恵惡?大凡事,付之無心,因其所犯,考其實情,輕重厚薄,付之當然可也。",N
Z056632,"今人只胡亂隨人來理㑹,來與不來,都不知,豈不誤事?",N
Z056643,"""上曰:""似如此人,只貸命,有傷風教,不可不理㑹。",N
Z056668,"此果有時,豈可不理㑹?卿可子細採探,却來說末後辭云:""照對。",N
Z056726,"'如何不説得人主動?當時上云:""朕聞之矍然,敢不祗允?'這許多只閒説,只是好勝,都不平心看道理。",N
Z056730,"孫欲立别廟,如姜嫄,則姜嫄是婦人,尤無義理,介甫之説却好。",N
Z056738,"僖祖有廟,則其下子孫當祧者,置於東西夾室,於理為順。",N
Z056750,"""又問:""若一一理㑹,則更無是處。",N
Z056753,"進不及祖宗時之九,退不得如古之七,豈有祔一宗而除兩祖之理?况太祖而上,又豈可不存一始祖?今太祖在廟,而四祖並列四夾室,亦甚不便。",N
Z056763,"若某言近理,臣等敢不遵從?趙子直又不付出,至於乘夜撤去僖祖室,兼古時遷廟,又豈應如此?偶一日接奉使、兩府侍從皆出,以官馹狹,侍郎幙次在茶坊中,而隔幙次説及此,某遂辨説一畨,諸公皆順聴。",N
Z056782,"""又曰:'祧廟亦無毁拆之理。",N
Z056798,"先生嘗與衆議,欲以事目分之,譬之六部,吏部專編差除,禮部專編典禮,刑部專編刑法,湏依次序編排,各具首末,然後類聚為書,方有條理。",N
Z056817,"而今《實録》,他們也是將日厯做骨,然却皆不曽實用心,有時攷不得,後,將牒下州縣去討那州郡,不應也不管恁地如何解理㑹得?",N
Z056823,"雜手所作,不成倫理。",N
Z056832,"嘗舉一項云:""國家嘗理㑹山陵,要委諭民間,遷去祖墳事後,區處未得,特差某官,前徃定奪,果當如何?這箇官人看了,乃云:'只消看中做。",N
Z056834,"當時只要理㑹當遷與不當遷,當遷去,雖盡去亦得。",N
Z056837,"所以《大學》格物窮理,正要理㑹這些,湏要理㑹,教是非端的分明。",N
Z056853,"到得相視歸來,更說得沒理㑹。",N
Z056859,"當時若得集議一番,湏說得事理分明。",N
Z056912,"""先生曰:""某又不曽上書自辯,又不曽作詩謗訕,只是與朋友講習古書,説這道理,更不教做,却做何事?""因曰論語》首章言'人不知而不愠,不亦君子乎?'斷章言'不知命,無以為君子。",N
Z056917,"(《賜録》作""/如履平),盖縁只見得這道理,都不見那刀鋸鼎鑊。",N
Z056932,"今人却要求為必得,豈有此理?""",N
Z056992,"那禮上雖略説,然也説得没理㑹處。",N
Z057038,"先生語朋舊:""無事時,不妨將藥方看,欲知得飬生之理也。",N
Z057061,"如理財,以飬民為本,治兵以擇將為本。",N
Z057063,"天下事,當從本理㑹,不可從事上理㑹。",N
Z057077,"井田之法要行,湏是封建,令逐國各自去理㑹。",N
Z057091,"以道理觀之,封建之意,是聖人不以天下為己私,分與親賢共理。",N
Z057101,"又云:'革弊,湏從原頭理㑹。",N
Z057103,"要之天下制度,無全利而無害底道理,但看利害分數如何。",N
Z057160,"""問:""若是則非理明義精者,不足以與此。",N
Z057181,"呉伯英與黄直卿議溝洫,先生徐曰:""今則且理㑹,當世事尚未盡。",N
Z057186,"因説理㑹天下彌文曰:""伊川云:'只患不得為,不患不能為。",N
Z057189,"㑹做事底人,必先度事勢,有必可做之理,方去做。",N
Z057207,"只當講學,庶得人漸有好者,庶有可以為天下之理。",N
Z057231,"直卿云:""嘗與先生言:'如今有一等才能了事底人,若不識義理,終是難保。",N
Z057240,"今世士大夫,惟以苟且,逐旋挨去為事,挨得過時且過,上下相咻,以勿生事,不要十分分明理㑹事。",N
Z057241,"且恁鶻突,才理㑹得分明,便做官不得。",N
Z057243,"且恁隨俗苟且,自道是年髙見識長進,當官者,大小上下,以不見吏民、不治事為得䇿,曲直在前,只不理㑹,庶幾民自不來。",N
Z057256,"聖人只見得道理合恁地做,有令天下在這裏,湏著去保守,湏著有許多維持紀綱,這是決定著如此,不如此,便不得。",N
Z057258,"""又問:""若如此説,則陳丈就事物上理㑹,也是合如此。",N
Z057262,"聖人做事,那曾不要可、不要成?只是先從這裏理㑹去,却不曾恁地計較成敗利害。",N
Z057263,"如公所説,只是要去理㑹許多汩董了,方牽入這心來,却不曾有從這裏流出在事物上底意思。",N
Z057267,"若就那時商量,别作箇道理,孔子也不解修六經,得如司馬遷,亦是箇英雄文字,中間自有好處。",N
Z057268,"只是他説經世事業,只是第二三著,如何守他議論?如某退居老死無用之物,如諸公都出仕官,這國家許多命脉,固自有所屬,不直截以聖人為標準,却要理㑹第二三著,這事煞利害,千萬細思之。",N
Z057293,"吾軰今經歴如此,異時若有尺寸之柄,而不能為斯民除害去惡,豈不誠可罪耶?某嘗謂今之世,姑息不得,直湏共他理㑹,庶幾善弱可得存立。",N
Z057315,"如夀皇之初是一様,中間又是一様,只合隨時理㑹。",N
Z057316,"""問:""今日之治,奉行祖宗成憲,然自太祖皇帝以來,至今,其法亦有弊而當更者?""曰:""亦只是就其中整理,如何便超出做得?如薦舉,如科場,如銓試,就其中從長整理。",N
Z057317,"""問:""向説諸州廂·禁軍與屯戍大軍,更互教閲如何?""曰:""亦只是就其法整理。",N
Z057339,"若更不知義理,何所不至?古之教國子,其法至詳宻,故其才者既足以有立,而不才者亦得以薫陶漸染,而不失為寡過之人,豈若今之驕騃滛奢也哉?""陳同父課藁》中,有一段,論此稍佳。",N
Z057341,"某嘗謂天下事,不是從中做起,湏得結子頭是當,然後從上梳理下來,方見次序。",N
Z057366,"然以今觀之,士人千人萬人,不知理㑹甚事,真所謂游手,只是恁地底人,一旦得髙官厚禄,只是為害朝廷何望其濟事?真是可憂。",N
Z057375,"太祖時人都不理㑹文,仁宗時人㑹説,今又不㑹説,只是胡説。",N
Z057386,"方試官命此題,已欲其立竒説矣,又出題目定,不肯依經文成片叚,都是斷章牽合,是甚麽義理?三十年前,人猶不敢如此,只因一番省試,出""上天之載,無聲無臭,儀刑文王""三句,後遂成例,當時人甚駭之,今遂以為常矣。",N
Z057394,"""曰:""某常説不當就題目上理㑹。",N
Z057404,"""曰:""也只是無人理㑹。",N
Z057407,"若捉出詭名納兩副三副卷底人來定,将保明人痛治,人誰敢犯?""某嘗説天下無難理㑹底事。",N
Z057408,"這般事,只是黒地裏脚指縫,也求得出來,不知如何得恁地無人理㑹?""又曰:""今日科舉考試,也無法不?""通看。",N
Z057440,"今人却情願受這十分重弊,壓在頭上,都不管,及至纔有一人理㑹起,便去搜剔那半分一分底弊來瑕疵之,以為決不可行。",N
Z057441,"如被人少却百貫千貫,却不管,及被人少却百錢千錢,便反倒要與理㑹。",N
Z057444,"懶則士大夫不肯任事,有一様底説,我只認做三年官了去,誰能閒理㑹得?閒事閒討煩惱,我不理㑹,也得好好做。",N
Z057447,"只如舊時,科舉無定日,少間人來這州試了,又過那州試,州裏試了,又去漕司試,無理㑹處。",N
Z057463,"若上好學,便於學舎,選舉賢儒,如胡安定、孫明復這般人,為教導之官,又湏将科目盡變了,全理㑹經學,這湏㑹好。",N
Z057470,"如今年三知舉所上劄子,論舉人,使字理會,這箇濟得甚?今日亦未論變科舉法,只是上之人主張,分别善惡,擢用正人,使士子少知趨向,則人心自變,亦有可觀可學問歐陽公當時變文體,亦是上之人主張。",N
Z057488,"臨别,先生留飯坐間,出示理㑹科舉文字,大要欲均諸州解額,仍乞罷詩賦,專經學,論䇿條目井井云。",N
Z057499,"如子年以《易詩書》取人,則以前三年舉天下,皆理㑹此三經;卯年以《三禮》取人,則以前三年舉天下,皆理㑹此三禮;午年以《春秋》三傳》取人,則以前三年舉天下,皆理㑹此《春秋三傳如《易詩書》,稍易理㑹,故先用此一類取人,如是周而復始。",N
Z057500,"其毎舉所出䇿論,皆有定所,如某書出論,某書出䇿,如天文、地理、樂律之類,皆指定,令學者習而用以為題。",N
Z057519,"然上之人曽不思量,時文一件,學子自是著急,何用更要?爾教?爾設學校,却好教他理㑹本分事業。",N
Z057526,"東晉之末,其文一切含胡是非,都没理㑹。",N
Z057528,"如今最没道理,是教人懐牒來試討教官。",N
Z057538,"若不教他,爾道他自做不做,何待設官置吏,費廪禄教他做也?湏是當職底人,怕道人不曉義理,湏是要教人識些。",N
Z057555,"身為宰相,合以何為急?却要急去理㑹。",N
Z057563,"士人如何?也只安鄉舉如何?自家却立箇物事,引誘人來奔趨下面,又恁地促窄,無入身處,如何?又只就㣲末處理㑹。",N
Z057582,"然又湏思量所以致得四方士人苦死,都要來赴太學試,為甚麽?這是箇弊端,湏從根頭理㑹去。",N
Z057585,"""或五六百人解送一人,何其不平至於此?自是做得病痛如此,不就這處醫治,却只去理㑹其末,今要好。",N
Z057588,"太學既無非望之恩,又於鄉舉額窄處増之,則人人自安鄉里,何苦都要入太學,不就此整理,更説甚?髙?抑崇、秦相舉之為司業。",N
Z057622,"""蔡云:""今兵政如此,終當如何?""曰:""湏有道理。",N
Z057626,"然則如之何?""曰:""只就這腔裏,自有道理,這極易。",N
Z057649,"故太祖皇帝知其病而䟽理之,於是削其支郡,以斷其臂指之勢。",N
Z057667,'某應之曰:'無縁有不屬州縣之理。,N
Z057669,"兵甲詭名,不可免,善兵者,亦不於此理㑹,纔有一人可用,便令其兼數人之料。",N
Z057683,"今若要理㑹,湏從此起。",N
Z057700,"因言:""淮上屯田,前此朝廷嘗差官理㑹,其人到彼,都不曽敢起人所閒者,却只令人築起㳂江門地以為屯,此亦太不立。",N
Z057718,"襃衣博帶,談道理、説詩書、冩好字事,發遣如此,何益於事?",N
Z057720,"萬一為賊所虜,為之奈何?彼固不足䘏,然失一帥,其勢豈不張大?前軰謂祖宗用帥,取以二路,一是曽歴邊郡,一是帥臣子弟曽諳兵事者,此最有理。",N
Z057727,"湏是得一箇人委任他,聴他自漸漸理㑹許多軍政,将來自有條理。",N
Z057748,"惟夀皇不然,其情理重者,皆殺之。",N
Z057756,"民心不得其正,眼前利害,猶曉不得,况欲曉之以義理哉(必大○人傑/録畧○教民)",N
Z057767,盖事理只有一箇是非。,N
Z057795,"湏是得監司與理㑹亦近,説與應倉了,不知如何。",N
Z057796,"""浩云:""要好得監司,去地頭置局,與理㑹一番,直是見底,方可住。",N
Z057816,"州縣多取於民,監司知之,當禁止,却要分一分,此是何義理?""又論廣西鹽曰:""其法亦不宻。",N
Z057822,"""先生曰:""纔做從官,不帶職出,便把這事做欠闕,見風吹草動,便喜做事,不顧義理,只是簡利多害少者為之。",N
Z057837,"且理㑹大處,如薛士龍軰,皆有一定格子,細細碎碎,皆在我手尚得只一出使委人,如何了得?又此等事,湏是上下一心,方行得。",N
Z057856,理㑹役法甚善。,N
Z057896,"又後面子弟一段,湏是著意理㑹,這箇子弟,真箇要他用,非其他泛泛之比。",N
Z057898,"此等事難處,湏是理㑹,教他整宻,無些罅縫方可。",N
Z057913,"王宣子為户部時,曾去理㑹,虞并甫不樂,罷黜之。",N
Z057954,"若是一片白紙也,直一錢在,而今要革其弊,湏是從重頭理㑹方得。",N
Z058122,"""因論尹穡不著胷中不好時,却尚解理㑹事,當時多併了官司,後來又復了。",N
Z058176,"只管説官冗,何不於任子上更減?令員外所得恩數,展至正郎,正郎恩數,迤邐展上?合奏京官者,且與選人又何害?不肯索性理㑹一番,只是恐人怨謗,祖宗時亦幾次省削了,乆而自定,何足恤耶?",N
Z058200,"為守令第一,是民事為重,其次則便是軍政,今人都不理㑹。",N
Z058205,"詞牒無情理者,不必判,先減書鋪及勒供罪状,不得告訐之類。",N
Z058207,"有一朋友作宰通監司書,先説無限道理。",N
Z058208,"陳公亮作帥,謂之曰:""若要理㑹職事,且不湏如此迂闊。",N
Z058213,"""先生曰:""與他研窮道理,分别是非曲直,自然訟少。",N
Z058235,"如看道理、辨是非,又湏是自髙一著,方判決得别人説話。",N
Z058239,"這只是自家不見得道理,事來都區處不下,吏人弄得慣熟,却見得髙於他,只得委任之。",N
Z058244,"""又曰:""三五十錢底可恤,若有人來理㑹,亦湏治他。",N
Z058246,"湏是有旁通歴,逐日公事開項,逐一記了,即勾之,未了,湏理㑹教了,方不廢事。",N
Z058251,"人居官,要應副親戚,非理做事,只説道囑託所得貨賄,親戚受之,這是甚麽底事,敢胡亂做?""因説:""呉公路為本路憲崇安宰,上世與之有契,在邑恣行,無所不至。",N
Z058269,"今學者皆是就冊子上鑚,却不就本原處理㑹,只成講論文字,與自家身心,都無干渉,湏是将身心做根柢。",N
Z058271,"""曰:""今只就文字理㑹,不知涵飬,便是一輪轉,一輪不轉。",N
Z058275,"如一箇大公至正之路,甚分明不肯行,却尋得一線路,與自家私道合,便稱是道理。",N
Z058286,"湏是因流之濁,以驗源之未清,就本原處理㑹,未有源之濁而流之能清者,亦未有流之濁而源清者。",N
Z058300,且如曽子於禮上纎細無不理㑹過。,N
Z058306,"今只就冊子上理㑹,所以毎毎不相似。",N
Z058316,"""以此去理㑹,學三代以下書,古今世變、治亂存亡,皆當理㑹。",N
Z058333,"徳明與張顯父在坐,竦然聴教,先生言:""前軰諸賢,多只是略綽見得箇道理便休,少有苦心理㑹者,湏是專心致意,一切從原頭理㑹過。",N
Z058334,"且如讀《堯、舜典》,厯象日月星辰、律度、量衡、五禮、五玉之類禹貢山川洪範九疇,湏一一理㑹令透。",N
Z058338,"子直一生工夫,只是編《奏議》,今則諸人之學,又只是做奏議以下工夫,一種稍勝者,又只做得西漢以下工夫,無人就堯、舜、三代原頭處理㑹來。",N
Z058340,"且如做舉業,亦湏苦心理㑹文字,方可以決科讀書。",N
Z058350,"若是仕宦,湏出來理㑹事。",N
Z058369,"因問遺書中敬義夾持,直上達天徳之語,亦是切要工夫?""曰:""不理㑹得時,凡讀書語言,各各在一處,到底只是一事。",N
Z058379,"立則見其參於前,在輿則見其倚於衡,皆是見得理如此。",C
Z058384,"以前看得,心只是虛蕩蕩地,而今看得來,湛然虚明,萬理便在裏面。",C
Z058393,"且如公一日間,曽有幾多時節,去體察理㑹來?若不曽如此下工夫,只據冊上寫底,把來口頭説,雖説得是何益?某常説與學者,此箇道理,湏是用工夫,自去體䆒,講論固不可闕。",N
Z058396,"若便領略将去,不過是皮膚而已,又不入思慮,則何縁㑹進?湏是把來横看豎看,子細窮䆒,都理㑹不得底,固當去看,便是領略得去者,亦當如此看,看來看去,方有疑處也。",N
Z058399,"湏是理㑹來理㑹去,理㑹得意思,到似被膠漆粘住時,方是長進也。",N
Z058401,"""曰:""且莫理㑹先後,敬是如何?誠是如何?""廣曰:""敬是把捉工夫,誠則到自然處。",N
Z058405,"廣云:""昨日聞先生教誨,做工夫底道理,自看得來,所以無長進者,政縁不曽如此做工夫,故於看文字時,不失之膚淺,則入於穿鑿。",N
Z058408,"盖此箇道理,問也問不盡,説也説不盡,頭緒儘多。",N
Z058413,"雖是理㑹得底,更湏将來看此,不厭熟熟後更看,方始滋味出。",N
Z058416,"若無主一工夫,則所講底義理,無安著處,都不是自家物事。",N
Z058417,"若有主一工夫,則外面許多義理,方始為我有,都是自家物事。",N
Z058429,"鷄犬放,猶有求不得時,自家心則無求不得之理。",N
Z058436,"先生又謂:""廣見得義理雖稍快,但言動之間,覺得輕率處多。",N
Z058442,"自到師席之下,一日見先生,泛説義理不是面前物,皆吾心固有者,如道家説存想法所謂鈆汞、龍虎之屬,皆人身内所有之物。",N
Z058443,"又數日,因廣誦義理,又向外去,先生云:""前日説與公道,皆吾心固有,非在外之物。",N
Z058445,"又一日侍坐,見先生説:""如今學者,大要在喚醒上,自此方知得做工夫底道理,而今於静坐時、讀書玩味時,則此心常在,一與事接,則心便緩散了。",N
Z058451,"""先生曰:""心虚則理實,心實則理虚。",C
Z058474,"只是要人做得徹,做得徹時,也不大驚小怪,只是私意剥落浄盡,純是天理融明爾。",C
Z058515,"所以二程先生不得不發明道理,開示學者,使激昻向上,求聖人用心處,故放得稍髙。",N
Z058517,"尋求道理,依舊在大路上行,今之學者,却求捷徑,遂至鑚山入水。",N
Z058518,"吾友要知湏是與他古本相似者,方是本分道理,若不與古本相似,盡是亂道。",N
Z058539,"今所以要於聖賢語上,精加考䆒,從而分别輕重,辨明是非,見得粲然有倫,是非不亂,方是所謂文理宻察是也。",N
Z058540,"自此應事接物,各當事幾,而不失之過,不失之不及,此皆精於義理之效也。",N
Z058543,"如老兄詩云:'中倫中慮,只恁汎説,何益?倫慮,只是箇倫理所在,要使言行有倫理。",N
Z058547,"若非就這上見得義理之正,則非特所學不可見於行,亦非此道之至。",N
Z058573,"再見即曰:""吾軰此箇事,世俗理㑹不得。",N
Z058578,"是非既定,却揀一箇是處行将去,必欲囬互得人,人道好,豈有此理?然事之是非,乆却自定,時下湏是在我者無慊,仰不愧俯不怍,别人道好,道惡管他?""",N
Z058583,"况天理、人欲不兩立,湏得全在天理上行,方見得人欲消盡。",C
Z058587,"遇事而發,合道理處,便與果决行去,勿顧慮。",N
Z058593,"不曰窮理,却説格物者,要得就事物上看,教道理分明,見得是處,便斷然行将去,不要遲疑。",N
Z058601,"縁先以利存心做時,雖本為衣食不足,後見利入稍優,便多方求餘,遂生萬般計較,做出礙理事來。",N
Z058623,"""又曰:""須看《大學聖賢聽言,皆是自家元有此理,但人不肯著意看。",C
Z058624,"若稍自著意,便自見得,却不是自家無此理。",C
Z058634,"""曰:""須有一箇至底道理。",C
Z058638,"每日閒慢時多,如欲理㑹道理,理㑹不得,便掉過三五日,半月日不當事,鑚不透,便休了。",N
Z058643,"有理㑹不得處,須是皇皇汲汲然無有理㑹不得者。",N
Z058664,正如公適間説窮理也。,N
Z058665,"知事事物物,皆具此理,随事精察,便是窮理,只是不見所謂好處。",N
Z058686,"謹固好,然太拘則見道理不盡,處事亦徃往急迫。",N
Z058687,"道理不只在一邊,須是四方八面㸔始盡。",N
Z058698,"天下自有一箇道理在,若大路然,聖人之言,便是一箇引路底。",N
Z058699,"李公晦問忠恕曰:""初讀書時,且從易處㸔,待得熟後,難者自易理㑹。",N
Z058719,"反而思之,干爾身已甚事?爾身已有多多少少底事,合當理㑹,有多多少少底病,未曾去却来説甚盛衰、興亡、治亂,這箇眞是自欺。",N
Z058722,"如一項人,恁地不子細,固是不成箇道理。",N
Z058727,"龜山人只道恁地寛,㸔来不是寛,只是不解理㑹得,不能理㑹得。",N
Z058728,"范純夫語解,比諸公説理,最平淺,但自有寛舒氣象,最好。",N
Z058731,"公往前在陳君舉處,如何㸔文字?""曰:""也只就事上理㑹,将古人所説来商量,須教可行。",N
Z058735,"如鄭康成所説井田,固是難得,千里平地,如此方正,可疆理溝洫之類。",N
Z058737,"古人事事,先去理㑹大處正處,到不得已䖏,方有變通,今却先要去理㑹變通之説。",N
Z058739,"平日常常㸔書,否則便思索義理,其他邪妄不見来。",N
Z058747,"只自家胷次,便要得是非分眀,事事物物上,都有箇道理,都有是有非。",N
Z058749,"雖淺近閒言語中,莫不有理,都要見得破。",N
Z058752,"只是揚善,那惡底自有不得掩之理。",N
Z058754,"又云:""一件事,走過眼前,匹似閒,也有箇道理,也有箇是非。",N
Z058755,"縁天地之間,上蟠下際,都無别事,都只是這道理。",C
Z058756,"如今理㑹道理,且要識得箇頭。",N
Z058758,"假饒句句説得,叚叚記得,有甚精微奥妙?都理㑹得,也都是閒話。",N
Z058760,"要知這源頭是甚麽?只在身已上㸔許多道理,盡是自家固有底,仁義禮智知,皆擴而充之,若火之始然,泉之始達,這箇是源頭。",C
Z058766,"公今且要理㑹志趣,是要如何?若不見得自家身已道理,分明㸔聖賢言語,那裏去捉摸?""又云:""如今見得這道理了,到得進處,有用力慤實緊密者,進得快,有用力慢底,便進得鈍。",N
Z058767,"何况不見得這源頭道理便緊密也,徒然不濟事,何况慢慢地便全然是空?如今拽轉亦快,如舡遭逆風,吹向别䖏去。",C
Z058770,"又如説足容重,須著重,是天理,合下付與自家,便當重,自家若不重,便自壊了天理。",C
Z058771,"手容恭,須著恭,是天理,合下付與自家,便當恭,自家若不恭,便自壊了天理。",C
Z058774,"又如説""非禮勿視,自是天理,付與自家䨇眼,不曾教自家視非禮,纔視非禮,便不是天理。",C
Z058775,"非禮勿聽,自是天理,付與自家䨇耳,不曾教自家聽非禮,纔聽非禮,便不是天理。",C
Z058779,"'公只管恁地下稍不好,見道理不分眀,將漸入於幽暗,含含胡胡,不能到得正大光眀之地。",N
Z058783,"問:""往前承誨,只就窮理説較多。",N
Z058785,"但覺得近日諸公去理㑹窮理工夫多,又自漸漸不著身已。",N
Z058790,"如公讀《論語》,還當文義曉得了,未若文義未曉得,又且去㸔某家如此説,某家如彼説,少間都攪得一場没理㑹。",N
Z058806,"想見日用工夫,也,只去小處理㑹,此亦是立心不定故爾,切宜戒之。",N
Z058819,"自下面做上者,便是就事上旋尋箇道理,湊合将去,得到上靣極處,亦只一理。",C
Z058820,"自上面做下者,先見得箇大體,却自此而觀事物,見其莫不有箇當然之理,此所謂自大本而推之達道也。",C
Z058827,"且如程門中如游定夫後来説底話,大段落空,無理㑹處,未必不是。",N
Z058837,"'時舉退而思之,不知如何便得超詣?'曰:'只從大本上理㑹,亦是逐旋挨去,自㑹超詣。",N
Z058838,"且如今學者考理,一如在淺水上撐舡相似,但覺辛苦,不能嚮前。",N
Z058840,"今有學者在某門者,其於考理,非不精當,説得来置水不漏,直是理㑹得好。",N
Z058842,"人只管道某不合引他,如今被他累,却不知渠實是理㑹得某,如何不與他説他?凡所説底話,今世俗人,往往有全曉不得者。",N
Z058844,"往往他一時眀敏,隨處理㑹,便自曉得分眀。",N
Z058865,"但於大本上用力,凡讀書窮理,須要㸔得親切。",N
Z058869,"""問:""仙鄉莫有人講學?""某説:""鄉里多理㑹文辭之學。",N
Z058955,"""曰:""自是有可悦之理,只是敬好。",C
Z058983,"近見湖南學者,非復欽夫之舊,當来若到彼中,須與整理一番,恨不能遂此意耳。",N
Z059006,"靜時見此理,動時亦當見此理。",C
Z059008,"問:""索理未到精㣲處,如何?""曰:""平日思慮夾雜,不能虚眀,用此昏底心,欲以觀天下之理,而斷天下之疑,豈能䆒其精㣲乎?""",C
Z059016,"學問亦無箇一超直入之理,直是銖積寸累做将去。",N
Z059030,"又豈可指擎跽曲拳,塊然在此而後為敬?""又曰:""今人将敬、致知来做兩事,持敬時只塊然獨坐,更不去思量,却是今日持敬,眀日去思量道理也。",N
Z059031,"豈可如此?但一面自持敬,一面去思慮道理二者本不相妨。",N
Z059034,"""四曰:知言云:""天理人欲,同體而異用,同行而異情。",C
Z059036,"天理人欲,如何同得?故張欽夫《嶽麓書院記》,只使他同行而異情一句,却是他合下便見得如此。",C
Z059037,"他盖嘗曰:""凡人之生,粹然天地之心,道義完具,無適無莫,不可以善惡辨,不可以是非分,所以有天理人欲,同體而異用之語,只如粹然天地之心,即是至善,又如何不可分辯?天理便是性,人欲便不是性,自是他合下見得如此。",C
Z059038,"當時無人與他理㑹,故恁錯了。",N
Z059039,"五曰遺書》云:""今志於義理,而心不安樂者,何也?此則正是剰一箇助之長。",N
Z059047,"德孤只是單丁,有這些道理,所以不可靠易為外物侵奪。",N
Z059061,"大抵《易》之言隂陽,有指君子、小人而言,有指天理人欲而言,有指動静之機而言,初不可以一偏而論。",C
Z059062,"如天下皆君子而無小人,皆天理而無人欲,其善無以加有。",C
Z059064,"或者見其相資而不可相無,遂以為天下不可皆君子而無小人,不能皆天理而無人欲此得其一偏之論。",C
Z059080,"問濓溪遺事》載邵伯温記康節論天地萬物之理,以及六合之外,而伊川稱歎東見録》云:""人多言天地外,不知天地如何説内外,外面畢竟是箇甚。",C
Z059090,"只指摘一二事,亦豈能盡?若一言可盡,則聖人言語,豈止一事?聖人言語眀白,載之書者,不過孝弟、忠信,其實精粗本末,祗是一理。",C
Z059108,"向日蜚卿有書,亦説如此,某答之云:""見有事自那裏過却,不理㑹,却只要如此,如何是實下工夫?""",N
Z059125,"公軰欲理㑹義理,好著緊用工,早商量得定,将来自求之,未必不得。",N
Z059129,"不然則志氣既立,思慮凝静,豈復有此?""曰:""此亦是不讀書、不窮理,故心無所用,遂生出這病。",N
Z059144,"如《濓溪通書》,只是反復説這一箇道理。",N
Z059148,"問:""道夫在門下雖數年,覺得病痛尚多?""曰:""自家病痛,他人如何知得盡?今但見得義理稍不安便,勇決改之而已。",N
Z059163,"恁地則心便自眀,這裏便窮理格物。",N
Z059181,"㸔易》本因卜筮而設,推原隂陽消長之理、吉凶悔吝之道,先儒講解,失聖人意處多。",N
Z059186,"今學者不如且看《大學語孟中庸》四書,且就見成道理,精心細求,自應有得。",N
Z059200,"""問:""程子言未有致知而不在敬者曰:""心若走作不定,何縁見得道理?如理㑹這一件事未了,又要去理㑹那事,少間都成無理㑹。",N
Z059201,"須是理㑹這事了,方好去理㑹那事,須是主一。",N
Z059202,"""問:""思慮難一如何?""曰:""徒然思慮,濟得甚事?""某謂若見得道理分曉,自無閒雜思慮。",N
Z059203,"人所以思慮紛擾,只縁未見道理耳。",N
Z059208,"莫學某㸔文字,㸔到六十一嵗,方略見得道理恁地。",N
Z059210,"問:""如古人詠歌舞蹈,到動盪血脉,流通精神處,今既無之,專靠義理去研究,恐難得悦樂,不知如何?""曰:""只是㸔得未熟耳。",N
Z059212,"""先生因説㝢讀書㸔義理,須是開豁胷次,令磊落明快。",N
Z059216,"而今且放置閒事,不要閒思量,只專心去玩味義理,便㑹心精,心精便㑹熟。",N
Z059219,"到那講習應接,便當思量義理,用義理做将去,無事時便著存飬,收拾此心。",N
Z059227,"""又問:""此説相救,是就義理處説動静,不知就應事接物處説動静如何?""曰:""應事得力,則心地静,心地靜,應事分外得力,便是動救静。",N
Z059229,"動靜一齊當理,才有一毫之私,便都差了。",C
Z059230,"""(《淳録》云:""徐/問前夜説)(動静功用相救,静可救得動,動如何救得静?""曰:""須是/眀得這理,使無不盡,直到萬理明徹之後,此心湛然)(純一便能如此。",C
Z059233,"得是静,慮是動,如艮其止,止是静,所以止之便)(是動如君止於仁,臣止於敬,仁敬是静,所以思要止/於仁,敬便是動,固是靜救動,動救靜,然其本又自此)(心湛然純一,素無私,始得心無私,動静便一齊當理/心若自私,便都差了,動了又靜,靜了又動,動静只管)(相生如循環之無端。",C
Z059310,"又云:""某少時為/學,十六嵗便好理學,十七嵗便有如今學者見識後)(得謝顯道《論語》甚喜,乃熟讀,先将朱筆抹出語意好/處,又熟讀得趣,覺見朱抹處太煩,再用墨抹出,又熟)(讀得趣,别用青筆抹出,又熟讀,得其要領,乃用黄筆/抹出。",N
Z059317,"理本實有條理,五常之體,不可得而測度,其用則為五教,孝於親,忠於君。",C
Z059322,"問:""事有合理,而有意為之,如何?""曰:""事雖義,而心則私。",N
Z059324,"如此者,是天理起計較,便不是。",A
Z059330,"問欲求大本,以總括天下萬事曰:""江西便有這箇議論,須是窮得理多,然後有貫通處。",C
Z059333,"某嘗説:'且如做飯,也須趁柴理㑹,米無道理,合下便要簡易。",N
Z059362,"如從容字,或曰'横出為從,寛容為容如何?""曰:""這箇見不得,莫要管他横出、包容,只理㑹言意。",N
Z059391,"但是我恁地説他箇無形無狀,去何處證驗?只去切已理㑹,此等事,乆自㑹得。",N
Z059394,"乆之却云:""公那江西人,只管要理㑹那漆雕開與曾㸃,而今且莫要理㑹。",N
Z059395,"所謂道者,只是君之仁、臣之敬、父之慈、子之孝便是,而今只去理㑹。",N
Z059397,須是歩歩理㑹。,N
Z059398,"坐如尸,便須要常常如尸;立如齋,便須要常常如齋,而今却只管去理㑹那流行底,不知是箇甚麽物事,又不是打破一桶水,隨科隨坎皆是。",N
Z059409,"欲且將書細讀,就上面研䆒義理,如何?""曰:""書上也便有面前道理在。",N
Z059412,"今欲将《小學》等書理㑹,從洒掃、應對、進退、禮樂、書數、射御,從頭再理㑹起,不知如何?""曰:""也只是事事致謹,常常持飬,莫教放慢了,便是。",N
Z059419,"無所向,只是就書上仔細玩味,考䆒義理,便是。",N
Z059420,"'義剛之初拜先生也,具述平日之非與所以逺来之意,力求陶鑄及所以為學之序,先生曰:'人不自訟,則没奈何他?今公既自知其過,則講書窮理,便是為學也,無他陶鑄處。",N
Z059425,"先生所以教人,只要逐章逐句理㑹,不要揀擇,敬遵眀訓。",N
Z059431,"今不去理㑹身已上事,却去理㑹天下之事,到理㑹得天下事於身已上,却不曾處置得。",N
Z059432,"所以學者讀書,先要理㑹自己本分上事。",N
Z059457,"好理㑹處,不理㑹,不當理㑹處,却支離去説,説得全無意思。",N
Z059462,"且如某在長沙時,處之,固有一箇道理,今在路途,道理又别。",N
Z059470,"聖賢教人,具有倫理,學問是人合理㑹底事。",N
Z059472,"今人知為學者,聽人説一席好話,亦解開悟,到切己工夫,却全不曾做,所以悠悠嵗月,無可理㑹。",N
Z059473,"若使切己下工,聖賢言語,雖散在諸書,自有箇通貫道理,須實有見處,自然休歇不得。",N
Z059476,"只如讀書一事,頭邊㸔得兩段,便揭過,後面,或㸔得一二段,或㸔得三五行,殊不曾仔細理㑹,如何㑹有益?""或問:""人講學不眀,用處全差了?""曰:""不待酬酢應變時,若學不切己,自家一箇渾身,自無處著,雖三魂七魄,亦不知下落,何待用時方差?""坐間有言及傅子囦者曰:""人雖見得他,偏,見得他不是,此邊却未有肯著力做自家工夫,如何不為他所謾?近世人大被人謾,可笑。",N
Z059485,"人過了此一厄,當理㑹學問。",N
Z059486,"今人過了此一厄,又去理㑹應用之文,作古文作詩篇,亦是一厄。",N
Z059489,"既知這道理,辦得堅固,心一味向前,何患不進?只患立志不堅。",N
Z059494,"别人言語,他自邪説,何與我事?被他謾過,理㑹不得,便有陷溺。",N
Z059528,"問:""而今㸔道理不出,只是心不虚靜否?""曰:""也是不曾去㸔㑹,㸔底就㸔處自虚靜,這箇互相發。",N
Z059529,"先生謂䕫孫云:""公既乆在此,可将一件文字,與衆人共理㑹,立箇程限,使敏者不得而先,鈍者不得而後。",N
Z059545,"而言之,饑食渇飲,出作入息;大而言之,君臣便有義,父子便有仁,此都是述天地之事,只是這箇道理。",C
Z059572,"少頃又舉誠幾德一章説云:""誠無為,只是自然有實理,恁地不是人做底,都不曾犯手勢。",B
Z059580,"説来説去,只是這一箇道理。",C
Z059581,"""䕫孫問云:""此箇道理,孔子只説一隂一陽之謂道,繼之者善,成之者性,都不曽分别出,性是如何?孟子乃分别出説,是有此四者。",C
Z059582,"然又只是以理言,到周先生説方始盡,方始見得人必有是四者這四。",C
Z059585,"""陳仲蔚因問:""龜山説:'知其理一,所以為仁;知其分殊,所以為義仁便是體,義便是用否?""曰:""仁只是流出来底,義是合當做底。",C
Z059591,"禮是理之節文,義便是事之所宜處。",C
Z059597,"不是要仁使時,義却留在後面,少間放出來,其實只是一箇道理。",C
Z059615,"如今若苟簡㸔過,只一處便自未曾理㑹得了,却要别生疑義,徒勞無益。",N
Z059631,"""祖道曰:""是則是有此理,恐非初學者所到地位。",C
Z059640,"能無所畏乎?忽然被他来理㑹,礙公進取時如何?""曰:""此是自家身已上進取,何足議?""曰:""可便遷入精舎。",N
Z059645,"問進德之方曰:""大率要修身窮理。",N
Z059664,"及應物之時,顛倒錯謬,全是私意,亦不知聖人所謂敬義處,全是天理,安得有私意?今釋老能立箇門户恁地,亦是它從旁窺得近似。",C
Z059667,"他若是做得工夫透徹時極好,却煩惱那敏底,只是略綽㸔過,不曾深去思量,當下説也理㑹得,只是無滋味工夫不耐乆。",N
Z059670,"問:""尋常遇事時,也知此為天理,彼為人欲,及到做時,乃為人欲引去,事已却悔,如何?""曰:""此便是無克己工夫。",C
Z059686,"""問:""若非聖人説下許多道理,則此身四肢耳目,更無安頓處。",N
Z059690,"道理極是細膩,公們心都麄大,入那細底不得。",N
Z059692,"如公適間説:""學者来此不講誦,蚤来莫去,是理㑹甚事?自初来至去是,有何所得?聽得某説話,有何警發?每日靠甚麽做本,從那裏做去,公却㑹説得箇頭勢如此大,及至末梢,又却只是檢㸃他人某事某事,元未有緊要,那人亦如何服公説?且去理㑹自己身心,煞有事在。",N
Z059694,"某這裏須是事事從心上理㑹起,舉止動歩,事事有箇道理,一毫不然,便是欠闕了。",N
Z059695,"他道理固是天下事,無不當理㑹,只是有先後緩急之序,須先立其本,方以次推及其餘。",N
Z059714,"""曰:""只㸔公如此説,便是不曾理㑹得了。",N
Z059715,"莫依傍他底説,只問取自家是真實見得,不曾自家信是信得箇甚麽?這箇道理,精粗小大,上下四方,一齊要著到四邊合圍起理㑹,莫令有些子走透,少間方從一邊理㑹得些小,有箇見處,有箇入頭處。",N
Z059716,"若只靠一邊去理㑹,少間便偏枯了,尋捉那物事不得。",N
Z059723,"如人負一箇大痛,念念在此,日夜求所以去之之術,理㑹這一件物,須是徹頭徹尾,全文記得,始是如此,末是如此,中間是如此,如此謂之是,如此謂之非,須是理㑹教透徹,無些子疑滯方得。",N
Z059727,"先生畧顧之,謂友仁曰:""公今須是逐一些仔細理㑹始得,不可如此鹵莽。",N
Z059729,"然其他不問者,恐亦未必是,豈能便與聖賢之意合?須是理㑹得底也来整理過方可。",N
Z059738,"能思量分别,方有豁然貫通之理,如公之學也不易。",N
Z059740,"未能博學,便要約禮,窮理處不曾用功,守約處豈免有差?若差之毫忽,便有不可勝言之弊。",N
Z059749,"次日却問:""公昨夜所舉解仁説,在何處?""曰:""在《曾子言仁以為己任章先生曰:""德元㸔文字,却能記其𦂳要處,有萬千人㸔文字者,却不能於𦂳要處理㑹,只於𤨏細處用工。",N
Z059765,"少間自家做出文字,便也有所欠缺,不成文理。",N
Z059766,"嘗見蕃人及武臣文字,常不成文理,便是如此。",N
Z059793,"有骨肋有志操,若㸔道理,也粗些子在。",N
Z059796,"如飬氣之説,豈可驟然理㑹?候玩味得七篇了,漸覺得意思。",N
Z059809,"若未得天理純熟,一旦失覺察,病痛出来,不可不知也。",C
Z059810,"""問:""五峰所謂""天理、人欲,同行異情莫須這裏要分别否?""曰:""同行異情,只如飢食渴飲等事,在聖賢無非天理,在小人無非私欲。",C
Z059814,"須就自家身上,實見得私欲萌動時如何?天理發見時如何?其間正有好用工夫處。",A
Z059815,"盖天理在人,亘萬古而不泯,任甚如何蔽錮,而天理常自若,無時不自私意中發出。",A
Z059817,"但只於這箇道理發見處,當下認取,簇合零星,漸成片段,到得自家好底意思,日長月益,則天理自然純固,向之所謂私欲者,自然消靡退散,乆之不復萌動矣。",A
Z059819,"初不道隔去私意後,别尋一箇道理,主執而行,才如此,又只是自家私意。",C
Z059821,"只這知悔處,便是天理。",C
Z059823,"""底道理,只要人自識得。",N
Z059828,"有些説話,且留在胷次,烹治煅煉,教這道理成熟。",N
Z059836,"""又問:""與周茂元同邸,所論何事?""曰:""周宰云:'先生著書立言,義理精密,既得之,熟讀深思,從此力行,不解有差。",N
Z059842,"問:""未知學問,知有人欲,不知有天理。",C
Z059845,"及既知覺,已為間斷,故因天理發見,而收合善端,便成片段。",A
Z059849,"""問中庸或問》所謂""誠者,物之終始,以理之實而言也;不誠無物,以此心不實而言也。",C
Z059851,"今之學者,只説操存,而不知講明義理,則此心憒憒,何事於操存也?某嘗謂誠意一節,正是聖凡分别關隘去處。",N
Z059857,"舜弼以書来問仁,及以仁義禮智與性,分形而上下,先生答書,略曰:""所謂仁之德,即程子穀種之説,愛之理也。",C
Z059924,"此書自是難㸔,須經歷世故,多識盡人情物理,方㸔得入。",N
Z059933,"盖其間義理闊多,伊川所自發,與經文又似隔一重皮膜,所以㸔者,無箇貫穿處。",N
Z059937,伊川又别發明出義理来。,N
Z059941,"如上蔡《論語》,義理雖未盡,然人多喜㸔,正以其説有過處,啓發得人,㸔者易入。",N
Z059942,"若《程傳》則不見其抑揚,略不驚人,非深於義理者,未易㸔也。",N
Z059952,"今這裏説話也是心,對坐也是心,動作也是心,何者不是心?然則緊要著力在何處?""扣之再三,淳思未答,先生縷縷言曰:""凡㸔道理,須要窮箇根源来處。",N
Z059954,"凡道理,皆從根源來處窮究,方見得確定,不可只道我操脩踐履,便了多見。",N
Z059955,"士人有謹守資質好者,此固是好,及到講論義理,便偏執己見,自立一般門户,移轉不得,又大可慮。",N
Z059956,"道理要見得真,須是表裏首末,極其透徹,無有不盡,真見得是如此,決然不可移易始得。",N
Z059963,理徹則我與理一。,C
Z059964,"然一下未能徹,須是浹洽,始得這道理甚活。",C
Z059971,"此一下,未可便知,須是窮䆒萬理,要令極徹。",C
Z059974,"這道理在天地間,須是真窮到底,至纎至悉,十分透徹,無有不盡,則與萬物為一,無所窒礙,胷中泰然,豈有不樂?""",C
Z059986,"問:""㸔道理,須尋根源来處,只是就性上㸔否?""曰:""如何?""曰:""天命之性,萬理完具。",C
Z059989,"""曰:""固是如此,又須㸔性所因是如何?""曰:""當初天地間,元有這箇渾然道理,人生禀得,便是性。",C
Z059990,"""曰:""性只是理,萬理之總名。",C
Z059991,"此理亦只是天地間公共之理,禀得來,便為我所有。",C
Z059995,"這道理,不是如堆金積寳在這裏,便把分付與人去,亦只是説一箇路頭,教人自去討。",N
Z060000,"須是理㑹得七八分工夫了,被人決,一決便有益,説十分話,便領得。",N
Z060006,"若理㑹得也好,理㑹不得也好,便悠悠了。",N
Z060007,"讀書,理㑹一件了,又一件不止是讀書。",N
Z060008,"如遇一件事,且就這事上思量,合當如何做處得来,當方理㑹。",N
Z060009,"别一件書,不可只就皮膚上㸔事,亦不可只就皮膚上理㑹。",N
Z060013,天下無不可説底道理。,N
Z060021,"講䆒義理,不下得工夫,也不得,如舉業,不下得工夫,也不解精。",N
Z060023,"恰如自家們講䆒義理,到熟處悟得。",N
Z060030,"然理亦不是外面硬生道理,只是自家固有之理。",C
Z060031,"堯、舜性之,此理元無失,湯、武反之,已有些子失。",C
Z060034,"不學則只是硬隄防,處事不見理,一向任私意,平時却也勉强去得,到臨事變,便亂了。",N
Z060041,"㸔道理,須要就那大處㸔便,前面開闊,不要就壁角裏地歩窄一歩,便觸無處去了。",N
Z060044,"縱理㑹得一句,只是一句透,道理小了。",N
Z060047,"相别十年,有甚大頭項工夫?大頭項疑難可商量處?""淳曰:""數年来,見得日用間大事小事分眀,件件都是天理流行,無一事不是合做底,更不容挨推閃避。",A
Z060050,"面前只是理覺,如水到船浮,不至有甚慳澁,而夫子與㸃之意、顔子樂底意、漆雕開信底意中庸》鳶飛魚躍底意、周子洒落及程子活潑潑底意,覺見都在面前,真箇是如此,而禮儀三百、威儀三千,亦無一節文,非天理流行易》三百八十四爻時義,便正是就日用上,剖析箇天理流行底條目。",A
Z060051,"前聖後哲,都是一揆,而其所以為此理之大處,却只在人倫,而身上工夫切要處,却只在主敬。",C
Z060052,"敬則此心常惺惺,大綱卓然不昧,天理無時而不流行,而所以為主敬工夫,直是不可少時放斷。",A
Z060084,"如公説《易》,只大綱説箇三百八十四爻,皆天理流行。",A
Z060094,"但只理㑹下學,又局促了,須事事理㑹過将来也要知箇貫通處,不要理㑹下學,只理㑹上達,即都無事可做,恐孤單枯燥。",N
Z060096,"既是自然,便都無可理㑹了。",N
Z060097,"譬如耕田,須是下了種子,便去耘鋤灌溉,然後到那熟處,而今只想象那熟處,却不曾下得種子,如何㑹熟?如一以貫之,是聖人論到極處了,而今只去想象那一,不去理㑹那貫。",N
Z060101,"'曰:'講論時是如此,講論,做工夫時,須是著實去做道理,聖人都説盡了論語》中有許多詩書》中有許多,須是一一與理㑹過方得。",N
Z060102,"程先生謂:'或讀書講眀道義,或論古今人物而别其是非,或應接事物而處其當否,如何而為孝,如何而為忠,以至天地之所以髙厚,一物之所以然,都逐一理㑹,不只是箇一便都了。",N
Z060103,"""胡叔器因問下學,莫只是就切近處求否?""曰:""也不須恁地揀事到面前,便與他理㑹。",N
Z060104,"且如讀書,讀第一章,便與他理㑹,第一章讀第二章,便與。",N
Z060105,"""他理㑹第二章,今日撞著這事,便與他理㑹這事;眀日撞著那事,便理㑹那事。",N
Z060111,"今人務博者,却要盡窮天下之理;務約者,又謂反身而誠,則天下之物,無不在我此皆不是。",C
Z060113,"某在漳州,有訟田者契數十本,自崇寧起来,事甚難考,其人将正契藏了,更不可理㑹。",N
Z060117,"先生召諸友至臥内曰:""安卿更有甚説話?""淳曰:""兩日思量為學道理,日用間做工夫,所以要歩歩縝密者,盖縁天理流行乎日用之間,千條萬緖,無所不在,故不容有所欠缺。",A
Z060119,"""曰:'也是如此理,只在事物之中,做工夫須是密。",C
Z060122,"""問:'放開底様子如何?""曰:""亦只是見得天理是如此,人欲是如此,便做将去。",C
Z060123,"李丈説廖倅惠書有云:'無時不戒謹恐懼,則天理無時而不流行;有時而不戒謹恐懼,則天理有時而不流行。",A
Z060129,"若不用戒謹恐懼,而此理常流通者,惟天地與聖人耳。",A
Z060135,"""物無非是天理流行曰:""如公所説,只是/想像箇天理流行,却無下面許多工夫)。",A
Z060172,"""又讀淳所囬廖倅書,先生曰:""天下萬物,當然之則,便是理,所以然底,便是源頭處。",C
Z060199,"""淳曰:""下學中如致知時,亦有理㑹那上達底意思否?""曰:""非也。",N
Z060201,"今且就這事上,理㑹箇合做底是如何,少間又就這事上,思量合做底因甚是恁地,便見得這事道理合恁地,又思量因甚道理合恁地,便見得這事道理源頭處。",N
Z060202,"逐事都如此理㑹,便件件知得箇源頭處。",N
Z060205,"第一番且平㸔那一重文義是如何?第二番又揭起第一重,㸔那第二重是如何?第三番又揭起第二重,㸔那第三重是如何?㸔来㸔去,二十番、三十番,便自見得道理有穏處。",N
Z060227,"盖一事各有一箇當然之理,真見得此理,則做此事便確定,不然則此心末梢,又㑹變了,不審如何?""曰:""這自是一事之理。",C
Z060245,"如曾子平日用功,極是仔細,每日三省,只是忠信傳習底事,何曾説著一貫曾子問》一篇,都是問䘮祭、變禮㣲細處,想經禮,聖人平日已説底,都一一理㑹了,只是變禮未説,也須逐一問過。",N
Z060248,"如不理㑹散錢,只管要去討索来穿。",N
Z060251,"中間許多達孝·達德九經之類,皆是粗迹,都掉却,不能耐煩去理㑹了。",N
Z060252,"如禮儀三百,威儀三千,只将一箇道理都包了,更不用理㑹。",N
Z060253,"中間許多節目,今須是從頭平心,讀那書,許多訓詁、名物度數,一一去理㑹。",N
Z060254,"如禮儀須自一·二·三四,數至於三百;威儀須自一百二百·三百,數至於三千,逐一理㑹過,都恁地通透始得。",N
Z060261,"問氣弱膽小之病曰:""公只去做工夫,到理眀而氣自强而膽自大矣。",C
Z060262,"問:""事各有理,而理各有至當十分處。",C
Z060273,"緊要便讀,閒慢底便不讀,精底便理㑹,粗底便不理㑹。",N
Z060276,"人須是尋到那意思不好處,這便是樂底意思来,却無不做工夫,自然樂底道理。",N
Z060277,"而今做工夫,只是平常恁地去理㑹,不要把做差異㸔了。",N
Z060278,"粗底做粗底理㑹,細底做細底理㑹,不消得揀擇論語孟子》恁地揀擇了,史書及世間麄底書,如何地㸔得?""",N
Z060282,"""淳問曰:""已分上事,已理㑹,但應變處,更望提誨。",N
Z060283,"""曰:""今且當理㑹常,未要理㑹變。",N
Z060284,"常底許多道理,未能理㑹得盡,如何便要理㑹變?聖賢説話,許多道理,平鋪在那裏。",N
Z060291,"聖賢無所不通,無所不能,那箇事理㑹不得。",N
Z060292,"如《中庸天下國家有九經,便要理㑹許多物事。",N
Z060295,"盖這道理,無所不該,無所不在。",C
Z060296,"且如禮樂、射御、書數許多周旋升降、文章品節之繁,豈有妙道精義在?只是也要理㑹。",N
Z060298,"又如律厯、刑法、天文、地理、軍旅、官職之類,都要理㑹。",N
Z060300,"大槩道理,方浹洽通透。",C
Z060303,"如此只理㑹得門内事、門外事,便了不得。",N
Z060307,"夫子焉不學而亦何常師之有?聖人雖是生知,然也,事事理㑹過,無一之不講。",N
Z060308,"這道理,不是只就一件事上理㑹見得便了。",N
Z060309,"學時無所不學,理㑹時却是逐件上理㑹去。",N
Z060310,"凡事雖未理㑹得詳密,亦有箇大要處。",N
Z060346,"立則見其參於前,在輿則見其倚於衡,皆只是見得理如此,不成别有箇物事,光爍在那裏。",C
Z060366,"""賀孫云:""公是仁之體,仁是理。",C
Z060368,"只要是無私,無私則理無或蔽。",B
Z060382,"觀書須寛心平易㸔,先見得大綱道理了,然後詳䆒節目公。",N
Z060386,"如心中紛擾,雖求得道理,也没頓處。",N
Z060388,"公㸔文字仔細,却是急性太忙迫都亂了,又是硬鑽鑿求道理,不能平心易氣㸔且用認得定用玩味寛㸔。",N
Z060407,"大凡理只在人心中,不在外面。",C
Z060412,"這讀書,是要得義理通,不是要做趕課程模様。",N
Z060420,"'作文字比之他人,有可得之理否?亦須自思之。",N
Z060425,"若要理㑹道理,忙又不得,亦不得懶。",N
Z060428,"後来觀之,徃徃只要做二三分人,識些道理,便是不是。",N
Z060442,"""某因問:""立志固是,然志何以立?""曰:""自端本立,以身而參天地,以匹夫而安天下,實有此理。",C
Z060454,"先生問:""昨日與吾友説立志一段,退後思得如何?""某曰:""因先生之言,仔細思之,皆是實理。",C
Z060459,"""因語""執德不𢎞,信道不篤,焉能為有,焉能為亡,所謂天理人欲也。",C
Z060506,"""曰:""讀書須窮研道理。",N
Z060515,"""曰:""且就本文理㑹,牽傍㑹合,最學者之病。",N
Z060520,"第一下工夫,莫《草略研䆒一章,義理已得,方别㸔一章。",N
Z060523,"若研窮不熟,得些義理,以為是亦得,以為非亦得。",N
Z060526,"今只是於天理人欲上判了,去得人欲,天理自明,自家家裏事,豈有不向前?""先生曰:""然。",C
Z060528,"只且自體認這箇理,如何的見是性善?堯、舜是可為,如何是仁,如何是義?若於此有見,要已自己不得。",C
Z060581,"隨事猶可以及物,做教官,没意思説義理,人不信。",N
Z060613,"不讀書,臨事大綱雖好,而所見道理,便有偏處。",N
Z060621,"若曰我之志,只是要做箇好人,識些道理便休,宜乎工夫不進,日夕漸漸消靡。",N
Z060643,"曾㸔得""人皆可以為堯、舜道理分眀否?又見得我可以為堯、舜而不為,其患安在?固是孟子説""性善,徐行後長""之類。",N
Z060654,"如讀古人書,見其事合理義,思量古人行事與吾今所思慮欲為之事,才見得合理義,則自悦;才見不合理義,自有羞愧憤悶之心,不須一一臨事時㸔。",N
Z060665,"德粹問:""在四眀守官,要顧義理,纔到利害重處,則顧忌只是拚一去,如何?""先生曰:""無他,只是志不立,却隨利害走了。",N
Z060669,"人在官,固當理㑹官事,然做得官好,只是使人道是一好官人須講學立大本,則有源流。",N
Z060672,"既在四眀,且理㑹官事。",N
Z060673,"'先生曰:'縣尉既做了四年,滕德粹元不曾理㑹",N
Z060684,"問:""事有最難底奈何?""曰:""亦有數等,或是外面阻遏做不得,或是裏面紛亂處不去,亦有一種紛拏時及纎毫委曲微細處難處,全只在人自去理㑹。",N
Z060685,"大槩只是要見得道理分眀,逐事上自有一箇道理易》曰:'探頥索隱頥處不是奧,是紛亂時,隱是隱奥也,全在探索上。",N
Z060694,這箇須是自家理㑹。,N
Z060702,"須是自家有箇道理,處置得下。",N
Z060706,"聖人元不動心,處之恬然,只㸔此,便是要見得道理分明,自然無此患。",N
Z060707,"所以聖人教人致知格物,考䆒一箇道理,自此以上,誠意正心,皆相連上去也。",N
Z060717,"須平日多讀書,講眀道理,以涵養灌培,使此心常與理相入,乆後自熟,方見得力處。",N
Z060722,"但始初須大段著力,窮䆒理㑹,教道理通徹,不過一二番,稍難。",N
Z060724,"正如入仕之初㸔公案,初㸔時,自是未相諳,較難理㑹,須著些心力,如法攷䆒。",N
Z060739,"大凡學問,不可只理㑹一端。",N
Z060740,"聖賢千言萬語,㸔得雖似紛擾,然却都是這一箇道理,而今只就緊要處做固好。",N
Z060741,"然别箇也須一一理㑹,湊得這一箇道理都一般,方得。",N
Z060744,"""須是理㑹得多,方始襯簟得起。",N
Z060745,"且如""籩豆之事,各有司存,非是説籩豆之事,置之度外,不用理㑹動容貌""三句,亦只是三句,是自家緊要合做底,籩豆是付與有司做底,其事為輕,而今只理㑹三句,籩豆之事,都不理㑹。",N
Z060756,"天下只有箇道理,聖人説許多説話,都要理㑹,豈可只去理㑹説仁處,不説仁處,便掉了不管?子思做《中庸》,大段周密,不易去思量。",N
Z060759,"如道《中庸》,盡精微、知新、崇禮,此下一截,是道問學事,都要得纎悉具備,無細不盡,如何只理㑹一件?或問知新之理曰:""新是故中之。",N
Z060763,"今人都不理㑹我底,自不知心所在,都要理㑹他事,又要齊家、治國、平天下。",N
Z060766,"不理㑹心,是不用篙不使匙之謂也。",N
Z060772,又恐懼箇甚?只是見理不徹後如此。,C
Z060773,"若見得理徹,自然心下無事,然此亦是心病。",C
Z060776,"先生誨與立等曰:""為學之道,無他,只是要理㑹得目前許多道理。",N
Z060777,"世間事,無大無小,皆有道理。",N
Z060778,"如《中庸》所謂率性之謂道也,只是這箇道理,道不可須臾離也。",N
Z060779,"只是這箇道理,見得是自家合當做底,便做将去,不當做底,斷不可做,只是如此。",N
Z060780,"""又曰:""為學無許多事,只是要持守身心,研䆒道理,分别得是非善惡,直是如好好色,如惡惡臭,到這裏,方是踏著實地,自住不得。",N
Z060781,"""又曰:""經書中所言,只是這一箇道理,都重三疊四説在裏,只是許多頭面出来。",N
Z060785,"便若桀、紂之所以危亡,亦只是反了這箇道理。",N
Z060786,"若使别撰得出来,古人須自撰了,惟其撰不得,所以只共這箇道理。",N
Z060787,"""又曰:""讀書須是件件讀理㑹了一件,方可換一件。",N
Z060788,"這一件理㑹得通徹是當了,則終身更不用再理㑹。",N
Z060790,"若不與逐件理㑹,則雖讀到老,依舊是生底,又却如不曾讀一般濟甚事?如喫飯不成,一日都要喫得盡,須與分做三頓喫,只恁地頓頓喫去,知一生喫了多少飯。",N
Z060792,"""黻因説學者先立心志為難曰:""也無許多事,只是一箇敬,徹上徹下,只是這箇道理。",N
Z060810,"又云:""㸔文字,須以鄭文振為法,理㑹得便説出,待某㸔甚處,未是理㑹,未得便問。",N
Z060819,"朋友多是方理㑹得文字好,又歸去,似指植言。",N
Z060823,"先生問:""倪已前做甚工夫?""曰:""只是理㑹舉業。",N
Z060834,"""又曰:""㸔來不要作《春秋義》,可别治甚經?""(訓倪○時舉云:""問游和之曾/㸔甚文字?""曰:""某以春秋應舉)(粗用力於此經,似不免有科第之心,故不知理義之/要。",N
Z060841,"""凡要人爵者,固是也,理㑹天爵,然以(要)(人爵而為之,則所脩/者,皆非切已之學)",N
Z060842,"問倪未識下手工夫,曰:""舉業與這箇道理,一似箇藏子做舉業,只見那一邊,若將此心,推轉㸔這一邊極易孟子》云:'古人脩其天爵,而人爵從之。",N
Z060874,"""先生繼問:""或未理㑹得所舉忠恕否?""陳因問《集注》中舉程子第一段,先生曰:""眀道説此一段甚好,非程子不能道得到。",N
Z060880,"植舉仁者,愛之理、心之德,紬繹説過曰:""大槩是如此,而今只是做仁工夫。",C
Z060884,"所謂欲罷不能者,是它先見得透徹,所以復乎天理,欲罷不能。",C
Z060885,"如顔子教他復天理,他便不能自已,教他徇人欲,便没舉止了。",C
Z060888,"過見先生,越數日,問曰:""思得為學之要,只在主敬以存心,格物以觀當然之理。",C
Z060895,"謂林正卿曰:""理㑹這箇,且理㑹這箇,莫引證見,相將都理㑹不得。",N
Z060896,"理㑹剛而塞,且理㑹這一箇剛字,莫要理㑹。",N
Z060919,"要之無此道理,只是常常提撕。",N
Z060950,"""渠曰:'何不道我?今正是渠既而又曰:""須將《中庸》,其餘處,一一理㑹,令教仔細。",N
Z060960,"先生問夀昌:""近日教浩讀甚書?""夀昌對以方伯謨教他午前即理《論語》,仍聽講曉些義理,午後即念些蘇文之類,庶學作時文。",N
Z060982,"""先生乃舉《中庸》大哉聖人之道,至敦厚以崇禮一章,誦訖,遂言曰:""尊德性道問學,致廣大盡精㣲,極髙眀,道《中庸温故知新,敦厚崇禮,只從此下工夫理㑹。",N
Z061028,"問程子之言,有傳逺之誤者,願先生一一與理㑹過。",N
Z061041,"問格物之學,須是窮見實理。",C
Z061051,"方寸之間,人欲交雜,則謂之人心,純然天理,則謂之道心。",C
Z061103,"後来所以抵死要與他做頭抵,這亦是拗人,才拗,便都不見正底道理。",N
Z061107,"嘗見他執得一部《吕不韋吕覽》,倒道裏面,煞有道理,不知他見得是如何。",N
Z061115,"盖此道理,天下所公共,我獨曉之,而人不曉得也,自悶。",N
Z061137,"""人因言:""聖人漉得那天理,似泥様熟,只㸔那一部《周禮》,無非是天理,纎悉不遺。",C
Z061139,"與朋友交,非謂要安排去罔他為不信,只信口説出来,説得不合於理,便是不信。",N
Z061147,"他是要其終而言,道理也是恁地。",N
Z061159,"一生説顔子不愚章,先生曰:""聖人便是一片赤骨立底天理,光眀照耀,更無蔽障。",C
Z061169,"""先生曰:""聖賢已説過,何待更去理㑹他?但是不恁地恁地,都不濟事。",N
Z061171,"若是恁地,便不是自强不息底道理。",N
Z061181,"而今與公鄉里平日説不同處,只是争箇讀書與不讀書,講䆒義理與不講䆒義理。",N
Z061186,"'那上面六節,固是當理㑹。",N
Z061188,"""為人則於天地之間物理,須要都知得方可。",N
Z061193,"今但見得些子,便更不肯去窮䆒那許多道理,陷溺其心於清虚曠蕩之地,却都不知,豈可如此?直卿與某相聚多年,平時㸔文字甚仔細。",N
Z061224,"若是後面許多合理㑹處,須是從講學中來。",N
Z061225,"不然,為一鄉善士則可,若欲理㑹得為人許多事則難。",N
Z061237,"""又問:""程子言'未有致知而不在敬如何?""曰:""心若走作不定,如何見得道理?且如理㑹這一件事未了,又要去理㑹那一件事,少間都成没理㑹。",N
Z061238,"須是理㑹這事了,方去理㑹那事。",N
Z061241,"""又問:""思慮難一如何?""曰:""徒然思慮,濟得甚事?""某謂若見得道理分曉,自無閒雜思慮。",N
Z061243,"若實見得此理,更何暇思慮?天下何思何慮?不知有甚事可思慮也。",N
Z061247,"用之問:""動容周旋,未能中禮,於應事接物之間,未免有礙,理虞如何?""曰:""只此便是學。",N
Z061248,"但能於應酬之頃,逐一㸃檢,使一一合於理,乆乆自能中禮也。",N
Z061256,"""曰:""不知所讀何書?""曰尚書語孟》曰不知,又何所思?'曰:""只是於文義道理致思爾。",N
Z061284,"先生謂陳廷秀曰:""今只理㑹下手做工夫處,莫問他氣禀與習,只是是底便做,不是底莫做,一直做將去。",N
Z061291,"某舊讀書,㸔此一書,只㸔此一書,那裏得恁閒工夫?録人文字,廷秀道夫,都未理㑹得這箇工夫。",N
Z061293,"任爾孔夫子見身也還我,理㑹這箇了,直須抖擻精神,莫要昏鈍。",N
Z061295,"廷秀問:""某縁不能推廣,曰:""而今也未要理㑹如此。",N
Z061299,"""問:""如今只用下工夫去理㑹,見到時也著去理㑹,見不到時,也著去理㑹。",N
Z061300,"且如見得此段後,如何便休得?自著去理㑹?見不到時,也不曾説,自家見不到,便休了,越著去理㑹理㑹到死。",N
Z061301,"若理㑹不得時,亦無可奈何?""",N
Z061302,"陳芝拜辭,先生贈以《近思録》曰:""公事母,可檢幹母之蠱㸔,便自見得那道理。",N
Z061316,"問:""每常遇事時,也分眀知得理之是非,這是天理,那是人欲?然到做處,又却為人欲引去,及至做了,又却悔,此是如何?""曰:""此便是無克己工夫。",C
Z061319,"自家也知得合行大路,然被小路有箇物事引著,不知不覺,走從小路去,及至前面荆棘蕪穢,又却生悔,此便是天理、人欲交戰之機。",C
Z061322,"若是上智聖人底資質,他不用著力,自然循天理而行,不流於人欲。",A
Z061331,"時今纔挈轉便,都是天理;挈不轉便,都是人欲。",C
Z061343,"自家纔思這道理,便自生認得著,莫令斷始得。",N
Z061346,"德輔言:""自承教誨,兩日来讀書,覺得只是熟時,自見道理。",N
Z061349,"德輔言:""今人㸔文字義理,如何得恁不細密?""曰:""只是不曾仔細讀那書,枉用心錯思了。",N
Z061371,"但叔權也昏鈍,不是箇撥著便轉,挑著便省底於道理,只是慢慢思量後方説得。",N
Z061387,"'顧、蘇兄云:'凡人為學,須窮理,窮理以讀書為本。",N
Z061388,"孔子曰:'好古敏以求之若不窮理,便只守此,安得有進底工夫?如李兄所云,固是。",N
Z061389,"且更窮理,就事物上㸔,窮得這箇道理,到底了,又却窮那箇道理。",N
Z061390,"如此積之以乆,窮理益多,自然貫通。",N
Z061391,"窮理須是窮得到底,方始是。",N
Z061432,"問:""如何是反身窮理?""曰:""反身是著實之謂。",N
Z061443,"為仁由已,豈他人所能與?惟讀書窮理之功,不可不講也。",N
Z061464,須是更將《語孟中庸大學》中道理来涵養。,N
Z061481,"語通老早来説:""無事時此理存,有事時此理亡。",C
Z061484,"周公謹問:""學者理㑹文字,又却昏了。",N
Z061489,"李公謹問:""讀書且㸔大意,有少窒礙處,且放過後来旋理㑹如何?""曰:""公合下便立這規模,便不濟事了。",N
Z061492,"語敬子曰:""讀書須是心虚一而靜,方㸔得道理出。",N
Z061497,"如公所言,説得都是,只是不曾自理㑹得公身上事,所以全然無益。",N
Z061516,"他只道博我以文,約我以禮後,見得那天理分明,日用間義理純熟後,不被那人欲来苦楚,自恁地快活,而今只去博文約禮,便自見得。",C
Z061530,公只是思索義理不精。,N
Z061533,"安卿思得義理甚精,只是要将那麄底物事,都掉了。",N
Z061534,"公又不去義理上思量,事物来皆奈何不得,只是不曾向裏去理㑹。",N
Z061540,"道理星散,在事物上,却無總在一處底,而今只得且将《論孟中庸大學》熟看,如《論語》上看不出,少間就《孟子》上看得出孟子》上底,只是《論語》上底,不可道孟子》勝《論語》,只是自家已前看不到,而今方見得到。",N
Z061542,"""又問:""應事當何如?""曰:""士人在家,有甚大事?只是著衣喫飯,理㑹眼前事而已。",N
Z061555,"又如講義理有未通處,與朋友共講,十人十様說,自家平心看那箇不是,或他說是底,却發得自家不是底,或十人都說不是,有時因此發得自家是底。",N
Z061556,"所以適来說,有時是這處理㑹得,有時是那䖏理㑹得,少間便都理㑹得,只是自家見識到,别無法。",N
Z061557,"學者湏是撒開心胷,事事逐件,都與理㑹過,未理㑹得底,且放下,待無事時,復将来理㑹,少間甚事理㑹不得?",N
Z061558,"林恭甫問論語》記門人問答之辭,而堯曰:'一篇乃記堯、舜、湯、武許多事,何也?""曰:""不消恁地理㑹文字,只消理㑹那道理。",N
Z061561,"先儒亦只是如此說,然道理緊要,却不在這裏。",N
Z061563,讀書湏去裏面理㑹。,N
Z061567,"某自二十時,看道理,便要看那裏面。",N
Z061569,"看道理,湏是漸漸向裏,尋到那精英處,方是如射箭,其初方上垜,後来又要中,帖少間,又要中第一暈,又要中第二暈,後又要到紅心公,而今只在垜之左右,或上或下,却不要中的,恁地不濟事。",N
Z061570,"湏是仔細看,看得這一般熟後,事事盡都好㸔,便是七言雜字,也有道理。",N
Z061571,"未看得時,正要去緊要處,鑚少間透徹,則無書不可讀,而今人不去理㑹底,固是不足說去理㑹底,又不知尋緊要䖏,也都討頭不著。",N
Z061590,"敬之問:""理既明於心,湏又見這様子,方始安稳。",C
Z061609,"""賀孫問:""先生向令敬之看《孟子》,若讀此書透,湏自變得氣質否?""曰:""只是道理明,自然㑹變。",C
Z061613,"若舊時看文字,有一段理㑹未得,湏是要理㑹得,直是辛苦。",N
Z061620,"某近看得道理分明,便是有甚利害,有甚禍福,直是不怕。",N
Z061621,"只是見得道理合如此,便做将去。",N
Z061623,"""曰:""也湏要理㑹。",N
Z061624,"若實下工夫,亦湏先理㑹,名義都要著落。",N
Z061626,"如伊川所謂其體則謂之《易,其理則謂之道,其用則謂之神方說得的當。",C
Z061630,"""曰:""若作形氣說,然却只說得一邊,惟說作該體用,乃為全備,却統得下面其理則謂之道,其用則謂之神兩句。",C
Z061646,"""曰:""這只是見理不明耳。",N
Z061647,"理是自家固有底,從中而出,如何忘得?使他見之之明?如飢而必食,渴而必飲,則何忘之有?如食而至於飽則止,飲而至於滿腹則止,又何助長之有?此皆是見理不明之病。",C
Z061662,"""又曰論語》只是箇坯璞子,若仔細理㑹,煞有商量處。",N
Z061663,"語泉州趙公曰:""學固不在乎讀書,然不讀書,則義理無由明。",N
Z061664,"要之無事不要理㑹,無書不要讀。",N
Z061665,"若不讀這一件書,便闕了這一件道理;不理㑹這一事,便闕這一事道理。",N
Z061669,"但敬便是箇關聚底道理,非專是閉目静坐,耳無聞、目無見,不接事物,然後為敬。",N
Z061673,"盖心便能把捉自家,自家却如何把捉得他?唯有以義理涵養耳。",N
Z061679,"""又曰:""雖然,這箇也恁地把捉不得,湏是先理㑹得箇道理,而今學問,便只要理㑹一箇道理。",N
Z061681,"所以《大學》之道,教人去事物上,逐一理㑹得箇道理。",N
Z061682,"若理㑹一件未得,直湏反覆推究研窮,行也思量,坐也思量,早上思量不得,晩間又把出思量,晚間思量不得,明日又思量。",N
Z061683,"如此豈有不得底道理?若只略略地思量,思量不得,便掉了。",N
Z061684,"如此千年也,理㑹不得,只管責道是自家魯鈍。",N
Z061685,"某常謂此道理無他,只是要熟。",N
Z061688,"盖為天下,只是一箇道理。",N
Z061690,"初間㸔便不得如此,要知道理,只是這箇道理。",N
Z061691,"只縁失了,多年卒急要尋討不見,待只管理㑹教熟却便。",N
Z061692,"這箇道理,初間略見得些少時,也似曰生,恁地自無安頓去處,到後来理㑹熟了,便自合當如此。",N
Z061696,"看来世上自有一般人,不觧恁地内直,外便方正,只是了得自身已遇事應物,都顛顛倒倒,沒理㑹大學》湏是要人窮理。",N
Z061697,"今来一種學問,正坐此病,只說我自理㑹得了,其餘事皆截斷,不必理㑹。",N
Z061698,"自㑹做得,更不觧商量,更不觧&KR0688;,䆒到做出,都不合義理。",N
Z061700,"學者湏是要窮理,不論小事大事,都識得通透,直得自本至末,自項自踵,並無些子夾雜處。",N
Z061701,"若說自家資質恁地好,只消恁地做去,更不觧理㑹其他道理,也不消問别人。",N
Z061717,"""曰:""若閒時不思量義理,到臨事而思,已無及。",N
Z061723,"夫子焉不學,而亦何常師之有?若說閒時都莫思,則世上大事小事,都莫理㑹,如此却都無難者。",N
Z061724,"事事湏先理㑹知得了,方做得行得。",N
Z061727,"""季通問:""程君之意是如何?""曰:""他只要理㑹自家這心在裏面,事至方思外面事,都不要思量理㑹。",N
Z061728,"""蔡云:""若不理㑹得世上許多事,自家裏面底,也怕理㑹不得。",N
Z061738,"蔡云:""陸子静正是不要理㑹許多王道。",N
Z061741,"""蔡云:""若一向是禪時也終是髙曰:""只是許多模様,是甚道理?'如此若實見得自家底分明,看彼許多道理,不待辨而明。",N
Z061743,"如云洛底也是,蜀底也是某定道,他元不曾理㑹得。",N
Z061744,"如熈、豐也不是,元祐也不是某定保,他自元不曾理會得。",N
Z061745,"如云佛氏也好,老氏也好,某定道,他元不曾理㑹得。",N
Z061766,"吳伯英講書,先生因曰:""凡人讀書,湏虚心入裏,玩味道理,不可只説得皮膚上。",N
Z061769,"其教人讀書,但令事事理㑹。",N
Z061770,"如讀《周禮》,便理㑹三百六十官,如何安頓?讀書,便理㑹二帝三王所以區處天下之事;讀《春秋》,便理㑹所以待伯者予奪之義。",N
Z061772,"""曰:""禮樂法度,古人不是不理㑹,只是古人都是見成物事,到合用時,便将来使如告顔淵行夏之時,乗殷之輅,只是見成物事,如學字一般。",N
Z061776,"器逺言:""少時好讀伊、洛諸書,後来見陳先生,却説:'只就事上理㑹較著實。",N
Z061777,"若只管去理㑹道理,少間恐流於空虚。",N
Z061778,"""曰:""向見伯恭亦有此意,却以《語孟》為虚著語孟》,開陳許多大本原,多少的實可行,反以為恐流於空虚,却把《左傳》做實要人看,殊不知少間自都無主張,只見許多神頭鬼面,一場沒理㑹,此乃是大不實也。",N
Z061783,"'若不就自家身心理㑹教分明,只道有些病痛不妨,待有事来,旋作安排,少間也把捉得一事了,只是有些子罅縫,少間便是一箇禍端。",N
Z061787,"""又曰:""又有説道:'身已自著理㑹,一種應出底事,又自著理㑹,這分明分做兩邉去。",N
Z061790,"',今来却截斷一項,只便要理㑹平天下如何得?""又曰:""聖門之中,得其傳者,惟顔子。",N
Z061793,"""又曰:""公適来説:'君舉要理㑹經世之學。",N
Z061794,"今且理㑹一件要緊事,如國家養許多歸明。",N
Z061812,"問處鄉黨,固當自盡,不要理㑹别人。",N
Z061821,"若如此,怎生到得?天下只有一箇道理,緊包在那下,撒破便光明,那怕不通?""",N
Z061830,"如今若理㑹得這要緊處,那許多都有用。",N
Z061833,"公今却無擇善一著聖人擇善,便是事不遺乎理。",N
Z061839,"如説帝王之興、受命之祥,如《河圖洛書𤣥鳥生民之詩,固有是理,然非以是為先,恨學者推之過詳,流入䜟緯,後人舉從而廢之,亦過矣。",C
Z061841,"若理㑹得原頭正,到得,看那許多,方有辨别。",N
Z061842,"如程先生與禪子讀碑云:'公所看都是字,某所看都是理。",N
Z061843,"'似公如今所説,亦都是字,自家看見,都是理。",N
Z061845,"今日一念纔生,有以制之;明日一念生,又有以制之,乆後便無此理。",C
Z061849,"要得勝他,亦只是将飬教力壮後,自然可以敵得他去,非别有箇道理也,只在自家心有以處之耳。",N
Z061858,"諸生說書畢,先生曰:""諸公看道理,尋得一線子脈絡著了,說時也只是恁地。",N
Z061877,"公今全體都未是,何病痛之可言?設雖有善,亦只是黑上出白㸃,特其義理之不能已與氣質之或美耳。",N
Z061885,"'既志於義理,自是無惡,雖有未善處,只是過耳,非惡也。",N
Z061889,"世之志利欲與志理義之人,自是不干事。",N
Z061890,"志利欲者,便如趨榛莽禽獸之徑;志理義者,便是趨正路。",N
Z061893,"又見人說道理,他也從而美之;見人非佛、老,他亦從而非之。",N
Z061906,"先生語陳公直曰:""讀書且逐些子理㑹,莫要攪動他别底。",N
Z061918,"某之法是如此,不可只摘中間一兩句来理㑹,意脉不相貫。",N
Z061921,"看来《易》是箇難理會底物事,卒急看未得,不若且未要理㑹。",N
Z061924,"公既理㑹《詩》了,只得且理㑹《書。",N
Z061925,"理㑹《書》了,便當理㑹《禮禮》之為書浩瀚,難理㑹,卒急,如何看得許多?且如箇《儀禮》,也是幾多頭項?某因為思得一䇿,不若且買一本《温公《書儀》,歸去子細看。",N
Z061933,"陳希周請問讀書修學之門,曰:""所謂讀書者,只是要理㑹這箇道理,治家有治家道理,居官有居官道理。",N
Z061934,"雖然頭面不同,然又只是一箇道理。",N
Z061942,"鍾唐傑問窮理、持敬曰:""此事不用商量。",N
Z061943,"若商量持敬,便不成持敬;若商量窮理,便不成窮理。",N
Z061944,"湏令實理,在題目之後。",N
Z061949,"公正是肚裏有許多見識道理,攪得恁地呌喚来。",N
Z061954,"元昭以十詩獻詩,各以二句命題,如實理之類,節節推之。",N
Z061963,"""曰:""每嘗觀書,多只理㑹大意,元不曾子細講究。",N
Z061964,"""曰:""大意固合理㑹,文義亦不可不講究,最忌流於一偏。",N
Z061968,"學者若不理㑹得,聞這說話,又一齊棄了,只是停埋攤布,使表裏相通方可。",N
Z061983,"夫子對顔子克己復禮之目,亦只是就視聴言動上理㑹,凡思慮之類,皆動字上包了,不曾更出非禮勿思一條。",N
Z061985,"但偏說存於中,不說制於外,則無下手脚處,此心便不實,外面儘有過言過行,更不管,却云吾正其心有此理否?浙中王蘋、信伯,親見伊川来,後来設教作怪。",C
Z061988,"'只才整頓起處,便是天理,無别天理。",C
Z062013,"湏知此理在已,不在人,得之於心,而行之於身,方有得力,不可只做冊子工夫。",C
Z062014,"如某文字說話,朋友想都曽見之,想只是看過,所以既看過,依舊只如舊時,只是将身掛在理義邊頭,不曾真箇與之為一。",N
Z062025,"且似未識字底,将本文熟讀平看,今日看不出,明日又看,看来看去,道理自出。",N
Z062036,"乆之却自尋得箇可信底道理,則是真信也。",N
Z062041,"林一之問:""先生說動静,莫只是動中有静,静中有動底道理。",N
Z062043,"動中静、静中動,古人已說了,今更引来,要如何引證得是?但與此文義不差耳,有甚深長?今自家理㑹這處,便要将来得使恁地泛泛引證,作何用?明道言:'介甫說塔,不是上塔。",N
Z062047,"郭叔雲問:""為學之初,在乎格物,物物有理,從何處下手?""曰:""人箇箇有知,不成都無知,但不能推而致之耳。",C
Z062048,格物是格物理至徹底處。,C
Z062050,"格物以理言,致知以心言。",C
Z062053,"自家去從師,也不是要理㑹身已;自家去取友,也不是要理㑹身已。",N
Z062055,"也曽如此要人説道好,自家又識得甚麽人?自家又有㡬箇朋友,這都是徒然說道,看道理,不曽著自家身已知何㑹曉得?世上如此為學者多,只看為己底是如何,他直是苦切,事事都是自家合做底事,如此方可,不如此,定是不可。",N
Z062064,"敬而無失,則發而為惻隠、羞惡、辭遜、是非之情,自有條理而不亂。",N
Z062065,"如此體認,不知是否?""曰:""未湏說那敬而無失與未有區别及自有條理而不亂在。",N
Z062074,"盖敬是第二節事,而今便把来夹雜說,則鶻突了,愈難理㑹。",N
Z062080,"問先生答余國秀云:'須理㑹得其性情之徳曰:""須知那箇是仁義禮智之性,那箇是惻隠羞惡、恭敬、是非之情,始得。",N
Z062088,"古人禮儀,都是自少理㑹了,只如今人低躬唱喏,自然習慣。",N
Z062089,"今既不可考,而今人去理㑹合下,便别将做一個大頭項,又不道。",N
Z062090,"且理㑹切身處,直是要理㑹古人因革一副,當将許多精神,都枉耗了,元未切自家身已在。",N
Z062091,"""又曰:""只有《大學》,教人致知格物底,便是就這處理㑹,到意誠心正處,展開去,自然大。",N
Z062092,"若便要去理㑹甚造化?先将這心,弄得大了,少間都沒物事,說得滿。",N
Z062107,"若說這句未通,又引那句,終乆兩下,都理㑹不得。",N
Z062111,"盖太謹宻,則少間看道理,從那窮處去,更挿不入,不若且放下放開闊看。",N
Z062113,"許敬之侍教,屢與言不合曰:""學未曉理,亦無害;說經未得其意,亦無害。",N
Z062158,"戴明伯請教曰:""且将一件書,讀聖人之言,即聖人之心;聖人之心,即天下之理。",C
Z062159,"且逐段看,令分曉,一段分曉,又看一段,如此至一二十段,亦未解便見箇道理。",N
Z062160,"但如此心平氣定,不東馳西騖,則道理自逐旋分明,去得自家心上一病,便是一箇道理明也。",N
Z062163,"讀書切不可自謂理㑹得了,便理㑹得。",N
Z062164,且只做理㑹不得。,N
Z062165,"某見說不㑹底,便有長進,不長進者,多是自謂已理㑹得了底。",N
Z062175,"讀得書多,左牽右撰,横說直說,皆是此理。",C
Z062177,"沈叔晦不讀書不教人,只是所守者淺狭,只有些子道理,便守定了,亦不博之弊。",C
Z062183,"包顯道書来言:""自壬子九月一省之後,先生謂顯道曰:""人心存亡之決,只在出入息之間,豈有截自今日,今時便鬼亂,已後便悄悄之理?聖賢之學,是掯掯定定做,不知不覺,自然做得徹。",C
Z062192,"""曰:""周子、二程,說得道理如此,亦是上面諸公挪䟎将来。",C
Z062194,"及胡安定出,又教人作治事齋,理㑹政事,漸漸挪得近裏。",N
Z062195,"所以周、程發明道理出来,非一人之力也。",N
Z062199,"今學者有兩様意思,鈍底又不能得,他理㑹得到得意思快捷底,雖能當下曉得,然又恐其不牢固。",N
Z062200,"如龔、郯伯理㑹也快,但恐其不牢固。",N
Z062215,"只得隨處與人,說得識道理人多,亦是幸事。",N
Z062224,"先生看糊窓云:""有些子不齊整,便不是他道理。",N
Z062232,"若曉得義理,又皆記得,固是好,若曉文義不得,只背得少間不知不覺,自然相觸發,曉得這義理。",N
Z062254,"今欲理㑹這箇道理,是天下第一至大至難之事,乃不曾用得旬月工夫,熟讀得一卷書,只是泛然發問,臨時湊合,元不曾記得本文,及至問著,元不曾記得一段首尾。",N
Z062259,"若是好叢林,得一好長老,他直是朝夕汲汲不捨,所以無有不得之理。",N
Z062260,"今公等學道,此心安得似他?是此心元不曾有所用,逐日流蕩放逐,如無家之人,思量一件道理不透,便(颺)(去)/聲)棹放一壁,不能管得,三日五日,不知拈起,每日只是悠悠度日,説閒話逐物而已。",N
Z062265,"若是汲汲用功底人自别,他那得工夫?説閒話,精專懇切,無一時一息不在裏許,思量一件道理,直是思量得徹底透熟,無一毫不盡。",N
Z062266,"今公等思量這一件道理,思量到半間不界,便掉了,少間又㸔那一件,那件㸔不得,又掉了,又㸔那一件,如此沒世不濟事。",N
Z062267,"若真箇㸔得這一件道理,透入得這箇門路,以之推他道理,也只一般。",N
Z062271,"今公等千頭萬緒,不曾理㑹得一/箇透徹,所以東觧西摸,便無一箇入頭處。",N
Z062282,"須盡記得諸家説,方有箇襯簟處,這義理根脚方牢,這心也有殺泊處,心路只在這上走,久久自然曉得透熟。",N
Z062287,"取閒時將起思量,這一家説得那字是,那字不是;那一家説得那字不是,那字是,那家説得全是,那家説得全非,所以是者是如何,所以非者是如何?只管思量少間,這正當道理,自然光明燦爛,在心目間,如指諸掌。",N
Z062289,"所以這道理收拾他不住,自家也使他不動,他也不服,自家使相聚得一朝半日,又散去了,只是不熟這箇道理。",N
Z062302,"只縁一箇不熟,少間無一件事理㑹得精。",N
Z062305,"某煞有話,要與諸公説,只是覺次序未到,而今只是面前小小文義,尚如此理㑹不透,如何説得到?其他事?這箇事須是四方上下小大本末,一齊貫穿在這裏,一齊理㑹過,其操存踐履處,固是𦂳要不可間斷。",N
Z062306,"至於道理之大原,固要理㑹;纎悉委曲處也,要理㑹;制度文為處也,要理㑹;古今治亂處也,要理會精粗大小,無不當理㑹,四邊一齊合起功夫,無些鏬漏。",N
Z062320,"這物事須教㸔得精透後,一日千里始得,而今都只泛泛在那皮毛上理㑹,都不曾抓着那痒處,濟得甚事?做工夫一似穿井相似,穿到水處,自然流出來不住,而今都乾燥,只是心不在,不曾着心。",N
Z062323,"且如出十里外,既無家事吵,又無應接人客,正好提撕思量道理。",N
Z062329,"經正文,在心也争事,而今都只在那皮毛上理㑹盡,不曾抓着痒處。",N
Z062331,"""又云:""須是得這道理入心不忘了,然後時時以義理澆灌之,而今這種子,只在地面上,不曾入地裏去,都不曾與土氣相接著。",N
Z062334,"每日理㑹些小文義,都輕輕地拂過,不曾動得皮毛上。",N
Z062335,"這箇道理,規模大體靣闊,須是四靣去包括,方無走處。",N
Z062336,"今只從一靣去,又不曾着力,如何可得?且如曾㸃、漆雕開兩處,漆雕開事,言語少難理㑹。",N
Z062357,"今朋友着力理㑹文字,一日有一日工夫,然尚恐其理㑹得零碎,不見得周匝。",N
Z062361,"若諸友都只恁悠悠,終於無益,只要得大家盡心㸔得這道理,教分明透徹。",N
Z062362,"所謂道理也,只是將聖賢言語,體認本意,得其本意,則所言者便。",N
Z062363,"只此道理,一一理㑹,令十分透徹,無些鏬縫蔽塞,方始住。",N
Z062364,"每思以前諸先生盡心盡力,理㑹許多道理,當時亦各各親近師承,今㸔來各人,自是一説。",N
Z062366,"某今惟要諸公㸔得道理,分明透徹,無些小蔽塞。",N
Z062369,"先生痛言諸生工夫悠悠云:""今人做一件事,沒𦂳要底事,也着心去做,方始㑹成,如何悠悠㑹做得事?且如好寫字底人,念念在此,則所見之物,無非是寫字底道理。",N
Z062375,"如攻寨,須出萬死一生之計,攻破了關限始得,而今都打寨未破,只循寨外走道理,都咬不斷,何時得透?",N
Z062381,"惟公恁地循循黙黙,都理㑹公心下不得,這是幽冥暗弱,這是大病。",N
Z062394,"且如讀書,却不去子細考䆒義理,教極分明。",N
Z062407,"今來朋友相聚,都未見得大底道理,還且謾恁地逐段㸔,還要直截盡理會許多道理,教身上沒些子虧欠。",N
Z062408,"若只恁地逐段㸔,不理㑹大底道理,依前不濟事。",N
Z062409,"這大底道理,如曠闊底基址,須是開墾得這箇些,方始架造安排,有頓放處,見得大底道理,方有立脚安頓處。",N
Z062410,"若不見得大底道理,如人無箇居著,趂得百十錢歸來,也無頓放處。",N
Z062411,"况得明珠至寳,安頓在那裏?自家一身,都是許多道理,人人有許多道理。",N
Z062413,"須是理㑹了體認,教一一周足,畧欠缺些子不得。",N
Z062414,"須要緩心,直要理㑹教盡。",N
Z062415,"須是大作規模,闊開其基,廣闢其地,少間到逐處即㸔,逐處都有頓放處,日用之間,只在這許多道理裏面轉喫飯也在上面,上床也在上面,下床也在上面,脱衣服也在上面,更無些子空闕處。",N
Z062416,"堯、舜、禹、湯,也只是這道理。",N
Z062423,"若果切已立志,睡也不著,起來理㑹,所以發憤忘食,終日不食,終夜不寢去理㑹。",N
Z062425,又有一般人説此事難理㑹。,N
Z062426,"只恁地做,人自得譲,與他們自理㑹。",N
Z062429,"諸公數日㸔文字,但就文字上理㑹,不曾切已。",N
Z062430,"凡㸔文字,非是要理㑹文字,正要理㑹自家性分上事。",N
Z062438,"""今㸔文字,又理㑹理義不出,亦只緣主一工夫欠闕。",N
Z062443,"不疑其所當疑,故眼前合理㑹處,多蹉過;疑其所不當疑,故枉費了工夫。",N
Z062462,"此中人所問,大率如此,好理㑹處,不理㑹,不當理㑹處,却支離去説,説得全無意思。",N
Z062480,"若大著意思,反復熟㸔,那正當道理,自湧出來,不要將那小意智私見識去間亂。",C
Z062485,"如今未曾㸔得正當底道理出,便落草了,堕在一隅一角上,心都不活動。",C
Z062488,"天下道理,更有㡬多,若只如此㸔㡬時了得。",C
Z062491,"且㸔正當道理,教他活動,有長進處,方有所益。",N
Z062507,"某雖㸔至沒𦂳要底物事,亦須致疑,纔疑便須理㑹得徹頭。",N
Z062514,"不知道學問,是要理㑹箇甚麽?若是切已做工夫底,或有所疑,便當質之朋友,同共商量,須有一人識得破者,已是講得七八分,却到某面前商量,便易為力。",N
Z062521,"他不遷怒不貳過,他不曾自知道,不遷怒不貳過,他只見箇道理當如此易》曰:""君子以虚受人書》曰:""惟學遜志舊有某人來問事,略不虚心,一味氣盈色滿,當靣與他説,他不全聽得。",N
Z062522,"天下之理,有長有短,有大有小,當各随其義理,㸔某㸔得。",N
Z062523,"學者有箇病,於他人如此説處,又討箇義理,責其不如彼説;於其如彼説處,又責其不如此説。",N
Z062524,"因舉所執扇,反復為喻曰:""此扇兩邉,各有道理。",N
Z062525,"今學者待他人説此邉道理,便翻轉那一邉難之,及他説那一邉,却又翻轉這一邉難之。",N
Z062540,"如一項人,恁地不子細,固是不成道理。",N
Z062545,"龜山人只道恁地寛,㸔來不是寛,只是不解理會得,不能理㑹得。",N
Z062584,"""又曰:""如讀書,只是理㑹得便做去。",N
Z062585,"公却只管在這裏説道,如何理㑹?伊川云:'人所最可畏者,便做",N
Z062594,"若是真箇做工夫底人,他自是無閒工夫,説閒話、問閒事,聖人言語,有㡬多𦂳要,大節目,都不曾理㑹。",N
Z062644,"先生見學者觧説之際,或似張大,即語之曰:""説道理,不要大驚小恠。",N
Z062656,"或問《左傳》疑義》曰:""公不求之於六經語孟》之中,而用功於《左傳且《左傳》有甚麽道理?縱有能幾何?所謂'棄却甜桃樹,縁山摘酢梨,天之所賦於我者,如光明寳藏,不㑹收得,却上他人門,呌化一兩錢,豈不哀哉?只㸔聖人所説,無不是這箇大本。",N
Z062659,"人若能體察得,方見得聖賢所説道理,皆從自己胸襟流出,不假他求。",N
Z062660,"某向嘗見吕伯恭,愛與學者説《左傳某嘗戒之曰語孟》六經許多道理,不説恰限説這箇,縱那上有些零碎道理,濟得甚事?'伯恭不信。",N
Z062665,"若㸔得熟,於世間道理,沛然若決江河而下,莫之能禦矣。",N
Z062667,"見天下事,無大無小,無一名一件,不是此理之發見如此,方見得這箇道理渾淪周遍不偏枯,方見得所謂天命之謂性底全體。",A
Z062670,"浙中朋友一等底,只理㑹上靣道理,又只理㑹一箇空底物事,都無用,少間亦只是計較利害。",N
Z062671,"一等又只就下面理㑹事,眼前雖粗有用,又都零零碎碎了,少間只見得利害。",N
Z062672,"如横渠説釋氏有兩末之學,兩未兩頭也都是那中間事物轉闗處,都不理㑹。",N
Z062673,"賀孫問:""如何是轉闗處?""曰:""如致知格物,便是就事上理㑹道理。",N
Z062696,"如此事事物物,皆有箇道理,窮得十分盡,方是格物。",C
Z062703,"若是有志朴實頭讀書,從靠實些理會將去,所疑直是疑,亦有可荅。",N
Z062705,"冊子外一箇字,且莫兠攬來炒將來理明,却將已曉得者,去解得未曉者。",N
Z062731,"書固在外,讀之而通其義者,却自是裏靣事,如何都喚做外靣入來得?必欲盡捨《詩書》,而别求道理異端之説也。",N
Z062741,"今人才㸔這一件,又要㸔那一件,下梢都不曾理㑹得。",N
Z062759,"又不是大段費錢了,不能得他讀,只問人借將來讀,也得如何?一向只去讀時文,如何擔當箇秀才名目在身己上,既做秀才,未説道要他理㑹甚麽髙深道理?也須知得古聖賢所以垂世立教之意是如何,古今盛衰、存亡治亂事體是如何,從古來人物議論是如何?這許多眼前底,都全不識,如何做士人?須是識得許多,方始成得箇人。",N
Z062776,"今整日理㑹,一箇半箇字,有下落,猶未分曉,如何敢望他?他直是見得這道理,活潑潑地快活。",N
Z062779,"某常説這箇不難打疊,極未有要𦂳,不知别人如何?正當是裏靣工夫,極有細碎難理會處,要人打疊得。",N
Z062784,"所以這道理極難,要無所不用其力。",N
Z062831,"門人有與人交訟者,先生數責之云:""欲之甚,則昏蔽而忘義理;求之極,則争奪而至怨仇。",N
Z062857,"大有事,用理㑹在。",N
Z062859,"然力之所及,亦不敢不勉思量着,有萬千事,要理㑹在,自是不容己。",N
Z062861,"先生言:""日來多病,更無理㑹處,恐必不久於世。",N
Z062888,"伯恭説義理,太多傷巧,未免杜撰。",N
Z062895,"若不讀書窮理、主敬存心,而徒切切計較於昨非今是之間,恐亦勞而無補也。",N
Z062899,"且天下須有一箇是與不是,是處便是理,不是處便是咈理,如何不理㑹得?""",N
Z062906,"東萊聰明㸔,文理却不子細。",N
Z062908,據治字於理為是。,N
Z062924,"問東萊之學曰:""伯恭於史,分外子細,於經却不甚理㑹。",N
Z062947,"今求義理,不於六經,而反取踈畧淺陋之子。",N
Z062952,"若使孔子之言,有未是處也,只還他未是,如何硬穿鑿説木之?""又問《左氏傳》合如何?""㸔曰:""且看他記載事迹處,至如説道理,全不似《公榖要知左氏是箇曉事識利害底人,趨炎附勢。",N
Z062955,"大率《左傳》,只道得禍福利害底説話,於義理上,全然理㑹不得。",N
Z062958,"""又問:""此還是當時特故,撰出此等言語否?""曰:""有此理。",N
Z062962,"今浙中於此二書,極其推尊,是理㑹不得。",N
Z062965,"至韓退之喚做要説道理,又一向主於文詞。",N
Z062983,"伯恭又愛理㑹這處,其間多引忍恥之説,最害義。",N
Z062989,"伯恭㝷常議論,亦縁讀書多,肚裏有義理多,恰似念得條貫。",N
Z062990,"多底人要主張,一箇做好時,便自有許多道理,升之九天之上,要主張做不好時亦然。",N
Z062993,"伯恭《文鑑》有正編,其文理之佳者,有其文且如此,而衆人以為佳者;有其文雖不甚佳,而其人賢名㣲,恐其泯沒,亦編其一二篇者,有文雖不佳,而理可取者。",N
Z063032,"""見得古人説道理平實,不張皇而著實下手,随貴賤髙卑,皆有地位,非如後世此之為可,而彼之為不可,人有所不可為,道有所不可行也。",N
Z063035,"先生曰:""子約竟齎著許多鶻突道理去矣。",N
Z063060,"伊川發明道理之後,到得今日,浙中士君子,有一般議論,又費力,只是云不要矯激,遂至於凡事回互,揀一般偎風躱箭處,立地却笑人慷慨奮發,以為必䧟矯激之禍,此風更不可長。",N
Z063066,"光武是一箇讀書識道理底人,便去尊敬嚴子陵。",N
Z063077,大凡只看道理合做與不合耳。,N
Z063086,"若出仕,遇宦官縱横,如何畏禍不與他理㑹得。",N
Z063088,"若既要為大官,又要避禍,無此理。",N
Z063107,"是乃於穿鑿上,益加穿鑿,疑誤後學可學因問左氏識見如何?""曰:""左氏乃一箇趨利避害之人,要置身於穏地,而不識道理於大倫處皆錯。",N
Z063117,"此書自傳恵公元妃孟子》起,便沒理㑹。",N
Z063120,"陳君舉得書云:""更望以雅、頌之音,消鑠羣慝,章句訓詁,付之諸生,問他如何是雅、頌之音?今只有雅頌之辭在,更沒理㑹,又去那裏,討雅頌之音,便都只是瞞人。",N
Z063124,"他是理會不得,被衆人擁從,又不肯道我不識,又不得不説,説又不識,所以不肯索性開口道這箇是甚物事,又只恁鶻突了。",N
Z063126,"只是人理㑹他底不得,故見不得,然亦易見。",N
Z063127,"子静只是人未從他,便不説,及鈎致得來,便直是説,方始與你理㑹。",N
Z063129,"如《逰古山詩》,又何消説着?他?只是他稍理㑹得,便自要説,又説得不着。",N
Z063130,"如東坡子由見得箇道理,更不成道理,又却便開心見膽,説教人理㑹得。",N
Z063131,"又曰:""他那得似子静?子静却是見得箇道理,却成一部禪,他和禪識不得。",N
Z063142,"凡説道理,先大拍下,然欽夫後靣,却自有説,諸公却只學得那大拍頭。",N
Z063146,"我畢竟説從古聖賢已行底道理,不是為姦為盜,怕説與人,不知我説出,便有甚罪過。",N
Z063183,"器逺言:""鄉間諸先生所以要教人就事上理㑹教著實,縁是向時諸公,多是清談,終於敗事。",N
Z063190,"""曰:""陳先生要人就事上理會教實之意,盖怕下梢用處不足。",N
Z063191,"如司馬公居洛六稔,只理㑹得箇《通鑑》,到元祐出來做事,却有未盡處,所以激後來之禍。",N
Z063212,"若更加旌賞,却惹得後來許多羣小不服,今又都沒理㑹,怕道要做朋黨。",N
Z063221,"只如韋𤣥成傳廟議,渠自不理㑹得,却引《周禮守桃掌守先王、先公之廟祧注去先公之遷主,藏於后稷之廟,先王之遷主,藏於文、武之廟,遂謂周后稷别廟。",N
Z063253,"他只要理㑹得許多做刼盜底道理,待學他做。",N
Z063261,"嘗得一書來,言:""世間有一般魁偉底道理,自不亂於三綱五常。",N
Z063262,"""既説不亂三綱五常,又説别是箇魁偉底道理,却是箇甚麽物事?也是亂道,他不説破,只是籠統恁地説以謾人,及人理㑹得來,都無效驗時,他又説:""你是未曉到這裏,他自也曉不得。",N
Z063275,"問陸梭山《同異辨》曰:""若本有,却,如何掃蕩得;若本無,却如何建立得?他以佛氏亦曉得理,如既曉得理後,却將一箇空底物事,來,口頭説時,佛不到今日了。",N
Z063276,"他自見得一箇道理,只是空。",N
Z063277,"又日佛也只是理㑹這箇性,吾儒也只理㑹這箇性,只是他不認許多帶來底。",N
Z063321,"""先生曰:""此段若無程先生説,終無人理㑹得透㸔。",N
Z063322,"楊、謝諸説,如何是理㑹得?謝説更乖。",N
Z063325,"如諸公説,將體用一齊,都沒理㑹了。",N
Z063337,"若是一頓便理㑹得,亦豈不好?然非生知安行者,豈有此理?便是生知安行也,須用學。",N
Z063339,"盖能如此,則道理更在其中矣。",N
Z063361,"乾以易知,坤以簡能,是甚意思?如何只容易説過了?乾之體,健而不息,行而不難,故易,坤則順其理而不為故簡,不是容易苟簡也。",C
Z063367,"""先生又曰:""他之無意見,則是不理㑹理,只是胡撞將去。",N
Z063380,"今只理㑹除意見,安知除意見之心,又非所謂意見乎?",N
Z063387,"如禪家乾屎橛等語,其上更無意義,又不得别思義理,將此心都禁遏定乆乆忽自有明快處,方謂之得,此之謂失其本心,故下梢忿欲紛起,恣意猖獗,如劉淳叟軰所為,皆彼自謂不妨者也。",N
Z063393,"又有許多記問、經史典故,又自有許多鶻突學問義理,又戀著鶻突底禪,羣疑塞胸,都沒分曉,不自反躬窮䆒,只管上求下告,問他討禪,被他恣意相薄。",N
Z063403,"舜功云:""陸子静不喜人説性曰:'怕只是自理㑹,不曾分曉,怕人問難。",N
Z063409,"聖賢之教,無内外本末上下,今子静却要理㑹内不管外面却無此理,硬要轉聖賢之説為他説,寧若爾説,且作爾説,不可誣罔。",N
Z063417,"不立文字,也是省事,只是那書,也不是分外底物事,都是説我這道理,從頭理㑹過更好。",N
Z063426,"他應事,也只是杜撰,如何得合道理?""",N
Z063453,"如此却是吾儒與釋氏,同一箇道理。",N
Z063467,"且如一貫,只是萬理,一貫無内外本末、隠顯精粗,皆一以貫之。",C
Z063470,"(錄》云:""先生㸔正淳與金溪往復書云云,釋氏皆空之/下有曰:'學所以貴於&KR0688;書是要入細理㑹。",N
Z063496,"渠自説有見於理,到得做處,一向任私意做去,全不睹是人,同之則喜,異之則怒,至任喜怒胡亂,便打人罵人。",N
Z063502,"""又論説道理,恰似閩中販私鹽底,下靣是私鹽,上靣以鮝魚盖之,使人不覺。",N
Z063508,"因言讀書之法曰:""一句有一句道理,窮得一句,便得這一句道理。",N
Z063512,"(,豈有學聖人之道?臨了却反有失心者,是甚道理?吁!誤人誤人,可悲可痛。",N
Z063514,"今教公之法,只討聖賢之書,逐日逐段,分明理㑹,且降伏其心,遜志以求之,理㑹得一句,便一句理明,理㑹得一段,便一段義明。",N
Z063518,"公㸔此間,諸公每日做工夫,都是逐段逐句理㑹,如此乆之,須漸見些道理。",N
Z063521,"博學審問、謹思明辨,是理㑹甚事?公今莫問陸刪定如何,只認問取自己便了。",N
Z063549,"不知聖人當年領三千來人,積年累嵗,是理㑹甚麽?何故不説道才見得,便教他歸去,自理㑹便了。",N
Z063550,"子静如今也有許多人來從學,亦自長乆相聚,還理㑹箇甚麽?何故不教他自歸去理㑹,只消恁地便了。",N
Z063557,"少間只見得上靣許多道理切身要𦂳去處,不曾理會,而終亦不足以成已。",N
Z063558,"如那一項,却去許多零零碎碎上理㑹,事事要曉得這箇本是要成物,而不及於成已。",N
Z063565,"這箇中本無他,只是平日應事接物之間,每事理㑹,教盡教恰好,無一毫。",N
Z063569,"他却是實見得箇道理恁地,所以不怕天不怕地,一向胡呌胡喊。",N
Z063577,"若理㑹得這箇心了,都无事,後來説却不如此。",N
Z063579,"又曰:""浙中之學,一種只説道理底,又不似他實見得。",N
Z063582,"所以學者便要於此處理㑹,去其惡而全其善。",N
Z063584,"""又曰:""孟子更説甚性善與浩然之氣?孔子便全不説,便是怕人有走作,只教人克己復禮,到克盡己私,復還天理處,自是實見得這箇道理。",N
Z063594,"然他才見了,便發顛狂,豈肯下來做?若有這箇直截道理,聖人那裏教人恁地歩歩做上去?",N
Z063597,"大抵今人多是望風便罵將去,都不曾根䆒,到底見他不是,須子細推原,怎生不是始得?此便是窮理。",N
Z063602,"'先生曰:""此人言極有理。",N
Z063608,"子静謂:'先生教人,只是章句之學,都無箇脱洒道理。",N
Z063611,"自家平日是合當恁地,不當恁地,不是因他説自家行不掩言,方始去行掩其言,而今不欲窮理則己,若欲窮理,如何不在讀書講論?今學者有㡬箇理㑹得章句,也只是渾淪吞棗,終不成。",N
Z063615,"他是向一邊去,抝不轉了,又不信人言語,又怎奈何?他?自家只是理㑹自家是合當做。",N
Z063617,"只是教人就這上做工夫,做得到,便是道理。",N
Z063619,"今不做培飬工夫,如何窮得理?程子言:""動容貎整思慮,則自生敬,敬只是主一也,存此則自然天理明。",C
Z063621,"""此意但涵飬乆之,則天理自然明。",C
Z063622,"今不曾做得此工夫,胸中攪擾駁雜,如何窮得理?如它人不讀書,是不肯去窮理。",C
Z063623,"今要窮理,又無持敬工夫。",C
Z063625,"若肯去窮理,須窮得分明。",C
Z063628,"次日又言:""陸子静、楊敬仲有為己工夫,若肯窮理,當甚有可觀,惜其不改也。",N
Z063677,"伯豐問程子曰:""老子之言,竊弄闔闢者,何也?""曰:""如将欲取之,必固與之之類,是它亦窺得些道理,将來竊弄。",N
Z063678,"如所謂代大匠斵則傷手者,謂如人之惡者,不必自去治它自有别人,與它理㑹,只是占便宜,不肯自犯手做㽦。",N
Z063705,"問老子與鄉原如何?""曰:""老子是出人理之外,不好聲、不好色,又不做官。",N
Z063734,"荘周是箇大秀才,他都理㑹得,只是不把做事。",N
Z063739,"荘子跌蕩,老子収歛,齊脚歛手,荘子却将許多道理,掀飜說,不拘繩墨。",N
Z063756,"'以某觀之,不是矯時,只是不見實理,故不知禮樂刑政之所出,而欲去之。",C
Z063782,"如《佛經,本自逺方外國來,故語音差異,有許多差異字,人都理㑹不得。",N
Z063783,"他便撰許多符呪,千般萬様,教人理㑹不得,極是陋。",N
Z063784,"""蔡云:""道士有箇荘老在上,却不去理㑹。",N
Z063785,"""曰:""如今秀才,讀多少書,理㑹自家道理不出,他又那得心情去理㑹荘、老?""蔡云:""無人理㑹得老子通透大段,鼔動得人,恐非佛教之比。",N
Z063786,"""曰:""公道如何?""蔡云:""縁他帶治國平天下道理在。",N
Z063801,"""周傳》説似乎《荘子》,師於列子云:""先有作者如此,恐是指列子曰:""這自説道理,未必是師列子蔡問:""皆原於道德之意,是誰道德?""曰:""這道德,只自是他道德。",N
Z063810,"""曰:""道理只是這一箇道理。",N
Z063831,"""蔡云:""道理則《榖梁》及七八分。",N
Z063833,"儒教自開闢以來,二帝三王,述天理、順人心,治世教民,厚典庸禮之道,後世聖賢,遂著書立言,以示後世。",C
Z063881,"""曰:""從前理㑹此章不得。",N
Z063903,"甘叔懐説:""先生舊常謂老子也見得此箇道理,只是怕與事物交渉,故其言有曰:'豫兮若冬渉川,猶兮若畏四隣,儼若容廣因以質於先生曰:""老子説話,大抵如此,只是欲得退歩占姦,不要與事物接。",N
Z063908,"如今道家者流,又却都不理㑹得他意思。",N
Z063914,"他曾為柱下史,故禮自是理㑹得,所以與孔子説得如此好。",N
Z063925,"老子却説二生三,便是不理㑹得。",N
Z063954,"因論庖丁解牛一段,至恢恢乎其有餘刃曰:""理之得名以此,目中所見,無全牛熟。",C
Z063966,"若見不分曉,焉敢如此道?要之他病,我雖理㑹得,只是不做。",N
Z064048,"如今恰成箇巫祝,專只理㑹厭禳祈禱,這自經兩節變了。",N
Z064051,"道教最衰,儒教雖不甚振,然猶有學者,班班駮駮,説些義理。",N
Z064061,"論道家三清,今皆無理㑹。",N
Z064067,"今乃以𤣥武為真聖,而作真龜蛇於下,已無義理,而又增天蓬、天猷及翊聖真君作四聖,殊無義理。",N
Z064087,"宋景文説《楞嚴》,前面呪是他經,後面説道理處,是附㑹圓覺》前數叠,稍可看,後面一段淡如一段去,末後二十五定,輸與大誓語,可笑。",N
Z064105,"他既逃其父母,雖説得如何道理也?使不得如此,却自足以斷之矣。",N
Z064107,"如歐陽公只説箇禮法,程子又只説自家義理,皆不見他正贓,却是宋景文捉得他正贓。",N
Z064115,"今則文字極多,大概都是後來中國人,以荘·列説,自文夾揷其間,都沒理㑹了。",N
Z064118,"老子》説他一箇道理,甚縝宻。",N
Z064119,"老子之後有《列子》,亦未甚至,大段不好説列子》是鄭穆公時人,然穆公在孔子前,而《列子》中説孔子則不是鄭穆公時人,乃鄭頃公時人也列子》後有《荘子荘子》模倣《列子》,殊無道理,為他是戰國時人,便有縱横氣象,其文大段豪偉列子》序中説《老子列子》,言語多與佛經相類,覺得是如此。",N
Z064124,"而《清靜經》中,偷此句意思,却説無無亦無,只偷得他色即是空,却不曾理㑹得他受想、行識,亦復如是之意,全無道理。",N
Z064140,"此是齋戒之學一變,遂又説出這一般道理來。",N
Z064213,"如此便倫理自明,不是自家作為出來,皆是自然。",N
Z064231,"荘·老於義理絶滅猶未盡,佛則人倫已壊,至禅則又從頭将許多義理,掃滅無餘。",N
Z064236,"或問佛與荘、老不同處曰:""荘老絶滅,義理未盡,至佛則人倫滅盡,至禅則義理滅盡。",N
Z064237,"""(《方子録》云:""正卿問荘子/與佛所以不盡,曰荘子)(絶滅不盡佛絶滅盡,佛是人倫/滅盡,到禅家,義理都滅盡)佛初入中國,止説修行,未有許多禅底説話。",N
Z064240,"天下只是這道理,終是走不得。",C
Z064250,"他則不食肉、不茹葷,以至投身施虎,此是何理?",C
Z064252,"儒釋雖不同,畢竟只是一理。",C
Z064256,"吾儒心雖虚而理則實,若釋氏則一向歸空寂去了。",C
Z064262,"問儒釋之辨,莫只是虚實兩字上分别,曰:""未須理㑹。",N
Z064267,"若只説道我見箇空,而不知有箇實底道理,却做甚用得?譬如一淵清水,清冷徹底看來,一如無水相似。",C
Z064272,"吾以心與理為一,彼以心與理為二,亦非固欲如此,乃是見處不同。",C
Z064273,"彼見得心空而無理,此見得心雖空,而萬理咸備也。",C
Z064276,"儒者以理為不生不滅,釋氏以神識為不生不滅。",C
Z064280,"問:""先生以釋氏之説為空為無理,以空言,似不若無理二字,切中其病。",C
Z064281,"""曰:""惟其無理,是以為空。",C
Z064290,"""所謂近理者,指此等處否?""曰:""然。",U
Z064293,"曹問:""何以分别儒、釋差處?""曰:""只如説天命之謂性,釋氏便不識了,便遽説是空覺,吾儒説底是實理,看他便錯了。",C
Z064303,"恁地見得破,如何解説不通?又如實際理地,不受一塵,萬行叢中,不捨一法等語,這是他後來桀黠底,又撰出這一話來,倚傍吾儒道理,正所謂遁辭知其所窮。",N
Z064304,"且如人生一世間,須且理㑹切實處。",N
Z064306,"若不自㑹做主,更理㑹甚麽?然求所以識那切實處,則莫切於聖人之書。",N
Z064325,"今之禅家,皆破其説,以為有理路落窠臼,有礙,正當知見。",N
Z064326,"今之禅家,多是麻三斤、乾屎橛之説,謂之不落窠臼,不堕理路,妙喜之説,便是如此。",N
Z064331,"故學禅者,只是把一箇話頭去看,如何是佛,麻三斤之類,又都無義理,得穿鑿看來看去,工夫到時,&KR0008;似打一箇失落一般,便是參學事畢。",N
Z064334,"但他都無義理,只是箇空寂。",N
Z064335,"儒者之學,則有許多義理,若看得透徹,則可以貫事物,可以洞古今。",N
Z064336,"(廣○《士毅録》云:""釋氏云:'置之一處,無事不辦/此外别有何法?只是釋氏沒道理,自呀将去。",N
Z064349,然而須是理㑹旦晝之所為。,N
Z064359,"若如禅者所見,只看得箇主人翁便了,其動而不中理者,都不管矣。",N
Z064362,"主人翁處若如此惺惺,成甚道理?向曾覽《四家録》,有些説話,極好笑,亦可駭。",N
Z064369,"徐子融有枯稿有性無性之論,先生曰:""性只是理,有是物,斯有是理。",C
Z064374,"故上蔡云'佛氏所謂性正,聖人所謂心,佛氏所謂心正,聖人所謂意心只是該得這理。",C
Z064377,"聖人則視有視之理,聽有聽之理,言有言之理,動有動之理,思有思之理,如箕子所謂'明聰從恭睿'是也。",C
Z064404,"将見喜所不當喜,怒所不當怒,為所不當為,他只是直衝去,更不理㑹理。",N
Z064405,"吾儒必要理㑹,坐之理當如尸,立之理當如齊如頭,容便要直,所以釋氏無理。",N
Z064406,"知覺之理是性,所以當如此者,釋氏不知他,但知知覺沒這理,故孝也得,不孝也得。",C
Z064434,"儒者則全體中自有許多道理,各自有分别,有是非,降𠂻秉彛,無不各具此理。",C
Z064480,"凡遇事,先須識得箇邪正是非,盡掃私見,則至公之理自存大雅》云:""釋氏欲驅除物累,至不分善惡,皆欲掃盡""云。",C
Z064517,"不知陳了翁一生理㑹這箇是有甚麽好處,也不㑹厭,可惜極好底秀才,只恁地被它引去了。",N
Z064518,"""又曰:""其言旁引廣諭,説神説鬼,只是一箇天地萬物,皆具此理而已。",C
Z064537,"要之佛氏偏處,只是虚其理,理是實理,他却虚了,故於大本不立也。",C
Z064543,"""因檢《近思録》,有云:'佛有一箇覺之理,可言敬以直内矣。",C
Z064553,"楞嚴經》本只是呪語,後來房融添入許多道理説話。",N
Z064561,"因言:""後世被他佛法横入來,鬼神也沒理㑹了。",N
Z064590,"禅只是一箇呆守法,如麻三斤乾屎橛,他道理初不在這上,只是教他麻了心,只思量這一路,專一積久,忽有見處,便是悟。",N
Z064601,"""或曰:""不理㑹得,也是一事不了。",N
Z064604,"""曰:""所以伊川説佛氏之言近理,謂此類也。",N
Z064605,"它也㣲見得這意思,要籠絡這箇道理,只是它用處全差,所以都間斷相接不著。",N
Z064609,"'又自注云:'此義非仁義之義,乃理義之義甚好。",N
Z064611,"他雖説理義,何嘗夣見?其後杲老亦非之云:'理義之義,便是仁義之義,如何把虚空打做兩截?""",N
Z064643,"""先生曰:""它平日只理㑹,臨行一節,又却如此。",N
Z064659,"若如愛親之愛,渠便以為有縁,故父母棄而不飬,而遇虎之饑餓,則捨身以食之,此何義理耶?""",N
Z064670,"人生有一塊物事,包褁在裏,及其既死,此箇物事,又㑹去做張三,做了張三,又㑹做王二,便如人做官,做了這官,任滿,又去做别官,只是無這道理。",N
Z064744,"所以横渠有釋氏兩末之論,只説得兩邊末梢頭,中間真實道理,却不曾識。",N
Z064754,"且是省力,誰不悦而趨之?王介甫平生讀許多書,説許多道理,臨了捨宅為寺,却請兩箇僧來住持,也是被他笑。",N
Z064783,"先生顰蹙曰:'柰何棄人倫、滅天理至此?'某曰:""此僧乃其家之長子。",N
Z064791,"本朝歐陽公排佛,就禮法上論,二程就理上論,終不如宋景文公捉得正贓出。",N
Z064799,"它只要理㑹箇寂滅,不知須強要寂滅,它做甚?既寂滅後,却作何用?何况號為尊宿禅和者,亦何曾寂滅得?近世如宗杲做事,全不通㸃檢,喜怒更不中節。",N
Z064830,"佛以空為見,其見已錯,所以都錯義利,又何足以為辨?舊嘗參䆒後,頗疑其不是,及見李先生之言,初亦信未及,亦且背一壁放,且理㑹學問看如何?後年嵗間,漸見其非。",N
Z064848,"如王介甫大綱都不曾理㑹,却纎悉於細微之間,所以弊也。",N
Z064856,"被他辭直理順了,所以難取。",N
Z064860,(因説先世理平/公仕江南死事),N
Z064887,"問:""開寳九年,不待踰年而遂改元,何也?""曰:""這是開國之初,一時人材麄踈,理㑹不得。",N
Z064889,"才卿問:""秦、漢以下,無一人知講學明理,所以無善治?""曰:""然。",N
Z064905,"且如今有為人後者,一日所後之父與所生之父相對坐,其子來喚所後父為父,終不成,又喚所生父為父,這自是道理,不可試坐仁宗於此,亦坐濮王於此,使英宗過焉,終不成,都喚兩人為父,只縁衆人道是死後為鬼神不可考,胡亂呼都不妨,都不思道理,不可如此。",N
Z064945,"神宗理㑹得文字,極喜陳殿院文,嘗於太學中,取其程文閲之,每得則貯之錦囊中。",N
Z064957,"一旦講筵,説書,至乂用三徳發問云:""只是此三者,還更有這也,問得無情理。",N
Z065001,"徽宗大恐,遂招引到張㲄來,不柰何斬其首與金人,又作道理,分雪天祚之事,遂啓其輕侮之心。",N
Z065048,"張魏公在平江,湯東野作守,有傳云:""除書到,湯訪于魏公,公云:'可遣一識文理人,先去拆㸔。",N
Z065228,"""問:""岳侯若做事何如?""張、韓曰:""張、韓所不及,却是它識道理了。",N
Z065405,"今頃刻便退,君臣如何得同心理㑹事?六朝時,尚有對案畵勑之語,若有一案,猶使大臣,畧憑倚細説,如今公吏們呈文字相似,亦得子細。",N
Z065406,"又云:""直要理㑹事。",N
Z065410,"或一二月、或四五月,或一年或兩三年,如何得了?某在漳州,要理㑹某事,集諸同官商量,皆逡廵泛泛,無敢向前,如此㡬時得了。",N
Z065412,"少間若更有甚商量,亦只是就這上理㑹,寫得在這裏定了,便不到推延。",N
Z065450,"中書/自理㑹中書事,尚書自理㑹尚書事,門下自理)如有除授,則宰執同共議定,當筆宰執判過,授中書舍人做上去,再下中書,中書下門下,門下下尚書,書行,給舍繳駁,猶州郡行下事,須幕職官僉押,如有不是,得以論執。",N
Z065460,"只縁改官制時,初無斬新排到理㑹底説,故如此牽拖舊職,不成倫序。",N
Z065464,"這般所在,都沒理㑹。",N
Z065475,"秦檜妻封兩國,范伯達笑之曰:""一妻而為兩國夫人,是甚義理?""故京皆改随其夫號。",N
Z065511,"凡兵事則屬使院,民事則屬州院,刑獄則屬司理院,三者分屬,不相侵越。",N
Z065512,"司法專檢法,司户專掌倉庫,然司理既結獄,須推判官簽押,方為圓備,不然則不敢結斷。",N
Z065515,"司法、司理、司户三者,尚仍舊。",N
Z065519,"舊嘗疑州院即是司理院,後閲范文正公集》有云:""如使院、州院,宜併省歸一方知不然,因曉州院、使院之别。",N
Z065652,"》,後來勑令格式,罪皆太重不如律乾道淳熈新書》,更是雜亂,一時法官,不識制法本意,不合於理者甚多。",N
Z065653,"又或有是計囑,妄立條例者,如母已出嫁,欲賣産業,必須出母著押之類,此皆非理。",N
Z065783,"且如一箇范文正公,自做秀才時,便以天下為己任,無一事不理㑹過,一旦仁宗大用之,便做出許多事業。",N
Z065826,"但只是如此便了,於理未見,故不得中。",C
Z065839,"大抵前軰議論,麄而大,今日議論細而小,不可不理㑹。",N
Z065846,"若當時稍加信重,把二先生義理繼之,則可以一變,而乃為王氏所壊。",N
Z065855,"本朝孫石軰,忽然出來,發明一箇平正底道理自好。",N
Z065864,"嘉祐前軰如此厚重,胡安定於義理不分明,然是甚氣象?",N
Z065872,"安定胡先生,只據他所知,説得義理平正明白,無一些𤣥妙。",N
Z065887,"""曰:""亦有此理。",C
Z065907,"韓魏公、富鄭公皆言新法不便,韓公更能論列,上面不從,他也委曲作箇道理,著行他底。",N
Z065910,"今事有不便,但當如韓公論列,若不從,也須做道理減省了。",N
Z065933,"或曰:""恐無此理。",C
Z065943,"陳烈初年讀書,不理㑹,得又不記,因讀《孟子》求放心一段,遂謝絶人事,靜坐室中,數月後㸔文字,記性加數,倍,又聰明。",N
Z065950,"且如仁宗朝,是甚次第時節,國勢却如此緩弱,事多不理。",N
Z065954,"""又曰:""介甫變法,固有以召亂,後來又却不别去整理,一向放倒,亦無縁治安。",N
Z065975,"然天下之財,未嘗不足,特不知生財之道,無善理財之人,故常患其不足。",N
Z065977,"後來纔作参政第二日,便專措置理財,徧置囬易庫,以籠天下之利,謂《周禮》泉府之職,正是如此。",N
Z066001,"先生論荆公之學所以差者,以其見道理不透徹,因云:""洞視千古,無有見道理不透徹,而所説所行不差者。",N
Z066008,"因語荆公,陸子静云:""他當時不合於法度上理㑹。",N
Z066009,"""語之云:""法度如何不理㑹?只是他所理㑹,非三代法度。",N
Z066021,"'曰:'亦屢説孫兒,都未理㑹得。",N
Z066038,"'此只是把持他,元不曾就道理上理㑹,如何説得他倒?""",N
Z066039,"伯豐問《四明尊堯集》,曰:""只以討閙,却不於道理上理㑹。",N
Z066040,"盖它止是於利害上見得,於義理全踈。",N
Z066054,"字本來無許多義理,他要箇箇如此做出來,又要照顧得前後,要相貫通。",N
Z066067,"荆公後來所以全不用許多儒臣,也是各家都説得沒理㑹。",N
Z066068,"如東坡以前進説許多如均户口、較賦役、教戦守、定軍制、倡勇敢之類,是煞要出來,整理弊壊處。",N
Z066071,恁地都一齊沒理㑹始得。,N
Z066073,"當時於此合理㑹,如何得㑹破蕩?晁以道文集,有論役法處煞好。",N
Z066095,"近㸔《博古圖》,更不成文理,更不可理㑹,也是怪。",N
Z066113,"""因言:""本朝飬兵蠧國,更無人去源頭理㑹,只管從枝葉上去,添兵添將。",N
Z066120,"以某觀之,當時何不整理親軍?自是可用,却别創一軍,又增其費。",N
Z066125,"盖此是已成之事,初時人固有)(怨者,後來做得成,想人亦安之矣,却將來廢了,可惜/因言軍政,後來因事而添者甚多,添得新者,却不理)(㑹舊時有者,祖宗只有許多禁軍,散在諸州,謂之禁/軍者,乃天子所用之軍,不許他役,而今添得許多御)(前諸軍分屯了,故諸州舊有禁軍,皆不理㑹。",N
Z066172,"既有箇天下,兵須用練,弊須用革,事須用整頓,如何一切不為得?""又曰:""元祐諸賢,多是閉著門説道理底。",N
Z066180,"元祐特立一司名理訴所,令熈、豐間有所屈抑者,盡來雪理,此元祐人之過也。",N
Z066186,"范淳夫論治道處極善,到説義理處,却有未精。",N
Z066223,"渠不知輔導少主之理當如此,故伊川一向被他論列,是他見識只如此。",N
Z066228,"其本原,只在開導人主心術,使人主知不賞私恩、不罰私怨之理,則蔡何足慮?元城亦不是私意,只是言不當如此。",N
Z066301,"㸔來别無道理,只有箇是非,若不理㑹得是非分明,便不成人。",N
Z066305,"且要理㑹這箇,教明白,始得這箇是處,便即是道,便是所謂天命之謂性,率性之謂道。",N
Z066307,"做得是,便合道理,纔不是,便不合道理。",N
Z066311,"這箇道理,直是要分明細入於毫髮,更無些子夾雜。",N
Z066318,"問二蘓之學,得於佛、老,於這邉道理,元無見處,所以其説多走作曰:""㸔來只是不㑹子細讀書,它見佛家之説,直截簡易,驚動人耳目,所以都被引去。",N
Z066324,"二蘓所以主張箇一與中者,只是要恁含糊不分别,所以横説竪説,善作惡作,都不㑹道理也。",N
Z066403,"既是逝者如斯,如何不往?盈虗如代,如何不消長?既不往來、不消長,却是箇甚底物事?這箇道理,其來無盡,其往無窮。",C
Z066405,"既是往者如斯,盈虗者如代,便是這道理流行不已也。",A
Z066432,這道理只是一箇道理。,C
Z066436,"一語一黙,一動一静,一飲一食,皆有理,纔不是,便是違這理。",C
Z066442,"聖賢與衆人,皆具此理,衆人自不覺察耳。",C
Z066445,"""又曰:""萬理皆具於吾心,須就自家身已做工夫,方始應得萬理萬事。",C
Z066454,"盖聖人行事,皆是胸中天理,自然發出來,不可已者,不可勉强有為為之。",A
Z066530,"沙随之論,大槩要考細碎制度,不要人説義理,與致堂説皆相反。",N
Z066613,"了翁平生於取舍處,㸔得極分明,從此有入,凡作文,多好言此理。",N
Z066664,"""杲曰:""如此則相公在言路時,論他則甚?""張笑曰:""公便理㑹不得,只是後生死急要官做後如此。",N
Z066680,"京四次入相,後至盲廢,始終只用不患無財,患不能理財之説,其原自荆公。",N
Z066696,"金人初一畨退時,是甚時節?臺諫却别不曾理㑹得事,三五箇月,只反倒得京逐數百里,慢慢移去,結末方移儋州,及到潭州遂死。",N
Z066746,"若使有好人在上,收拾將去,豈不做好人?只縁時節不好,義理之心,不足以勝其利欲之心,遂由徑捷出,無所不至。",N
Z066782,"舊嘗作帥時,早間理㑹公事,飯後與屬官相見,皆要穿執如法,各人禀職事了,相與久坐,説話議論,又各随其人,問難教戒,所以鞭䇿者甚至,故有人為其屬者,無不有所知曉事。",N
Z066957,"'先生曰:'李丞相有大名,當時誰不追咎其不用,以至於此?'上意亦傾向之,潜善因而推之,背後却令顔岐言之,情理必是如此。",N
Z067056,"若幸而得至江,則諸將盡扼江上,責我以擅棄歸之罪,亦必盡殺我,決無可生之理。",N
Z067075,"且如好伊、洛之學,又不大段理㑹得,故皆為人以是欺之。",N
Z067085,"及至秦公,則百官凡有所禀白,更無酬酢/畧不可否,但付與吏人,少間更沒理㑹,此事便沉埋)(了如此,謂之秦/公勝趙公可乎?"")",N
Z067159,"""/便放下不問,雖公筵,亦只令去通判處理㑹。",N
Z067168,"先生曰:""秦相自為樞)(宻使,不理㑹事,及與趙公並相,一切聼其所為,皆富/直柔教之也。",N
Z067232,"""問張、趙二公優劣,曰:""若但論理㑹,在朝政,進退人才,趙公又較縝宻無疎失。",N
Z067238,"""(僴○《儒用錄》云:""或問:'趙忠簡公與魏公,材品如何?'/曰:""趙公於軍旅邊事上,不甚諳練,於國事人才上)(却理㑹得精宻,仍更持重。",N
Z067359,"""(儒用○《徳明錄》云:""秦相曾語胡和/仲云:'先丈議論固好,然行不得和)(仲問:""既是議論好,何故不可行?'秦云:'仲尼垂世立教,/且説箇道理如此,以示人如何?'便一一行得一日又)(語和仲云:'栁下恵降志辱身如何?'和仲對云:'降志辱/身,是下恵之和,未若彼夷、齊不降其志,不辱其身秦)(曰:'不然也。",N
Z067381,"/公既説好,如何行一句不得?'曰:'不特先丈文字如此)(聖賢議論,亦豈盡可行?只是且教世間人知得,有這/一般道理○又《燾錄》云或問信而好古曰而今人多)(不好古,皆是他不信因舉秦檜之嘗與胡和仲説如/先公觧《春秋》,儘好議論,只是无一句行得。",N
Z067528,"天下事,無不理㑹得,只是㐫惡可畏甚戚里。",N
Z067532,"黄豐知興化日,有人有一弟,因爭兄財不與,遂以其兄嘗編錄得胡銓上書言秦檜𦂳要》數語,告以為:""兄罵秦太師,官司亦以尋常,不曾為理㑹。",N
Z067534,"一日福州帥張某過其人,直訴之於帥,為有人罵太師,黄不為理㑹。",N
Z067535,"帥上其事於秦,即時攝取黄下大理,并其妻孥皆繫之。",N
Z067553,"韓徑使人守察院門云:""黄察院有公事未了,要去理㑹,秦見不是道理。",N
Z067557,"後其黨人欲為料理,其夫人自陳云:""妾有㡬子,林非是林遂貶何地?林死有子,今皆無祿,乃檜親孫也。",N
Z067587,"當時理㑹秦氏諸公,又宣諭止了。",N
Z067759,"或問:""胡邦衡在新州十七八年無恙?""先生曰:""天生天殺,道之理也。",C
Z067778,"大約用三載考績之法,一年一切了,今年年日日理㑹,官員磨勘。",N
Z067790,"汪聖錫不直潘子賤直前事云:""無緣聼得殿上語,向宜卿云:'吾當時之言,尹和靖某事,又為朱子發理㑹䘏典,子賤當時為吕居仁所賣。",N
Z067868,"才把害對利,便事事上只見得利害,更不問義理。",N
Z067898,"汪季路甚子細,但為人性太寛,理㑹事不能得了。",N
Z067916,"'人㸔時,都理㑹不得。",N
Z067928,"龔實之多讀書,知前軰大體,頗識義理,又有才,做得去,亦有文,小官時甚好。",N
Z067939,"此一著,是甚小事?直卿云:""人日日常将理義夹持个身心,庶幾遇事住不得。",N
Z067969,"近世如汪端眀,專理㑹民,如辛幼安,却是專理會兵,不管民。",N
Z067970,"他這理㑹兵時下便要驅以塞海,其勢可畏。",N
Z067986,"某嘗謂凡事都分做兩邉,是底放一邉,非底放一邉,是底是天理,非底是人欲,是即守而勿失,非即去而勿留,此治一身之法也。",C
Z068004,"修身養性與致君澤民,只是一理。",C
Z068016,"趙子直奉命将入蜀,請於先生曰:""某将入蜀,蜀中亦無事可理㑹意欲請於朝,得㳂淮差遣,庻可理㑹。",N
Z068058,"讀《論語》,便徹頭徹尾理㑹《論語》,讀《孟子》,便徹頭徹尾理㑹《孟子其他書皆然。",N
Z068086,"彪居正徳美記得無限《史記》,只是不肯說,只要說一般無巴鼻底道理。",N
Z068090,"其說道理如此,然口嘵嘵不肯已。",N
Z068130,"逵既至行在,歸罪于二人理官。",N
Z068189,"或問:""范文正公經理西事,㸔得多是收拾人才?""曰:""然。",N
Z068196,"其後却只務經理内地,養威持重,專行淺攻之䇿,以為得寸則吾之寸,得尺則吾之尺卒以此牽制夏人,遣使請和。",N
Z068401,"又况齊桓公率諸侯尊周室,以義而舉,莊公雖欲不赴其盟㑹,豈可得哉?事又當權箇時勢、義理輕重。",N
Z068420,"如此則是報君,豈有此理?""曰:""疏家胡説,豈有此理?""又引伍子胥事説,聖人是之曰:""聖人何嘗有明文?是子胥来?今之為《春秋》者,都是如此胡問疏又引子思曰:'今之君子退人,若將墜諸淵,毋為戎首,不亦善乎?'言當執之,但勿為兵首,從人以殺之可也。",N
Z068424,"恢復之計,須是自家喫得些辛苦,少做十年,或二十年,多做三十年,豈有安坐無事,而大功自致之理哉?",N
Z068426,"不知古人不戰不和之間,亦有箇且硬相守底道理,却一面自作措置,亦如何便侵軼得我?今五六十年間,只以和為可靠,兵又不曾練得財,又不曾蓄得説恢復底,都是亂説耳。",N
Z068464,"䖏如七國之反史記》所載甚踈略,却都是漢道理。",N
Z068466,"班固如載文帝建儲詔云:""楚王,季父也春秋》髙閲天下之義理多矣,明於國家之大體。",N
Z068558,"""因論章惇言温公義理不透曰:""温公大䖏,占得多章,小黠何足以知大䖏?""",N
Z068584,"只是踈多不入理,終守臣節。",N
Z068588,"問:""歐陽以除隋之亂,比迹湯、武致治之美,庶幾成、康賛之,無乃太過?""曰:""只為歐公一軰人,尋常亦不曾理㑹本領䖏,故其言如此。",N
Z068597,"孫之翰唐論精練,説利害如身,䖏親歴之,但理不及《唐鑑》耳。",N
Z068632,"問:""揚、管仲、子産如何?揚謂:""管仲全是功利,心不好,子産較近道理。",N
Z068649,因論寗武子義剛言《春秋》時識義理者多。,N
Z068650,"""曰:""也是那時多世臣,君臣之分宻,其情自不能相舍,非是皆曉義理。",N
Z068657,"鬻拳只是箇粗豪人,其意則忠,而其事皆非理,不足言也。",N
Z068767,"""先生曰:""鞅又如何理㑹得帝王之道?但是大拍頭去揮那孝公耳。",N
Z068781,""")(那帝王底道理,遂除去了。",N
Z068871,"伯豐因問善家令言尊太公事曰:""此等處,髙祖自是理㑹不得。",N
Z068884,"如髙祖猶少,如唐夷狄来附者,皆賜姓,道理也是不是。",N
Z068924,"伯豐問:""四皓是如何人品?""曰:""是時人材,都沒理㑹,學術權謀,混為一區。",N
Z068959,"如諸侯為天子,大夫為諸侯,乃畿内之民,服之於天下吏民,無三年服道理,必不可行此制。",N
Z069021,"他若知得此,豈無脩文徳以來道理?又如討西域,初一番去不透,又再去,只是要得一馬,此是甚氣力?若移來就這邊做,豈不可?末年海内虗耗,去秦始皇無㡬,若不得霍光收拾,成甚麽輪臺之悔?亦是天資高,方如此。",N
Z069045,"漢儒初不要窮究義理,但是㑹讀記得多,便是學。",N
Z069057,"使太甲終不明,伊尹如之何?""曰:""亦有道理。",N
Z069099,"古人年三十時,都理㑹得了,便受用行将去。",N
Z069109,"漢儒專以災異、䜟緯與夫風角、鳥占之類為内學,如徐孺子之徒多能,此反以義理之學為外學。",N
Z069196,"若以比王仲淹,則不以其細宻,他却事事理㑹過来。",N
Z069225,"伯豐問:""聖人處此,合如何?""曰:""亦須别有箇道理。",N
Z069249,"當時只先主在内,孔明在外,如何?""曰:""正當經理,西向宛洛,孔明如何可出?此特闗畧恃才踈侯,自取其敗。",N
Z069252,"古人做事,須有道理,須先立些根本。",N
Z069263,"渡瀘,是先理㑹南方許多去處。",N
Z069264,"若不先理㑹許多去處,到向北去,終是被他在後,乗間作撓。",N
Z069265,"既理㑹得了,非惟不被他来撓,又却得他兵衆来使。",N
Z069269,"孔明極是子細者,亦恐是當時經理王業之急,有不暇及此。",N
Z069311,"大凢有兵,須有陳,不成有許多兵馬相戰鬭,只衮作一團,又只排作一行,必須左右前後歩伍行陣,各有條理方得。",N
Z069336,"""蔡云:""這是箇道理。",N
Z069338,"這見得八陣之法,有以寡敵衆之理。",N
Z069373,"""又問:""孔子惡鄉原,如老子,可謂鄉原否?""曰:""老子不似鄉原,鄉原却尚在倫理中行。",N
Z069374,那老子却是出倫理之外。,N
Z069375,"它自處得雖甚卑,不好聲、不好色,又不要官做,然其心却是出于倫理之外,其説煞害事。",N
Z069376,"如鄉原便却只是箇無見識底好人,未害倫理在。",N
Z069377,"&KR1180;安之待桓温,本無䇿,温之来,廢了一君,幸而要討九錫,要理資序未至大甚,猶是半和秀才。",N
Z069398,"今人論理,只要包合一箇渾淪底意思,雖是直截両物,亦湏衮合説正,不必如此。",N
Z069399,"世間事,雖千頭萬緒,其實只一箇道理,理一分殊之謂也。",C
Z069400,"到感通處,自然首尾相應,或自此彂出而感於外,或自外来而感於我,皆一理也。",C
Z069401,"淵明所説者荘、老,然辭却簡古,堯夫辭極卑,道理却宻。",N
Z069433,"因論唐事,先生曰:""唐待諸國降王,不合道理。",N
Z069434,"竇建徳所行,亦合理,忽然而亾,不可曉。",N
Z069438,"至殺蕭銑,則大無理。",N
Z069452,"尉遲敬徳着甲持刄,見髙祖,髙祖在一處泛舟,程可乆謂:""既許明早理㑹,又却去泛舟,此處有闕文,或為隠諱。",N
Z069453,"""先生曰:""此定是添入此一段,與前後無情理,太宗決不曽奏。",N
Z069466,"又建成乃欲立功,盖之如𤣥宗誅韋氏有功,睿宗欲立宋王成器,宋王成器便理㑹得事,堅不受。",N
Z069470,"因問太宗殺建成事及王魏教太子立功結君後,又不能死難,曰:""只為秪見得功利,全不知以義理處之。",N
Z069481,"竊恐立其子而殺其母,未為穩否?""曰:""這般處,便是難理㑹處。",N
Z069487,"是時承乾亦有子在,若率然妄舉,失人心做不行,又事多㸔道理,未須便将此様難處来䦨。",N
Z069488,"㫁了須要通其他,更有好理㑹處,事事通透後,此様處亦易。",N
Z069497,"帝剛愎不明理,不納人言。",N
Z069499,"若使他理自不明,胸中無所見,則何以知裴公之可任?若只就㫁字上㸔,而遺其左右前後,殊不濟事。",N
Z069510,"㸔這人極㑹,議論事理,委曲說盡,更無渗漏。",N
Z069520,"是他都理㑹来,此便是經濟之學。",N
Z069522,"豈無聖經賢傳,可以玩索,可以討論,終不成和,這箇也不得理㑹。",N
Z069549,"問《理道要訣》,曰:""是一箇非古是今之書。",N
Z069550,"""(《理道要訣》亦是杜佑書,是/一箇《通典節要  方子》)",N
Z069558,盖縁都曉得許多道理故也。,N
Z069564,"今人鄉一邊便不對,那一邊才理㑹征伐,便將禮樂做閒慢了。",N
Z069583,"孔叢子》鄙陋之甚,理既無足取,而詞亦不足觀。",N
Z069598,"國語》文字,多有重疊,無義理䖏。",N
Z069622,"㩀其心下汙濁紛擾如此,如何理㑹得荘、老底意思?""",N
Z069627,"""先生曰:""不須理㑹荀卿,且理㑹孟子性善,渠分明不識道理。",N
Z069633,"今且於自已上作工夫,立得本,本立則條理分明,不待辨。",N
Z069658,"自身命也,奈何不下,如何理㑹得别事?""如《法言》一卷,議論不明快不了決。",N
Z069664,")詩》則欲取曹、劉、沈、謝者為《續詩》,續得這般詩書,發明得箇甚麽道理?自漢以来,詔令之稍可觀者,不過數箇。",N
Z069675,"荀卿著書立說,何嘗教人焚書坑儒?只是觀它無所顧藉,敢為異論,則其末流便有坑焚之理。",N
Z069683,"若是子細讀書,知聖人所説義理之無窮。",N
Z069694,"賈誼之學雜他本是戰國縦横之學,只是較近道理,不至如儀、秦、蔡、范之甚爾。",N
Z069695,"他於這邊道理,見得分數稍多,所以説得較好,然終是有縦横之習,縁他根脚,只是從戰國中来故也。",N
Z069701,"他那斤両輕重自定,你如何文飾得?如《續詩續書元經》之作,盡要學箇孔子,重做一箇三代,如何做得?如《續書》要載漢以来詔令,他那詔令便載得,發明得甚麽義理,發明得甚麽政事?只有髙帝時三詔令稍好,然已不純。",N
Z069703,"三代之書誥、詔令,皆是根源學問,發眀義理,所以燦然可為後世法。",N
Z069706,"如揚雄《太𤣥法言》亦然,不知怎生比並?某嘗説自孔、孟滅後,諸儒不子細讀得聖人之書,曉得聖人之㫖,只是自説他一副當道理,説得却也好。",N
Z069707,"㸔只是非聖人之意,硬将聖人經㫖,説從他道理上来孟子》説""以意逆志""者,以自家之意,逆聖人之志如人。",N
Z069711,"又教它莫要做聲,待我與你説道理。",N
Z069713,"他本要自説他一様道理,又恐不見信於人,偶然窺見聖人説䖏,與己意合,便從頭如此解将去,更不子細虗心㸔聖人所説是如何?正如人販私鹽、擔私貨,恐人捉他,須用求得官員一両封書,并掩頭行引,方敢過場務,偷免税錢。",N
Z069746,"如古人明徳、新民、至善等䖏,皆不理㑹,却要鬭合漢、魏以下之事,整頓為法,這便是低䖏。",N
Z069750,"又檢李泰伯集》,先生因言:""文中有志於天下,亦識得三代制度,較之房、魏諸公文,稍有些本領,只本原上工夫,都不曾理㑹。",N
Z069763,"文公見得大意已分明,但不曾去子細理㑹,如原道之類,不易得也。",N
Z069765,"然而如太𤣥之類,亦是拙底工夫,道理不是如此。",N
Z069767,"又且有氣而無朔,有日星而無月,恐不是道理。",N
Z069768,"亦如孟子既説性善,荀子既説性惡,他無可得説,只得説箇善惡,混若有箇三底道理。",N
Z069770,"㸔他裡面推得辛苦,却就上面説些道理,亦不透徹㸔来。",N
Z069804,然亦非它真見得這道理。,N
Z069806,"性者生之理,氣者生之質,已有形状。",C
Z069808,"只當云:'性者,生之理也;氣者,生之質也。",C
Z069838,"劉淳叟問:""漢儒何以溺心訓詁而不及理?""曰:""漢初諸儒,專治訓詁,如教人,亦只言某字訓某字,自尋義理而已。",N
Z069850,"問揚子避碍通諸理之説,是否?""曰:""大槩也似只是言語有病。",N
Z069852,"少間䖏事,不㸔道理,當如何?便先有箇依違閃避之心矣。",N
Z069853,"學之為王者事,不與上文属,只是言人君不可不學底道理。",N
Z069891,"昨日見温公解得《揚子載魄没理㑹,因疑其解《老子》,亦必曉不得,及㸔果然。",N
Z069898,"温公全不理㑹修養之學,所以不曉。",N
Z069899,"潁濵一生去理㑹修養之術,以今觀之,全曉不得,都説錯了。",N
Z069924,"徐問文中子好䖏與不好䖏曰:""見得道理透後,從髙視下,一目瞭然。",N
Z069947,如云晁、董、公孫之對㩀道理㸔只有董仲舒為得。,N
Z069965,"盖諸人更無一語及其師人,以為王通與長孫無忌不足,故諸人懼無忌而不敢言,亦無此理。",N
Z069974,"及一訪之,見其著述,大率多類《麻衣文體,其言險側輕佻,不合道理。",N
Z069975,"又嘗見一書,名曰《子華子》,説天地隂陽,亦説義理人事,皆支離妄作。",N
Z069992,"""問他只縁以《元經》帝魏生此説,曰:""便是它大本領䖏不曽理㑹,縦有一二言語可取,但偶然耳。",N
Z070042,"仁義两句,皆将用做體㸔,事之合冝者為義,仁者,愛之理。",C
Z070048,"""因言:""惟是《孟子説義理,説得来精細明白,活潑潑地,如荀子空説許多,使人㸔著,如喫糙米飯相似。",N
Z070068,"至問孟子謂'楊、墨之道不息,孔子之道不著韓文公推尊孟氏闢楊、墨之功,以為不在禹下,而讀《墨》一篇,却謂孔子必用墨子,墨子必用孔子者,何也?""曰:""韓文公第一義,是去學文字,第二義,方去窮究道理,所以㸔得不親切。",N
Z070082,"及貶潮州,寂寥無人共吟詩,無人共飲酒,又無人共博戯,見一箇僧説道理,便為之動。",N
Z070095,"然士大夫未甚理㑹,做工夫。",N
Z070098,"又曰:""亦有一般人,已做得工夫,道理上已有所見,只它些小近似䖏,不知只是近似,便把做一般,這裏才一失脚,便䧟他裏面去了。",N
Z070109,"其言實能外形骸,以理自勝,不為事物侵亂,此是退之死欵。",A
Z070118,"""杜元凱云:""優而㳺之,使自求之;饜而飫之,使自趨之,若江海之浸、膏澤之潤,渙然氷釋,怡然理順,然後為得也。",C
Z070132,"浩曰:""唐時莫是李翺最識道理否?""曰:""也只是從佛中来。",N
Z070135,"至説道理,却類佛。",N
Z070142,"縁他不曾去窮理,只是學作文,所以如此。",N
Z070145,"韓退之及歐、蘇諸公議論,不過是主於文詞,少間却是邊頭𢃄説得些道理,其本意終自可見。",N
Z070223,"後世賜姓,殊無義理。",N
Z070232,"'切恐諡本氏字,先儒隨他錯處解将去,義理不通。",N
Z070242,"諸侯以字為諡,只是氏字傳冩之訛,遂以氏字為諡,無義理。",N
Z070249,"同異之理,如同姓本親以下去漸踈,異姓本踈,他日婚姻却又親,此隂陽相函之理也,亦萬物聚㪚之理也。",C
Z070251,"看來嫡庶之别,須畧有等降,乃為合理。",N
Z070278,"四方蠻夷,都不曉人事,那裏人却理㑹得般道理,恁地便是那裏人也大故嶢崎,不知是怎生後恁地。",N
Z070279,"㩁場中有文字,賣説中原所在山川、地理、州縣、邸店甚詳,中亦雜以金人官制。",N
Z070331,但論其理則相通。,C
Z070336,"才有此事,得人去理㑹便了。",N
Z070368,"盖古人以玉幣,後來易以錢,至𤣥宗惑於王璵之説,而鬼神事繁,無許多錢來理得。",N
Z070369,"璵作紙錢易之文字,便是難理㑹。",N
Z070426,"神殺之類,亦只是五行旺衰之氣,推亦有此理,但是後人推得小了,太拘忌耳。",C
Z070465,"或言某人輕財好義,先生曰:""以何道理之而義乎?""",N
Z070475,"賢者順理而安行,智者知機而固守。",C
Z070482,"""問:""當時合如何處置?""方善曰:""只得告監司,理㑹賑濟,不從則力爭,又不從則投劾而去。",N
Z070537,"如始於憂勤,終於逸樂,理而後和。",C
Z070539,"又如家人嗃嗃,悔厲吉,婦子嘻嘻,終吝都是此理。",C
Z070567,"裏面有一片大石,有一石門,入去㳂溪到那石上,有陳理常居太學,聞此地好,齎少餅,徑入去石上坐,飢甚則吃少許餅,乆後吃盡了,飢不柰何。",N
Z070619,"他更不問義理之是非,但有出處,便說好。",N
Z070642,"然平子之意,又却理㑹,風角鳥占,何愈扵䜟、緯?陵夷至扵三國、兩晉,則文氣日卑矣。",N
Z070680,"横渠云:'發明道理,惟命字難。",N
Z070688,"人到五十嵗,不是理㑹文章時節,前面事多,日子少了。",N
Z070692,"有人後生氣盛時,說盡萬千道理,晚年只恁地闒靸底。",N
Z070697,"""(其說雖麄,/似有理。",N
Z070703,"盖他向来,便是硬自執他說,而今又是将這一説來罩,正是未理㑹得在。",N
Z070723,"退之要說道理,又要雜劇。",N
Z070730,"然唐又封臯陶為帝,又尊老子為祖,更無理㑹。",N
Z070735,"且封建,自古便有聖人,但因自然之理勢而封之,乃見聖人之公心。",C
Z070739,"不知所謂勢者,乃自然之理勢,非不得已之勢也。",C
Z070742,"且如今日蠻洞,能有幾大?若不循理,朝廷亦無如之何。",C
Z070756,"以地理考之,大段闊。",N
Z070768,"或問伯夷頌》萬世標準與特立獨行,雖足以明君臣之大義,適權通變,又當循夫理之當然者也。",C
Z070781,"人多要出脫,退之也不消得,恐亦有此理也。",C
Z070786,"人多説道被大顛說下了,亦有此理。",C
Z070787,"是文公不曾理㑹他病痛,被他纔説得髙,便道是好了。",N
Z070793,"這文皆是從道中流出,豈有文反能貫道之理?文是文,道是道。",N
Z070821,"又云:""今人學文者,何曾作得一篇?枉費了許多氣力?大意主乎學問以明理,則自然發為好文章。",N
Z070868,"(《饒録》云:""有數十字序,滁州之山,忽/大圈了,一邊注環滁皆山也一句),如尋常不經思慮,信意所作,言語亦有絶不成文理者,不知如何?""",N
Z070870,"歐公文章及三蘇文好處,只是平易說道理,初不曾使差異底字,換却那尋常底字。",N
Z070871,"文字到歐、曾、蘇,道理到二、程,方是暢荆公文暗。",N
Z070897,"因言文士之失曰:""今曉得義理底人,少間被物慾激搏,猶自一强一弱,一勝一負,如文章之士,下梢頭都靠不得。",N
Z070903,"如東坡一生讀盡天下書,說無限道理。",N
Z070906,"其他人無知,如此說,尚不妨,你平日自視為如何?說盡道理,却說出這般話,是可怪否?觀扵海者,難為水;㳺扵聖人之門者,難為言。",N
Z070908,"問坡文不可以道理并全篇㸔,但當㸔其大者。",N
Z070915,"""揚曰:""不可以道理㸔他,然二碑筆健。",N
Z070937,"東坡《歐陽公文集叙》,只恁地文章儘好,但要說道理,便㸔不得,首尾皆不相應,起頭甚麽様大?末後却說詩賦似李白,記事似司馬遷。",N
Z070939,"""道夫問:""不知既說誠,何故又說一?""曰:""這便是他㸔道理不破處。",N
Z070963,"或問:""蘇子由之文,比東坡稍近理否?""曰:""亦有甚道理?但其說利害處,東坡文字較明白,子由文字,不甚分曉,要之學術只一般。",N
Z070984,"他初亦只是學為文,却因學文,漸見些子道理,故文字依傍道理,做不為空言,只是闗鍵𦂳要處也。",N
Z070986,"但比之東坡,則較質而近理,東坡則華艶處多。",N
Z071026,"陳㡬道《存誠齊銘》,某初得之,見其都是好義理堆積,更看不辦。",N
Z071053,"某如今看来,惟是聦明底人,難讀書,難理㑹道理。",N
Z071055,"因說陳叔向是白撰一箇道理,某嘗說教他據自底所見,恁地說也無害。",N
Z071076,"大抵專務節字,更易新好生面辭語,至說義理處,又不肯分曉。",N
Z071078,"若其義理精奧,䖏人所未曉,自是其所見未到耳。",N
Z071093,"向来前軰,雖是作時文,亦是朴實)(頭鋪事實,朴實頭引援,朴實頭,道理㸔著,雖不入眼/却有骨氣。",N
Z071099,"本來合當理㑹底事,全不理㑹直)",N
Z071110,"縁他都是因作文,却漸漸說上道理來,不是先理㑹得道理了,方作文,所以大本都差。",N
Z071116,"詩筆雜文,不須理㑹,科舉是無可奈何。",N
Z071118,"一日說作文曰:""不必著意學如此文章,但須明理,理精後,文字自典實。",N
Z071121,"問要㸔文,以資筆勢,言語須要助發義理。",N
Z071130,"因論文曰:""作文字,須是靠實,說得有條理乃好,不可架空細巧。",N
Z071132,"如歐公文字好者,只是靠實而有條理,如張承業及宦者等傳,自然好。",N
Z071135,"文章要理㑹本領,。",N
Z071136,"前軰作者多,讀書亦随所見理㑹。",N
Z071148,"""又曰:""要做好文字,須是理㑹道理,更可以去韓文上一截,如西漢文字用工。",N
Z071149,"""問《史記》如何?""曰史記》不可學,學不成,却顛了,不如且理㑹法度文字。",N
Z071188,"因論今卋士大夫,好作文字,論古今利害,比並為説曰:""不必如此,只要明義理。",N
Z071189,"義理明則利害自明,古今天下,只是此理。",C
Z071190,"所以今人做事,多暗與古人合者,只為理一故也。",C
Z071251,"東坡晚年詩固好,只文字也多是信筆胡説,全不㸔道理。",N
Z071355,"""如此等作甚好文鑑》上却不收,不知如何正道理不取,只要巧。",N
Z071364,"(前謂荆公,/後謂伊川)先生曰:""此詩固好,然也須與他分一箇是非,始得天下之理。",C
Z071420,"近世諸公作詩費工夫,要何用?元祐時有無限事合理㑹,諸公却盡日唱和而已。",N
Z071428,"是他心虚理明,所以做得来精。",N
Z071432,"因林擇之論趙昌父詩曰:""今人不去講義理,只去學詩文,已落第二義。",N
Z071457,"""曰:""此亦非自撰出,自是理如此。",C
Z071458,"如心性等字,未有時,如何撰得?只是有此理自流出。",A
Z071487,韻書難理㑹。,N
Z071494,"盖是風氣之中,有自然之理,便有自然之字,非人力所能安排。",C
Z071506,"山谷不甚理㑹得字,故所論皆虚;来者理㑹得,故所論皆實。",N
Z071507,"嘉祐前前輩,如此厚重,胡安定於義理不分明,然是甚氣象?",N
Z071526,"""曰:""他也却説道理,但到做處,亦與少游不争多。",N
Z071541,"如《理性命章者,煞不可理㑹。",N
Z071542,"盖厥彰厥微,匪靈弗瑩是説理;剛善剛悪,柔亦如之,中焉止矣是説性。",N
Z071548,"又如《疑孟辨》,别自做出一様文字,温公疑得固自不是,但他箇更無理㑹。",N
Z071565,"某却又討得箇大似五峯者與他説,只是以他家人自與之辨,極好道理。",N
Z071568,"人心之動,變態不一,所謂五分天理、五分人欲""者,特以其善惡交戰而言爾。",C
Z071569,"有先發於天理者,有先發於人欲者,盖不可以一端盡也。",C
Z071571,"具形氣謂之人,合義理謂之道,有知覺謂之心。",C
Z071573,"若動於義理,則豈得謂之危乎?",C
Z071582,"忠信、進徳終日以下,是説此一理,後言形氣今古人我皆一統,神如在上在左右是道體徧滿。",C
Z071583,"誠字,是實理如此。",C
Z071593,"(意則循天之/理,自然周流)",A
Z071627,"問:""應務不煩,是如何?""曰:""閒時不曽理㑹得,臨時旋理㑹則煩。",N
Z071628,"若豫先理㑹得,則臨時事来,便從自家理㑹得處,理㑹将去。",N
Z071629,"如理㑹得禮,則禮到面前,便理㑹得;如理㑹得樂,則樂到面前,便理㑹得,更不煩也。",N
Z071631,"先生曰:""自家理㑹得這道理,使天下之人,皆理㑹得這道理,豈不是樂?""",N
Z071633,"先生云:""氣不從處,乃是天理人欲交戰處也。",C
